    "Time(sec)"   ,    "rms[A_P]"    ,    "rms[A_U]"    ,    "rms[A_V]"    ,    "rms[A_T]"    ,"LinSolIter",    "LinSolRes"   , "avg_temp_outlet","avg_temp_outlet_scaled","avg_p_center_inlet","avg_p_cocenter_inlet",   "avg_p_inlet"  ,"avg_p_inlet_scaled"
0.08955755499999984,-2.983604859359212,-2.894560183881792,-4.083867618727221,-5.199752420789759,           8,-3.268200227091896,                 0,                       0,                   0,                     0,                 0,                   0
0.08013310600000034,-3.150566846355039, -2.91030897412323, -4.09095262695265,-5.221098380276255,           8,-3.227826951974435,                 0,                       0,                   0,                     0,                 0,                   0
0.08109557200000017, -3.34712749559513,-3.036036409953987,-4.030157262601675,-5.381888746374067,           8,-3.213230078269108,                 0,                       0,                   0,                     0,                 0,                   0
0.08261819800000003, -3.54764682820409,-3.146684973186257,-3.917799630123989,-5.610548035446405,           8, -3.19430609592416,                 0,                       0,                   0,                     0,                 0,                   0
0.08101986599999966,-3.701413581713359,-3.211384634949887,-3.832485556897274,-5.875083227744129,           8,-3.176818560314052,                 0,                       0,                   0,                     0,                 0,                   0
0.08210522899999972,-3.783874134358061,-3.247799120934003,-3.785925359608216,-5.978415294199187,           8,-3.163382468010302,                 0,                       0,                   0,                     0,                 0,                   0
0.08287533300000005, -3.81543694434016, -3.27618002660398,-3.776128309806493,-5.885062930094223,           8,-3.153559088188803,                 0,                       0,                   0,                     0,                 0,                   0
0.08196871499999947,-3.821844393122518,-3.303324447224329,-3.797655883591327,-5.812966106122627,           8,-3.146101012619501,                 0,                       0,                   0,                     0,                 0,                   0
0.08334032000000047,-3.818700998499896,-3.328594889945688,-3.844615209167569,-5.786376581738591,           8,-3.140311444623687,                 0,                       0,                   0,                     0,                 0,                   0
0.08206723500000024,-3.814585806249696,-3.349132464429819,-3.910317864835575,-5.792966092139734,           8,-3.136059140855766,                 0,                       0,                   0,                     0,                 0,                   0
0.08296120899999959, -3.81445873822123,-3.362247644055747,-3.980023222262644,-5.824378656592525,           8, -3.13315763134769,                 0,                       0,                   0,                     0,                 0,                   0
0.08344208499999972,-3.820984364191473,-3.367245730540172,-4.021662924262047,-5.876673292267199,           8,-3.131020276918258,                 0,                       0,                   0,                     0,                 0,                   0
0.0815891139999998,-3.834441624876775,-3.366282833276212, -4.01015560633447,-5.947973362787772,           8,-3.128771831450117,                 0,                       0,                   0,                     0,                 0,                   0
0.0817599729999996,-3.852381144114934,-3.363218031490318,-3.966365666979117, -6.03541073790516,           8,-3.125614336888544,                 0,                       0,                   0,                     0,                 0,                   0
0.08213162000000018,-3.870060984361244,-3.361459530294438,-3.922469173346819,-6.129037673266851,           8,-3.121209276313998,                 0,                       0,                   0,                     0,                 0,                   0
0.08238426700000012,-3.882325800660032,-3.362586531560743,-3.889756688575281, -6.20168492841459,           8,-3.115864983492409,                 0,                       0,                   0,                     0,                 0,                   0
0.0837970600000002,-3.886326512241001,-3.366248949464668,-3.864991226048101,-6.217070438004613,           8,-3.110421412412315,                 0,                       0,                   0,                     0,                 0,                   0
0.08250479900000052,-3.882798025183923,-3.370897944003915,-3.840730817253273,-6.176830944296507,           8,-3.105917554648395,                 0,                       0,                   0,                     0,                 0,                   0
0.08286687699999984,-3.874677703754439,-3.374808683275574,-3.811939408313004,-6.116050290863963,           8,-3.103249127834474,                 0,                       0,                   0,                     0,                 0,                   0
0.08143039800000018,-3.864848224489198,-3.376923270957678,-3.778548226147134,-6.057437034123279,           8,-3.102969350716441,                 0,                       0,                   0,                     0,                 0,                   0
0.08127651099999955,-3.854997966034224,-3.377157422894891,-3.743686856754898,-6.006964598566444,           8,-3.105253795074013,                 0,                       0,                   0,                     0,                 0,                   0
0.08328333000000043,-3.845701956081369,-3.376152825388327,-3.710648987170186,-5.963853520649617,           8, -3.10997085853538,                 0,                       0,                   0,                     0,                 0,                   0
0.08292109200000031,-3.836964983364349,-3.374797150668233,-3.681423844713026,-5.925836573190455,           8,-3.116790926410195,                 0,                       0,                   0,                     0,                 0,                   0
0.08114037899999893,-3.828699483423583,-3.373849327220283,-3.656743108338942,-5.891057202805363,           8,-3.125289326225047,                 0,                       0,                   0,                     0,                 0,                   0
0.0819466129999995,-3.820972576359444,-3.373786892774254,-3.636597613359994,-5.858588028668102,           8,-3.135022254257138,                 0,                       0,                   0,                     0,                 0,                   0
0.0817861630000003,-3.814046917314994,-3.374816965162903,-3.620653084920669,-5.828320541154296,           8,-3.145572757278686,                 0,                       0,                   0,                     0,                 0,                   0
0.08401495999999931,-3.808300551706872,-3.376955404957061, -3.60846233826172,-5.800595655853423,           8,-3.156573913418769,                 0,                       0,                   0,                     0,                 0,                   0
0.08386318700000039, -3.80410657506636,-3.380112403908506,-3.599541034128514,-5.775835496375874,           8,-3.167718683117559,                 0,                       0,                   0,                     0,                 0,                   0
0.08283964399999988,-3.801725993835991,-3.384159587829479,-3.593388446233658,-5.754311456360615,           8,-3.178763184193234,                 0,                       0,                   0,                     0,                 0,                   0
0.08342268800000063,-3.801240347220499,-3.388973860304735,-3.589503519546982,-5.736062335667536,           8,-3.189526331689054,                 0,                       0,                   0,                     0,                 0,                   0
0.08314060399999867,-3.802532071279093,-3.394461205276112,-3.587413755512412,-5.720914620406469,           8,-3.199886463732474,                 0,                       0,                   0,                     0,                 0,                   0
0.08392312199999985,-3.805308914400583,-3.400566335260064,-3.586712954315679, -5.70854876048944,           8,-3.209775111557276,                 0,                       0,                   0,                     0,                 0,                   0
0.08269594699999949,-3.809160889786845,-3.407274136152316,-3.587094680971315,-5.698569701926679,           8,-3.219168543704617,                 0,                       0,                   0,                     0,                 0,                   0
0.08186085700000056, -3.81363298865588,-3.414606954179224,-3.588369041351755, -5.69055765199648,           8,-3.228078148383811,                 0,                       0,                   0,                     0,                 0,                   0
0.08103808100000087,-3.818295002223354,-3.422619067218774,-3.590457285859553,-5.684090592015469,           8, -3.23654070133183,                 0,                       0,                   0,                     0,                 0,                   0
0.08276334700000021,-3.822792780339542,-3.431387996387745,-3.593367392756755,-5.678742518577146,           8,-3.244609217531572,                 0,                       0,                   0,                     0,                 0,                   0
0.08257799999999982,-3.826872941978785,-3.441002635246791,-3.597159857189696,-5.674069645945057,           8,-3.252344719455176,                 0,                       0,                   0,                     0,                 0,                   0
0.08138659299999951,-3.830382538402418, -3.45154983764552,-3.601914210836377,-5.669599660138314,           8,-3.259809077679469,                 0,                       0,                   0,                     0,                 0,                   0
0.08188181799999938,-3.833252254237744,-3.463102493323478,-3.607703918252954,-5.664836641970791,           8,-3.267059082525796,                 0,                       0,                   0,                     0,                 0,                   0
0.08261126400000052,-3.835473821217722,-3.475712041418463,-3.614582603884327,-5.659287780423762,           8,-3.274141949010335,                 0,                       0,                   0,                     0,                 0,                   0
0.08194790499999982,-3.837079889840688,-3.489406823852643,-3.622580420127082,-5.652509342019397,           8,-3.281092418894203,                 0,                       0,                   0,                     0,                 0,                   0
0.08102956499999969,-3.838130133922089,-3.504195581680958,-3.631707036431198,-5.644160876837319,           8,-3.287931479099978,                 0,                       0,                   0,                     0,                 0,                   0
0.08120460200000146,-3.838703308161778,-3.520073806791109,-3.641957313715841,-5.634051406953911,           8,-3.294666527462615,                 0,                       0,                   0,                     0,                 0,                   0
0.08471034999999993,-3.838892643762762, -3.53703016729672,-3.653316639287499,-5.622162328940852,           8,-3.301292668246183,                 0,                       0,                   0,                     0,                 0,                   0
0.08145475499999932,-3.838801541057836,-3.555050785762182,-3.665764352328182,-5.608639489716746,           8,-3.307794759942567,                 0,                       0,                   0,                     0,                 0,                   0
0.0817144049999996,-3.838537533758667,-3.574120288344041,-3.679275031840064,-5.593757891295842,           8,-3.314149864153971,                 0,                       0,                   0,                     0,                 0,                   0
0.08193381799999955,-3.838204191546512,-3.594219678889432,-3.693818267862898,-5.577871057866989,           8,-3.320329820096164,                 0,                       0,                   0,                     0,                 0,                   0
0.08316153400000026,-3.837892187255433,-3.615321817737587,-3.709357811603349,-5.561359419844686,           8,-3.326303751805986,                 0,                       0,                   0,                     0,                 0,                   0
0.0816978430000006,-3.837671581391616,-3.637385487117365,-3.725850840579389,-5.544588528598703,           8,-3.332040377045947,                 0,                       0,                   0,                     0,                 0,                   0
0.08125038999999923,-3.837587266626887,-3.660348836955485,-3.743247712052482,-5.527881856736807,           8,-3.337510022298841,                 0,                       0,                   0,                     0,                 0,                   0
0.08136441099999914,-3.837658666963173,-3.684122665431704,-3.761492214044156, -5.51150769652407,           8,-3.342686267014126,                 0,                       0,                   0,                     0,                 0,                   0
0.08166598200000053,-3.837883629449239,-3.708583707684725,-3.780522067025903, -5.49567678323806,           8,-3.347547157187162,                 0,                       0,                   0,                     0,                 0,                   0
0.08179779600000003,-3.838245417399166,-3.733568001299386,-3.800269297281472,-5.480546587074909,           8,-3.352075953846409,                 0,                       0,                   0,                     0,                 0,                   0
0.08105012400000078,-3.838721105569605,-3.758864504967881,-3.820660061271621,-5.466228843143294,           8,-3.356261418060689,                 0,                       0,                   0,                     0,                 0,                   0
0.08127233299999936,-3.839289589502727,-3.784209468402015,-3.841613514640885,-5.452797967552564,           8,-3.360097675187403,                 0,                       0,                   0,                     0,                 0,                   0
0.08348453800000044, -3.83993778412164,-3.809282585434094,-3.863039384096851,-5.440299017736693,           8,  -3.3635837383112,                 0,                       0,                   0,                     0,                 0,                   0
0.08152599199999955,-3.840664220725766,-3.833706683868094,-3.884834039317488,-5.428754591262771,           8,-3.366722796043425,                 0,                       0,                   0,                     0,                 0,                   0
0.08307494700000007,-3.841479937286579,-3.857053485268772,-3.906875109546854, -5.41817050518369,           8,-3.369521378608774,                 0,                       0,                   0,                     0,                 0,                   0
0.08328845899999848,-3.842407105757411,-3.878858453999376,-3.929015065263075,-5.408540324378632,           8,-3.371988508455082,                 0,                       0,                   0,                     0,                 0,                   0
0.08122871799999842, -3.84347614533435,-3.898647321260488, -3.95107467571397,-5.399848893877831,           8,-3.374134921116827,                 0,                       0,                   0,                     0,                 0,                   0
0.08181040999999922,-3.844722122963156,-3.915974797272269,-3.972837800332852,-5.392075043459844,           8,-3.375972414341124,                 0,                       0,                   0,                     0,                 0,                   0
0.08111254399999979,-3.846181108058185,-3.930472015453289,-3.994049462946575,-5.385193616556204,           8,-3.377513354337148,                 0,                       0,                   0,                     0,                 0,                   0
0.08114597899999865, -3.84788692585759,-3.941894346812305,-4.014419409960166,-5.379176953160608,           8,-3.378770342159264,                 0,                       0,                   0,                     0,                 0,                   0
0.08323408400000076,-3.849868532294591,-3.950157800998765,-4.033633115618882, -5.37399593740911,           8, -3.37975602364924,                 0,                       0,                   0,                     0,                 0,                   0
0.08340349099999855,-3.852148068330163,-3.955353052568151,-4.051371203920204,-5.369620706209656,           8,-3.380483014188029,                 0,                       0,                   0,                     0,                 0,                   0
0.08405493700000122,-3.854739561153728,-3.957732063520583,-4.067336386885298,-5.366021103876045,           8,-3.380963904350791,                 0,                       0,                   0,                     0,                 0,                   0
 0.082064680000002,-3.857648212825086,-3.957670894566106, -4.08128453408388,-5.363166956810697,           8,-3.381211313042405,                 0,                       0,                   0,                     0,                 0,                   0
0.08063236899999993,-3.860870228639218,-3.955619215205673,-4.093054189896452,-5.361028230367491,           8,-3.381237958998675,                 0,                       0,                   0,                     0,                 0,                   0
0.08284096599999913,-3.864393160416004,-3.952049058988641,-4.102587901608723,-5.359575116763052,           8,  -3.3810567278847,                 0,                       0,                   0,                     0,                 0,                   0
0.08222720299999864,-3.868196752525534,-3.947412590217245,-4.109939998713606,-5.358778088896278,           8,-3.380680719145324,                 0,                       0,                   0,                     0,                 0,                   0
0.08209688199999832,-3.872254268781482, -3.94211357487298,-4.115268846612279, -5.35860794133869,           8,-3.380123263275614,                 0,                       0,                   0,                     0,                 0,                   0
0.08348542800000303,-3.876534244577468,-3.936492610488587,-4.118815771740008,-5.359035827871816,           8,-3.379397905699528,                 0,                       0,                   0,                     0,                 0,                   0
0.08198457599999998,-3.881002557853831,-3.930823381889954,-4.120876028981009,-5.360033295889191,           8,-3.378518357766576,                 0,                       0,                   0,                     0,                 0,                   0
0.08074134900000018,-3.885624657870132,-3.925316303067918,-4.121768192254488,-5.361572312436281,           8,-3.377498418478165,                 0,                       0,                   0,                     0,                 0,                   0
0.08232562299999913,-3.890367748066554, -3.92012622263819,-4.121807249071971,-5.363625274766623,           8,-3.376351872565935,                 0,                       0,                   0,                     0,                 0,                   0
0.08455838699999774,-3.895202702649897,-3.915361706684121,-4.121284438668074,-5.366164999610683,           8,-3.375092371628066,                 0,                       0,                   0,                     0,                 0,                   0
0.08332640200000085,-3.900105514489894,-3.911094300471396,-4.120454610552959,-5.369164688970486,           8,-3.373733305386467,                 0,                       0,                   0,                     0,                 0,                   0
0.08197045900000077,-3.905058124763287,-3.907366893276055,-4.119530292225591,-5.372597874979693,           8,-3.372287669955043,                 0,                       0,                   0,                     0,                 0,                   0
0.08174819999999983, -3.91004856412843,-3.904200815979783,-4.118680898982207,-5.376438350976099,           8,-3.370767939486563,                 0,                       0,                   0,                     0,                 0,                   0
0.08453531299999995,-3.915070426099874,-3.901601614119186, -4.11803540794091, -5.38066009939867,           8,-3.369185946851611,                 0,                       0,                   0,                     0,                 0,                   0
0.08038281900000044,-3.920121778386314,-3.899563608021565,-4.117687064122543,-5.385237228793529,           8,-3.367552778196195,                 0,                       0,                   0,                     0,                 0,                   0
0.08387064100000075,-3.925203682269806,-3.898073423295857,-4.117699050562464,-5.390143931889336,           8,-3.365878685388357,                 0,                       0,                   0,                     0,                 0,                   0
0.08351839300000208,-3.930318524610955,-3.897112686659826,-4.118110396090358,-5.395354474586386,           8,-3.364173019509278,                 0,                       0,                   0,                     0,                 0,                   0
0.08168960699999772,-3.935468370054194,-3.896660061397782,-4.118941656567513,-5.400843222293902,           8, -3.36244418764929,                 0,                       0,                   0,                     0,                 0,                   0
0.08204153600000197,-3.940653517079498,-3.896692762925245,-4.120200083082435,-5.406584705978744,           8,-3.360699634321292,                 0,                       0,                   0,                     0,                 0,                   0
0.08267698100000231,-3.945871399037653,-3.897187660639116,-4.121884102999466,-5.412553726176087,           8,-3.358945847783593,                 0,                       0,                   0,                     0,                 0,                   0
0.08163693599999888, -3.95111591937561,-3.898122044685232,-4.123987011690115,-5.418725489553914,           8,-3.357188390499144,                 0,                       0,                   0,                     0,                 0,                   0
0.08297930300000189,-3.956377256681458,-3.899474118296736,-4.126499825221536,-5.425075769743145,           8,-3.355431951888949,                 0,                       0,                   0,                     0,                 0,                   0
0.08157938500000128,-3.961642125338368,-3.901223267371329, -4.12941329048124, -5.43158108218882,           8,-3.353680420538701,                 0,                       0,                   0,                     0,                 0,                   0
0.08099160100000091,-3.966894434589591, -3.90335015623042,-4.132719094535125,-5.438218861762556,           8, -3.35193697216936,                 0,                       0,                   0,                     0,                 0,                   0
0.08278648099999941,-3.972116254328795,-3.905836698391006,-4.136410358594429,-5.444967631733705,           8, -3.35020416906036,                 0,                       0,                   0,                     0,                 0,                   0
0.08210854400000045,-3.977288971048273,-3.908665950301782,-4.140481539505915,-5.451807153326454,           8,-3.348484066271044,                 0,                       0,                   0,                     0,                 0,                   0
0.08162607399999899,-3.982394503271141,-3.911821972062163,-4.144927888181567,-5.458718546392234,           8,-3.346778319972328,                 0,                       0,                   0,                     0,                 0,                   0
0.08250264399999807,-3.987416443756424, -3.91528969133738,-4.149744626313635,-5.465684373604405,           8,-3.345088293462819,                 0,                       0,                   0,                     0,                 0,                   0
0.08191314799999816,-3.992341006770028,-3.919054795593817,-4.154925999135854,-5.472688682931781,           8,-3.343415156971922,                 0,                       0,                   0,                     0,                 0,                   0
0.08460624900000013,-3.997157682673808,-3.923103664999684,-4.160464344616873,-5.479717005844371,           8,-3.341759978071927,                 0,                       0,                   0,                     0,                 0,                   0
0.08308864400000004,-4.001859537215456,-3.927423345861764,-4.166349291909118,-5.486756311579436,           8,-3.340123800365014,                 0,                       0,                   0,                     0,                 0,                   0
0.08147407099999882,-4.006443135469045,-3.932001554171752, -4.17256716855535, -5.49379492063732,           8,-3.338507708984773,                 0,                       0,                   0,                     0,                 0,                   0
0.08264545899999831,-4.010908115053037,-3.936826692010974,-4.179100661089718,-5.500822383244621,           8,-3.336912882285754,                 0,                       0,                   0,                     0,                 0,                   0
0.08181297500000184,-4.015256474015895,-3.941887856752334,-4.185928740626799,-5.507829330576284,           8, -3.33534062981964,                 0,                       0,                   0,                     0,                 0,                   0
0.08082621299999815,-4.019491670091062,-3.947174823993482,-4.193026836114581,-5.514807307867719,           8,-3.333792417272369,                 0,                       0,                   0,                     0,                 0,                   0
0.08405516599999885,-4.023617645919687,-3.952677989179053,-4.200367214521369,-5.521748599049528,           8,-3.332269879442013,                 0,                       0,                   0,                     0,                 0,                   0
0.08187673799999828,-4.027637897615323,-3.958388258822858,-4.207919510092068,-5.528646052178578,           8,-3.330774822573805,                 0,                       0,                   0,                     0,                 0,                   0
0.08171744000000203,-4.031554692353231,-3.964296888997024,-4.215651334408169,-5.535492913806402,           8,-3.329309217457858,                 0,                       0,                   0,                     0,                 0,                   0
0.08238419599999958,-4.035368517115497,-3.970395275339049,-4.223528895655953,-5.542282678706852,           8,-3.327875184668518,                 0,                       0,                   0,                     0,                 0,                   0
0.0813790179999998,-4.039077809177051,-3.976674704542354,-4.231517559444042,-5.549008959327299,           8,-3.326474973229494,                 0,                       0,                   0,                     0,                 0,                   0
0.08288879899999912,-4.042678983722616,-3.983126081755236,-4.239582294659463,-5.555665377212682,           8,-3.325110933853275,                 0,                       0,                   0,                     0,                 0,                   0
0.08109680500000138,-4.046166739368916,-3.989739651345198,-4.247687965620885, -5.56224547674019,           8,-3.323785487779563,                 0,                       0,                   0,                     0,                 0,                   0
0.08398265699999996,-4.049534592020562,-3.996504730090452,-4.255799454889543,-5.568742660003436,           8,-3.322501092136421,                 0,                       0,                   0,                     0,                 0,                   0
0.08286667300000161,-4.052775564345909,-4.003409472075984,-4.263881627438123,-5.575150140732363,           8,-3.321260202692594,                 0,                       0,                   0,                     0,                 0,                   0
 0.081701730999999,-4.055882944284745,-4.010440683439463,-4.271899173620556,-5.581460914767547,           8,-3.320065234863444,                 0,                       0,                   0,                     0,                 0,                   0
0.08263468899999893, -4.05885102246788,-4.017583702667483,-4.279816392253329,-5.587667744784562,           8,-3.318918523860097,                 0,                       0,                   0,                     0,                 0,                   0
0.08324232000000009,-4.061675725252412,-4.024822358414079,  -4.2875969927156,-5.593763157567043,           8,-3.317822284931422,                 0,                       0,                   0,                     0,                 0,                   0
0.08137819699999937,-4.064355076127294,-4.032139011918515, -4.29520400327792,-5.599739452990997,           8,-3.316778574705003,                 0,                       0,                   0,                     0,                 0,                   0
0.08106216699999891,-4.066889441318993,-4.039514685258315,-4.302599869625219, -5.60558872481658,           8,-3.315789254682124,                 0,                       0,                   0,                     0,                 0,                   0
0.08214487500000089,-4.069281542457736,-4.046929270278217,-4.309746811692177,-5.611302894199613,           8,-3.314855957950932,                 0,                       0,                   0,                     0,                 0,                   0
0.08351621799999975,-4.071536246636185, -4.05436180662454,-4.316607478914177,-5.616873757368115,           8,-3.313980060148261,                 0,                       0,                   0,                     0,                 0,                   0
0.08437809900000204,-4.073660168646535, -4.06179081155301,-4.323145906038767,-5.622293049041292,           8,-3.313162655608557,                 0,                       0,                   0,                     0,                 0,                   0
0.0823818420000002,-4.075661138770725, -4.06919463975376,-4.329328727794699,-5.627552522835337,           8, -3.31240453949397,                 0,                       0,                   0,                     0,                 0,                   0
0.08420771099999769,-4.077547600373016,-4.076551848971675,-4.335126566747467,-5.632644049105568,           8,-3.311706196500742,                 0,                       0,                   0,                     0,                 0,                   0
0.08253817300000321,-4.079328004074643,-4.083841547120564,-4.340515471430006,-5.637559729481901,           8,-3.311067796503968,                 0,                       0,                   0,                     0,                 0,                   0
0.0807500559999994, -4.08101026000757,-4.091043699035339, -4.34547825825473,-5.642292025889255,           8,-3.310489197240384,                 0,                       0,                   0,                     0,                 0,                   0
0.08294511699999418,-4.082601298015325, -4.09813937578401,-4.350005606319591,-5.646833900274043,           8,-3.309969953863104,                 0,                       0,                   0,                     0,                 0,                   0
0.08061878200000194,-4.084106769735997,-4.105110936028061,-4.354096771686802,-5.651178959778191,           8,-3.309509334942875,                 0,                       0,                   0,                     0,                 0,                   0
0.08169967700000313,-4.085530908533322,-4.111942136465286,-4.357759825716491,-5.655321600907194,           8,-3.309106344259885,                 0,                       0,                   0,                     0,                 0,                   0
0.08268293199999732,-4.086876545397318,-4.118618175951655,-4.361011375146434,-5.659257145504982,           8,-3.308759747534509,                 0,                       0,                   0,                     0,                 0,                   0
0.08093561300000118,-4.088145263077037, -4.12512568449611,-4.363875781146085,-5.662981961201605,           8,-3.308468103099434,                 0,                       0,                   0,                     0,                 0,                   0
0.0813868429999971,-4.089337658255394, -4.13145267312756,-4.366383950575221,-5.666493559498852,           8,-3.308229795422013,                 0,                       0,                   0,                     0,                 0,                   0
0.08103325200000455,-4.090453673451348,-4.137588463084496,-4.368571816206125,-5.669790665789224,           8,-3.308043070345346,                 0,                       0,                   0,                     0,                 0,                   0
0.0824478190000022,-4.091492956962452,-4.143523612646656,-4.370478647723574,-5.672873257268098,           8, -3.30790607092896,                 0,                       0,                   0,                     0,                 0,                   0
0.08276961899999691,-4.092455210462913,-4.149249857370819,-4.372145339946067,-5.675742566736712,           8,-3.307816872826139,                 0,                       0,                   0,                     0,                 0,                   0
0.08327697699999703,-4.093340489323205,-4.154760074961132,-4.373612810834897,-5.678401052495563,           8,-3.307773518232449,                 0,                       0,                   0,                     0,                 0,                   0
0.08266416600000071,-4.094149429392528,-4.160048280228425,-4.374920614260303,-5.680852336671875,           8,-3.307774047563903,                 0,                       0,                   0,                     0,                 0,                   0
0.08094764600000559,-4.094883384685313,-4.165109649400621,-4.376105837251986,-5.683101116193741,           8,-3.307816528168197,                 0,                       0,                   0,                     0,                 0,                   0
0.08067967000000209,-4.095544471780055,-4.169940567312059,-4.377202314571042,-5.685153052049674,           8,-3.307899079528911,                 0,                       0,                   0,                     0,                 0,                   0
0.08227460500000205,-4.096135527438779,-4.174538686478469,-4.378240159704028,-5.687014643340103,           8,-3.308019894579203,                 0,                       0,                   0,                     0,                 0,                   0
0.08422844200000412,-4.096659994830091,-4.178902984319234,-4.379245584006166,-5.688693092898364,           8,-3.308177256894548,                 0,                       0,                   0,                     0,                 0,                   0
0.08310939300000086,-4.097121759941471, -4.18303380413157,-4.380240956289615,-5.690196170962887,           8,-3.308369553677743,                 0,                       0,                   0,                     0,                 0,                   0
0.08444282500000355, -4.09752496285793, -4.18693286684646,-4.381245043891334,-5.691532082607046,           8,-3.308595284575182,                 0,                       0,                   0,                     0,                 0,                   0
0.08219306700000573,-4.097873808531179,-4.190603243843073,-4.382273372539086,-5.692709343514768,           8,-3.308853066476765,                 0,                       0,                   0,                     0,                 0,                   0
0.08216549400000162,-4.098172398821506,-4.194049285641551,-4.383338644920591,-5.693736667380244,           8,-3.309141634543074,                 0,                       0,                   0,                     0,                 0,                   0
0.0825216810000029,-4.098424602602066,-4.197276506466258,  -4.3844511653104,-5.694622866863653,           8, -3.30945983978019,                 0,                       0,                   0,                     0,                 0,                   0
0.08134917099999939,-4.098633974382468,-4.200291429757899,-4.385619228397126,-5.695376768789494,           8,-3.309806643538749,                 0,                       0,                   0,                     0,                 0,                   0
0.08311197900000167,-4.098803725103533,-4.203101404030637,-4.386849443083752,-5.696007143233185,           8,-3.310181109358167,                 0,                       0,                   0,                     0,                 0,                   0
0.08174622599999992,-4.098936742288325,-4.205714401506913,-4.388146975147429,-5.696522645372936,           8,-3.310582392603112,                 0,                       0,                   0,                     0,                 0,                   0
0.08138519000000599,-4.099035651286755,-4.208138813392059,-4.389515705025089,-5.696931768511391,           8,-3.311009728357256,                 0,                       0,                   0,                     0,                 0,                   0
0.08199820099999755,-4.099102905408162,-4.210383255407676,   -4.390958307663,-5.697242806485435,           8,-3.311462418041909,                 0,                       0,                   0,                     0,                 0,                   0
0.08276369699999719,-4.099140890573087,-4.212456395424467,-4.392476269597346, -5.69746382374009,           8,-3.311939815225889,                 0,                       0,                   0,                     0,                 0,                   0
0.08071102099999905,-4.099152029782912, -4.21436681206793,-4.394069863803355,-5.697602631583488,           8,-3.312441311076564,                 0,                       0,                   0,                     0,                 0,                   0
0.08217195699999991,-4.099138874057812,-4.216122889457989,-4.395738105216825,-5.697666769490835,           8,-3.312966319885262,                 0,                       0,                   0,                     0,                 0,                   0
0.08237009799999839,-4.099104169212355,-4.217732749299044,-4.397478709382278,-5.697663490716993,           8,-3.313514265070005,                 0,                       0,                   0,                     0,                 0,                   0
0.08227425399999788,-4.099050891493394,-4.219204217832504,-4.399288073768442,-5.697599751842774,           8,-3.314084566026444,                 0,                       0,                   0,                     0,                 0,                   0
0.08264758300000352,-4.098982249200982,-4.220544822109108,-4.401161296533119,-5.697482206172392,           8,-3.314676626157379,                 0,                       0,                   0,                     0,                 0,                   0
0.08099239300000249,-4.098901651454171,-4.221761807917281,-4.403092241564406,-5.697317201086224,           8, -3.31528982236459,                 0,                       0,                   0,                     0,                 0,                   0
0.08419632900000096,-4.098812648810177, -4.22286217065494,-4.405073652187379,-5.697110779518688,           8,-3.315923496238188,                 0,                       0,                   0,                     0,                 0,                   0
0.08092839900000115,-4.098718853151733,-4.223852690478211,-4.407097309742508,-5.696868685684965,           8,-3.316576947122121,                 0,                       0,                   0,                     0,                 0,                   0
0.08237118099999918,-4.098623845913514,-4.224739964061749,-4.409154227859789,-5.696596375035166,           8,-3.317249427177319,                 0,                       0,                   0,                     0,                 0,                   0
0.08178850800000248,-4.098531084246376,-4.225530427063496,-4.411234869258275,-5.696299028205971,           8,-3.317940138505187,                 0,                       0,                   0,                     0,                 0,                   0
0.08289498999999978,-4.098443814179084,-4.226230363605471,-4.413329369551959,-5.695981568496656,           8,-3.318648232334218,                 0,                       0,                   0,                     0,                 0,                   0
0.08253259199999974,-4.098364998396746,-4.226845901469551,-4.415427752076588,-5.695648682158113,           8,-3.319372810214254,                 0,                       0,                   0,                     0,                 0,                   0
0.08261622299999516,-4.098297264161633,-4.227382993962858, -4.41752011911263,-5.695304840580754,           8,-3.320112927109454,                 0,                       0,                   0,                     0,                 0,                   0
0.08183950499999781,-4.098242874442797,-4.227847391289644,-4.419596807838837,-5.694954323323851,           8,-3.320867596229239,                 0,                       0,                   0,                     0,                 0,                   0
0.08272919099999854,-4.098203722788334,-4.228244605600778,-4.421648503573405,-5.694601240864137,           8,-3.321635795395629,                 0,                       0,                   0,                     0,                 0,                   0
0.08301007200000043,-4.098181350136804,-4.228579874576847,-4.423666307779374,-5.694249555959744,           8, -3.32241647470746,                 0,                       0,                   0,                     0,                 0,                   0
0.08288948999999945,-4.098176979839245,-4.228858128430981,-4.425641763381928,  -5.6939031026246,           8,-3.323208565235371,                 0,                       0,                   0,                     0,                 0,                   0
0.08277494900000448,-4.098191565801415,-4.229083964654588,-4.427566844571518,-5.693565601878248,           8,-3.324010988464444,                 0,                       0,                   0,                     0,                 0,                   0
0.08216184699999474,-4.098225847938141,-4.229261633792635,-4.429433921908747,-5.693240673656761,           8,-3.324822666190706,                 0,                       0,                   0,                     0,                 0,                   0
0.08269879199999508,-4.098280409061762,-4.229395038197979,-4.431235715851305,-5.692931844524372,           8,-3.325642530579972,                 0,                       0,                   0,                     0,                 0,                   0
0.08331132299999666,-4.098355727848311,-4.229487744238719, -4.43296525250298,-5.692642551085301,           8,-3.326469534105956,                 0,                       0,                   0,                     0,                 0,                   0
0.08137319599999415,-4.098452223523631, -4.22954300701586,-4.434615834480842,-5.692376139244838,           8,-3.327302659102405,                 0,                       0,                   0,                     0,                 0,                   0
0.07959441799999922,-4.098570289240153, -4.22956380541888,-4.436181037377493,-5.692135859684412,           8,-3.328140926686692,                 0,                       0,                   0,                     0,                 0,                   0
0.08270944299999883,-4.098710312604916,-4.229552884442547,-4.437654738753839,-5.691924860088222,           8,-3.328983404844729,                 0,                       0,                   0,                     0,                 0,                   0
0.08111478900000435,-4.098872683303643,-4.229512801162313,-4.439031182289304,-5.691746174776732,           8,-3.329829215498591,                 0,                       0,                   0,                     0,                 0,                   0
0.08353808999999757,-4.099057789094078,-4.229445970656087,-4.440305075208883,-5.691602712465868,           8,-3.330677540417283,                 0,                       0,                   0,                     0,                 0,                   0
0.08213997500000403,-4.099266002494877,-4.229354708432905,-4.441471712838795,-5.691497242879575,           8, -3.33152762586915,                 0,                       0,                   0,                     0,                 0,                   0
0.08262979900000289,-4.099497661194756,-4.229241266535284,-4.442527120645212,-5.691432382907737,           8, -3.33237878595365,                 0,                       0,                   0,                     0,                 0,                   0
0.08341138599999454,-4.099753045516304,-4.229107861319418, -4.44346820168923, -5.69141058292861,           8, -3.33323040458922,                 0,                       0,                   0,                     0,                 0,                   0
0.08232271700000382,-4.100032356198501,-4.228956691888586,-4.444292876363972,-5.691434113818344,           8,-3.334081936170043,                 0,                       0,                   0,                     0,                 0,                   0
0.08184818199999455,-4.100335695358963,-4.228789949145725,-4.445000201636214,-5.691505055062435,           8,-3.334932904937847,                 0,                       0,                   0,                     0,                 0,                   0
0.08136423900000267,-4.100663052838427,-4.228609816331339,-4.445590458681639,-5.691625284273479,           8,-3.335782903147535,                 0,                       0,                   0,                     0,                 0,                   0
0.08208374599999502,-4.101014299309942,-4.228418462652531,-4.446065200609312,-5.691796468320371,           8,-3.336631588128776,                 0,                       0,                   0,                     0,                 0,                   0
0.08117534500000545,-4.101389186656577,-4.228218032109353,-4.446427255497101,-5.692020056188186,           8, -3.33747867837123,                 0,                       0,                   0,                     0,                 0,                   0
0.08273874900000067,-4.101787355280194,-4.228010629870514,-4.446680683835011,-5.692297273622295,           8, -3.33832394877586,                 0,                       0,                   0,                     0,                 0,                   0
0.08231724699999887, -4.10220834728391,-4.227798308534407,-4.446830693247323,-5.692629119564684,           8,-3.339167225230275,                 0,                       0,                   0,                     0,                 0,                   0
0.08149739600000316,-4.102651623934413, -4.22758305636107,-4.446883516641654,-5.693016364364857,           8,-3.340008378672099,                 0,                       0,                   0,                     0,                 0,                   0
0.08408197800000039,-4.103116585494741,-4.227366789120262,-4.446846262389744,-5.693459549735505,           8,-3.340847318810249,                 0,                       0,                   0,                     0,                 0,                   0
0.08122034199999462,-4.103602591434151,-4.227151346641969,-4.446726746637685,-5.693958990424308,           8,-3.341683987671226,                 0,                       0,                   0,                     0,                 0,                   0
0.08102065799999991,-4.104108979156176,-4.226938494532866,-4.446533318252738,-5.694514777577819,           8,-3.342518353134724,                 0,                       0,                   0,                     0,                 0,                   0
0.08176489099999884,-4.104635079702811,-4.226729930914992,-4.446274686359269, -5.69512678377917,           8,-3.343350402612607,                 0,                       0,                   0,                     0,                 0,                   0
0.08317120299999914,-4.105180229342395,-4.226527297502662,-4.445959759031271,-5.695794669742225,           8,-3.344180137014409,                 0,                       0,                   0,                     0,                 0,                   0
0.08115153899999683,-4.105743776471488,-4.226332193909641,-4.445597499752472, -5.69651789263802,           8,-3.345007565126807,                 0,                       0,                   0,                     0,                 0,                   0
0.08289311599999394,-4.106325083794975, -4.22614619380056,-4.445196805978108,-5.697295716012759,           8,-3.345832698517601,                 0,                       0,                   0,                     0,                 0,                   0
0.08087805199999565,-4.106923526237708,-4.225970861379693,-4.444766411811755,-5.698127221229434,           8,-3.346655547054161,                 0,                       0,                   0,                     0,                 0,                   0
0.08285702700000286,  -4.1075384854379,-4.225807766744587, -4.44431481467929,-5.699011320330146,           8, -3.34747611510711,                 0,                       0,                   0,                     0,                 0,                   0
0.08101420500000245,-4.108169341944286,  -4.2256584987983,-4.443850224091026,-5.699946770172665,           8,-3.348294398486523,                 0,                       0,                   0,                     0,                 0,                   0
0.0824823539999997,-4.108815466369682,-4.225524674688846,-4.443380529300669,-5.700932187650428,           8,-3.349110382137843,                 0,                       0,                   0,                     0,                 0,                   0
 0.082493276000001,-4.109476210741718, -4.22540794508277, -4.44291328187541,-5.701966065759894,           8,-3.349924038600483,                 0,                       0,                   0,                     0,                 0,                   0
0.08250271400000031,-4.110150901152748,-4.225309994948397,-4.442455688936351,-5.703046790239986,           8, -3.35073532721536,                 0,                       0,                   0,                     0,                 0,                   0
0.08197618900000236,-4.110838832570436,-4.225232539883213,-4.442014613010234,-5.704172656477662,           8,-3.351544194043775,                 0,                       0,                   0,                     0,                 0,                   0
0.0823393490000015,-4.111539266364029,-4.225177318334142,-4.441596574973078,-5.705341886354648,           8,-3.352350572447663,                 0,                       0,                   0,                     0,                 0,                   0
0.08059730000000087,-4.112251430765721,-4.225146080311896,-4.441207757355341,-5.706552644706726,           8,-3.353154384261524,                 0,                       0,                   0,                     0,                 0,                   0
0.08322981500000282,-4.112974524160264,-4.225140573365894,  -4.4408540061668,-5.707803055076383,           8, -3.35395554147769,                 0,                       0,                   0,                     0,                 0,                   0
0.08303812700000179,-4.113707720811639,-4.225162526671668,-4.440540830321352,-5.709091214466611,           8,-3.354753948355756,                 0,                       0,                   0,                     0,                 0,                   0
0.08184914400000309,-4.114450178418797, -4.22521363408175,-4.440273398544655, -5.71041520684175,           8,-3.355549503859526,                 0,                       0,                   0,                     0,                 0,                   0
0.0821686700000015,-4.115201046759579,-4.225295536923938,-4.440056534314901,-5.711773115172139,           8,-3.356342104323103,                 0,                       0,                   0,                     0,                 0,                   0
0.08238802300000003,-4.115959476638659,-4.225409807210645,-4.439894709837609,-5.713163031877991,           8,-3.357131646246633,                 0,                       0,                   0,                     0,                 0,                   0
0.08254931399999776,-4.116724628397746,-4.225557931770037,-4.439792040282302,-5.714583067589762,           8,-3.357918029123259,                 0,                       0,                   0,                     0,                 0,                   0
0.08328554300000235,-4.117495679362169,-4.225741297648695,-4.439752279543562,-5.716031358206451,           8,-3.358701158205901,                 0,                       0,                   0,                     0,                 0,                   0
0.08319568900000007,-4.118271829767476,-4.225961178980143,-4.439778818624151,-5.717506070293097,           8,-3.359480947127787,                 0,                       0,                   0,                     0,                 0,                   0
0.08216039399999886,-4.119052306910918, -4.22621872538092,-4.439874687450409,-5.719005404912656,           8,-3.360257320301211,                 0,                       0,                   0,                     0,                 0,                   0
0.08089396299999407,-4.119836367480223,-4.226514951840616,-4.440042560554804,-5.720527600032781,           8,-3.361030215027954,                 0,                       0,                   0,                     0,                 0,                   0
0.08098961700000018,-4.120623298204544,-4.226850730010823,-4.440284766659238,-5.722070931683038,           8,-3.361799583269172,                 0,                       0,                   0,                     0,                 0,                   0
0.08206555099999946,-4.121412415129702,-4.227226780779107,-4.440603301804084,-5.723633714061202,           8, -3.36256539303269,                 0,                       0,                   0,                     0,                 0,                   0
0.08205703499999828,-4.122203061929341,-4.227643668027753,-4.440999845351135,-5.725214298800294,           8,  -3.3633276293509,                 0,                       0,                   0,                     0,                 0,                   0
0.08267244099999971,-4.122994607717424,-4.228101793517295,-4.441475777950544,-5.726811073609114,           8,-3.364086294833735,                 0,                       0,                   0,                     0,                 0,                   0
0.08348022900000274,-4.123786444825436,  -4.2286013928913,-4.442032200442799, -5.72842246049287,           8, -3.36484140979513,                 0,                       0,                   0,                     0,                 0,                   0
0.08350600800000052,-4.124577986954924,-4.229142532859626,-4.442669952647703, -5.73004691374548,           8,-3.365593011963498,                 0,                       0,                   0,                     0,                 0,                   0
0.08122767600000458,-4.125368668023018,-4.229725109672665,-4.443389631083833,-5.731682917885794,           8,-3.366341155796552,                 0,                       0,                   0,                     0,                 0,                   0
0.08111052999999657,-4.126157941898595,-4.230348849040595,-4.444191604835896,-5.733328985687061,           8,-3.367085911432507,                 0,                       0,                   0,                     0,                 0,                   0
0.08131705800000333,-4.126945283095782,-4.231013307670234,-4.445076029022964,-5.734983656424766,           8,-3.367827363316748,                 0,                       0,                   0,                     0,                 0,                   0
0.08362719099999794, -4.12773018836408, -4.23171787658647,-4.446042855586172,-5.736645494443197,           8,-3.368565608550648,                 0,                       0,                   0,                     0,                 0,                   0
0.08131757900000025,-4.128512179003867,-4.232461786376163,-4.447091841391993,-5.738313088118661,           8,-3.369300755015165,                 0,                       0,                   0,                     0,                 0,                   0
0.07646078700000203,-4.128194376294013,-4.222710736095068,-4.423503860018722,-5.739997743684719,           7,-3.000629166039199,                 0,                       0,                   0,                     0,                 0,                   0
0.07563453399999531,-4.129531041467465, -4.23013838457405,-4.446046308793862,-5.741662554823768,           7,-3.001620948799677,                 0,                       0,                   0,                     0,                 0,                   0
0.07614833399999554,-4.130643117071265,-4.233405730361266,-4.449941973081277,-5.743268745573419,           7, -3.00245764771084,                 0,                       0,                   0,                     0,                 0,                   0
0.07477239199999985,-4.131582268602019,-4.235430298290514,  -4.4519106682732,-5.744912804961849,           7, -3.00317210788272,                 0,                       0,                   0,                     0,                 0,                   0
0.07640189299999633,-4.132408125169878,-4.236829021534901,-4.453549823807526,-5.746586373282904,           7,-3.003875609649097,                 0,                       0,                   0,                     0,                 0,                   0
0.07927777700000149,-4.133163609951554,-4.237838620826746, -4.45508836954268,-5.748272885369649,           7,-3.004608981072892,                 0,                       0,                   0,                     0,                 0,                   0
0.07697947600000532,-4.133880483889436,-4.238672773907901,-4.456734039910246,-5.749959450432258,           7,-3.005359909423921,                 0,                       0,                   0,                     0,                 0,                   0
0.07616867300000507,-4.134586212374894,-4.239516964511658,-4.458473466627318,-5.751637590753869,           7,-3.006110680716953,                 0,                       0,                   0,                     0,                 0,                   0
0.07482989199999679,-4.135298084521195,-4.240458131763225,-4.460290789554866,-5.753302772846438,           7,-3.006855504178936,                 0,                       0,                   0,                     0,                 0,                   0
0.07743236000000309,-4.136022128313851,-4.241511108410881,-4.462164533942626,-5.754953466793998,           7,-3.007596247775252,                 0,                       0,                   0,                     0,                 0,                   0
0.07710972799999638,-4.136755923330091,-4.242660230478937,-4.464085334979949,-5.756590072705588,           7,-3.008335898117745,                 0,                       0,                   0,                     0,                 0,                   0
0.07730750999999714,-4.137493383615366,-4.243878692742531,-4.466058221700817,-5.758213962058478,           7,-3.009076165596376,                 0,                       0,                   0,                     0,                 0,                   0
0.07676517399999483,-4.138228445756596,-4.245138386020093,-4.468091964877747, -5.75982672241907,           7,-3.009817611677388,                 0,                       0,                   0,                     0,                 0,                   0
0.07691678600000529,-4.138956639385855,-4.246416545203473,-4.470191526871155,-5.761429640211419,           7,-3.010560177945068,                 0,                       0,                   0,                     0,                 0,                   0
0.07671081800000223,-4.139675203764622,-4.247697978088334,-4.472356650490585,-5.763023445969786,           7,-3.011303494656188,                 0,                       0,                   0,                     0,                 0,                   0
0.07606154699999479,-4.140382675235315,-4.248973636097228,-4.474583375997306,-5.764608278108082,           7,-3.012047048103405,                 0,                       0,                   0,                     0,                 0,                   0
0.07693806700000039,-4.141078472640737,-4.250238337486282,-4.476865923020222,-5.766183760877025,           7,-3.012790296062759,                 0,                       0,                   0,                     0,                 0,                   0
0.07785521499999959,-4.141762629333576,-4.251489456054579,-4.479198179582525,-5.767749103728121,           7,-3.013532735391944,                 0,                       0,                   0,                     0,                 0,                   0
0.07605547500000398,-4.142435649168107,-4.252726598135608,-4.481574616353154,-5.769303187832001,           7,-3.014273923142391,                 0,                       0,                   0,                     0,                 0,                   0
0.0770140929999954,-4.143098422343441,-4.253951538863907,-4.483990592918117,-5.770844652241843,           7,-3.015013474392221,                 0,                       0,                   0,                     0,                 0,                   0
0.07643087900000012,-4.143752143140282,-4.255167898829488,-4.486442241609576,-5.772372000477283,           7,-3.015751060325087,                 0,                       0,                   0,                     0,                 0,                   0
0.07549588700000243,-4.144398194934436,-4.256380473239195,-4.488926208319957,-5.773883730249782,           7,-3.016486415122707,                 0,                       0,                   0,                     0,                 0,                   0
0.07443703599999907,-4.145037997839605,-4.257594368421383, -4.49143942008098,-5.775378468392159,           7,-3.017219347697229,                 0,                       0,                   0,                     0,                 0,                   0
0.0769645170000004,-4.145672841361477,-4.258814147923371,-4.493978905241644,-5.776855084493524,           7,  -3.0179497504823,                 0,                       0,                   0,                     0,                 0,                   0
0.07701606700000241,-4.146303739407866,-4.260043156766258, -4.49654164761113,-5.778312762111216,           7,-3.018677599673365,                 0,                       0,                   0,                     0,                 0,                   0
0.07502673199999776,-4.146931343025536,-4.261283139142599,-4.499124487045997, -5.77975101970058,           7,-3.019402945164297,                 0,                       0,                   0,                     0,                 0,                   0
0.07479667800000556,-4.147555929273099,-4.262534196597803,-4.501724100723756,-5.781169686914721,           7, -3.02012589162887,                 0,                       0,                   0,                     0,                 0,                   0
0.07665664399999628,-4.148177460961181,-4.263795051388231,-4.504337075715005,-5.782568850591307,           7,-3.020846574168993,                 0,                       0,                   0,                     0,                 0,                   0
0.0752631579999985,-4.148795692151745,-4.265063505881344,-4.506960040207582,-5.783948787246983,           7,-3.021565132797996,                 0,                       0,                   0,                     0,                 0,                   0
0.07464466599999753,-4.149410285757411,-4.266336953953587, -4.50958979749796,-5.785309896625368,           7,-3.022281689907047,                 0,                       0,                   0,                     0,                 0,                   0
0.07797571800000469,-4.150020913542567,-4.267612817239165,-4.512223418056215,-5.786652646101095,           7, -3.02299633394645,                 0,                       0,                   0,                     0,                 0,                   0
0.07756676900000059,-4.150627321105256,-4.268888833748779, -4.51485827642152,-5.787977530531751,           7,-3.023709111123611,                 0,                       0,                   0,                     0,                 0,                   0
0.07711430700000221,-4.151229354704257, -4.27016318933251,-4.517492047605979,-5.789285047758632,           7,-3.024420025330361,                 0,                       0,                   0,                     0,                 0,                   0
0.0763190329999901,-4.151826957887564,-4.271434527942405,-4.520122687415339,-5.790575687013313,           7,-3.025129045105124,                 0,                       0,                   0,                     0,                 0,                   0
0.07589758100000665,-4.152420151251466,-4.272701894331932,-4.522748413516646,-5.791849926128748,           7,-3.025836115432091,                 0,                       0,                   0,                     0,                 0,                   0
0.07468974300000752,-4.153009008405241, -4.27396465717307,-4.525367690146922,-5.793108233464078,           7,-3.026541171699873,                 0,                       0,                   0,                     0,                 0,                   0
0.07443198600000756,-4.153593637143179,-4.275222442896433,-4.527979210098493,-5.794351071386227,           7, -3.02724415320144,                 0,                       0,                   0,                     0,                 0,                   0
0.07648490299999366,-4.154174169375118,-4.276475091408795, -4.53058186735403,-5.795578899478952,           7,-3.027945014066959,                 0,                       0,                   0,                     0,                 0,                   0
0.07523711700000035,-4.154750758694923,-4.277722630457649,-4.533174719608269,-5.796792176895798,           7,-3.028643730325592,                 0,                       0,                   0,                     0,                 0,                   0
0.07521539600000438,-4.155323581843015,-4.278965257894809,-4.535756946041157,-5.797991364120902,           7,-3.029340302686048,                 0,                       0,                   0,                     0,                 0,                   0
0.0767457160000049,-4.155892839950135,-4.280203319955922,-4.538327807919369,-5.799176924725085,           7,-3.030034755415438,                 0,                       0,                   0,                     0,                 0,                   0
0.07665234600000304,-4.156458756711734,-4.281437277209316,-4.540886617505705, -5.80034932756709,           7,-3.030727132249658,                 0,                       0,                   0,                     0,                 0,                   0
0.07682867599999099,-4.157021572562098,-4.282667655819274,-4.543432716727962,-5.801509049469973,           7, -3.03141749053074,                 0,                       0,                   0,                     0,                 0,                   0
0.07723205300000302,-4.157581535629843,-4.283894987963058,-4.545965463884418,-5.802656577930501,           7,-3.032105894750057,                 0,                       0,                   0,                     0,                 0,                   0
0.07488295499999253,-4.158138891273286,-4.285119749747378,-4.548484225684715,-5.803792413096015,           7,-3.032792410457216,                 0,                       0,                   0,                     0,                 0,                   0
0.07437539699999718,-4.158693872225203,-4.286342306660847,-4.550988372743401,-5.804917068181028,           7,-3.033477099167266,                 0,                       0,                   0,                     0,                 0,                   0
0.07828486300000748,-4.159246690998615,-4.287562875329482,-4.553477277980797,-5.806031067707292,           7,-3.034160014559285,                 0,                       0,                   0,                     0,                 0,                   0
0.0770956300000023,-4.159797535499896,-4.288781506837738, -4.55595031814664,-5.807134943356393,           7,-3.034841199978938,                 0,                       0,                   0,                     0,                 0,                   0
0.07507803100000388,-4.160346568024328,-4.289998092387806,-4.558406878542145,-5.808229227697143,           7,-3.035520687076439,                 0,                       0,                   0,                     0,                 0,                   0
0.07670767300000136,-4.160893927160274,-4.291212387896635,-4.560846360320016,-5.809314446460466,           7,-3.036198495328064,                 0,                       0,                   0,                     0,                 0,                   0
0.07476619999999912,-4.161439731705634,-4.292424051245591,-4.563268189080622,-5.810391110290613,           7,-3.036874632191227,                 0,                       0,                   0,                     0,                 0,                   0
0.07472439899999017,-4.161984085535476,-4.293632684737328, -4.56567182326867,-5.811459706961161,           7,-3.037549093691982,                 0,                       0,                   0,                     0,                 0,                   0
0.07539777699999206,-4.162527082429501, -4.29483787579552,-4.568056761166297,-5.812520694919168,           7,-3.038221865311291,                 0,                       0,                   0,                     0,                 0,                   0
0.07409072699999797,-4.163068810108714,-4.296039230617581, -4.57042254586628,-5.813574498762817,           7,-3.038892923093746,                 0,                       0,                   0,                     0,                 0,                   0
0.07762051199999576,-4.163609353059075,-4.297236397744071,-4.572768768184994,-5.814621506933292,           7,-3.039562234940028,                 0,                       0,                   0,                     0,                 0,                   0
0.07744090599999254,-4.164148794050216,-4.298429080770933,-4.575095067829592,-5.815662071580278,           7,-3.040229762052638,                 0,                       0,                   0,                     0,                 0,                   0
0.07755438400000969, -4.16468721452213,-4.299617041270644,-4.577401133206967,-5.816696510296611,           7,-3.040895460497449,                 0,                       0,                   0,                     0,                 0,                   0
 0.077234157999996,-4.165224694171958,-4.300800094185375,-4.579686700152086,-5.817725109243124,           7, -3.04155928282233,                 0,                       0,                   0,                     0,                 0,                   0
0.07698287300000572,-4.165761310121857,-4.301978098466551,-4.581951549686186,-5.818748127111237,           7,-3.042221179656577,                 0,                       0,                   0,                     0,                 0,                   0
0.07763732499999776,-4.166297136006602,-4.303150945664586,-4.584195504825716,-5.819765799389036,           7,-3.042881101204388,                 0,                       0,                   0,                     0,                 0,                   0
0.0750581220000015,-4.166832241223251,-4.304318548691943,-4.586418426488038,-5.820778342482827,           7,-3.043538998548888,                 0,                       0,                   0,                     0,                 0,                   0
0.07684701099999813,-4.167366690471742,-4.305480832294219,-4.588620208666765,-5.821785957373284,           7,-3.044194824700142,                 0,                       0,                   0,                     0,                 0,                   0
0.07778498900000841, -4.16790054361515,-4.306637726036695,-4.590800773216321,-5.822788832621398,           7, -3.04484853534631,                 0,                       0,                   0,                     0,                 0,                   0
0.07499445999999921,-4.168433855818155,-4.307789159982733,-4.592960064724478,-5.823787146663912,           7,-3.045500089299505,                 0,                       0,                   0,                     0,                 0,                   0
0.07512970100000871,-4.168966677885354,-4.308935062770626,-4.595098046019609,-5.824781069431456,           7,-3.046149448658309,                 0,                       0,                   0,                     0,                 0,                   0
0.07644163000000503,-4.169499056713216,-4.310075361517482,-4.597214694830677,-5.825770763382541,           7,-3.046796578733987,                 0,                       0,                   0,                     0,                 0,                   0
0.07487021999999399,-4.170031035780063,-4.311209982869417,  -4.5993100020086,-5.826756384071432,           7,-3.047441447802976,                 0,                       0,                   0,                     0,                 0,                   0
0.07478373399999327, -4.17056265561906,-4.312338854543516,-4.601383971541489,-5.827738080367606,           7,-3.048084026754792,                 0,                       0,                   0,                     0,                 0,                   0
0.07758456300000205,-4.171093954241556,-4.313461906819546,-4.603436622396744,-5.828715994427367,           7,-3.048724288699423,                 0,                       0,                   0,                     0,                 0,                   0
0.07610681500000283,-4.171624967497872,-4.314579073595911,-4.605467992024784,-5.829690261495472,           7,-3.049362208587117,                 0,                       0,                   0,                     0,                 0,                   0
0.0754020960000048,-4.172155729378033,-4.315690292789763,-4.607478141194802,-5.830661009592626,           7,-3.049997762875831,                 0,                       0,                   0,                     0,                 0,                   0
0.07643851299999938,-4.172686272264621,-4.316795506013511,-4.609467159721321,-5.831628359129827,           7,-3.050630929266203,                 0,                       0,                   0,                     0,                 0,                   0
0.07592148599999859,-4.173216627154554,-4.317894657582549,-4.611435172589993,-5.832592422481881,           7,-3.051261686504296,                 0,                       0,                   0,                     0,                 0,                   0
0.07894871300000261,-4.173746823866533,-4.318987692998485, -4.61338234600114,-5.833553303550858,           7,  -3.0518900142426,                 0,                       0,                   0,                     0,                 0,                   0
0.07459367600000633,-4.174276891247152,-4.320074557103476,-4.615308892908826,-5.834511097351824,           7,-3.052515892939225,                 0,                       0,                   0,                     0,                 0,                   0
0.0764649449999979,-4.174806857382515,-4.321155192118612,-4.617215077724445,-5.835465889655684,           7,-3.053139303774536,                 0,                       0,                   0,                     0,                 0,                   0
0.07613324499999408,-4.175336749814751, -4.32222953576585,-4.619101219960858,-5.836417756723979,           7,-3.053760228563779,                 0,                       0,                   0,                     0,                 0,                   0
0.07640855500000043,-4.175866595756057,-4.323297519636819,-4.620967696692717,-5.837366765167897,           7,-3.054378649650718,                 0,                       0,                   0,                     0,                 0,                   0
0.07559343399999818,-4.176396422287588,-4.324359067920608,-4.622814943798586,-5.838312971956643,           7, -3.05499454977301,                 0,                       0,                   0,                     0,                 0,                   0
0.07634827999999061,-4.176926256527831,-4.325414096546003,-4.624643456014613, -5.83925642459057,           7,-3.055607911898133,                 0,                       0,                   0,                     0,                 0,                   0
0.07479484400001013,-4.177456125755567,-4.326462512740624,-4.626453785874602,-5.840197161442506,           7,-3.056218719034403,                 0,                       0,                   0,                     0,                 0,                   0
0.07549832100001197,-4.177986057475748,-4.327504214965408,-4.628246541634305,-5.841135212258942,           7,-3.056826954027999,                 0,                       0,                   0,                     0,                 0,                   0
0.07585883599999477,-4.178516079422213, -4.32853909315495,-4.630022384287413,-5.842070598801751,           7,-3.057432599358354,                 0,                       0,                   0,                     0,                 0,                   0
0.07627466799999638,-4.179046219498021,-4.329567029179972,-4.631782023779517,-5.843003335603258,           7,-3.058035636947296,                 0,                       0,                   0,                     0,                 0,                   0
0.07594574399999487,-4.179576505661228,-4.330587897449171,-4.633526214518528,-5.843933430802221,           7,-3.058636047995065,                 0,                       0,                   0,                     0,                 0,                   0
0.07452158799999609,-4.180106965769791, -4.33160156557968,-4.635255750272505,-5.844860887027096,           7,-3.059233812854332,                 0,                       0,                   0,                     0,                 0,                   0
0.07678307699998754,-4.180637627403653,-4.332607895082365,-4.636971458534909,-5.845785702293999,           7,-3.059828910951016,                 0,                       0,                   0,                     0,                 0,                   0
0.0754813379999888,-4.181168517683455,-4.333606742029319,-4.638674194432107,-5.846707870890853,           7,-3.060421320755196,                 0,                       0,                   0,                     0,                 0,                   0
0.07663906999999881,-4.181699663104792,-4.334597957689236,-4.640364834241133,-5.847627384224984,           7,-3.061011019804532,                 0,                       0,                   0,                     0,                 0,                   0
0.07595055300001263,-4.182231089403621,-4.335581389129445,-4.642044268588368,-5.848544231616817,           7,-3.061597984776242,                 0,                       0,                   0,                     0,                 0,                   0
0.07591472400000043,-4.182762821463974,-4.336556879794956,-4.643713395397825,-5.849458401029492,           7,-3.062182191604505,                 0,                       0,                   0,                     0,                 0,                   0
0.07570900700000038,-4.183294883273475,-4.337524270075876,-4.645373112669641,-5.850369879728437,           7,-3.062763615635188,                 0,                       0,                   0,                     0,                 0,                   0
0.07500208400000474,-4.183827297926904,-4.338483397876956,-4.647024311170376,-5.851278654870615,           7,-3.063342231811728,                 0,                       0,                   0,                     0,                 0,                   0
0.07513063199999692,-4.184360087672993, -4.33943409919645,-4.648667867135724, -5.85218471402485,           7,-3.063918014882371,                 0,                       0,                   0,                     0,                 0,                   0
0.07467155700000205,-4.184893273996416,-4.340376208719091,-4.650304635084814,-5.853088045627818,           7,-3.064490939622653,                 0,                       0,                   0,                     0,                 0,                   0
0.07552508199999863,-4.185426877724505,-4.341309560420099,-4.651935440863792,-5.853988639380266,           7,-3.065060981063997,                 0,                       0,                   0,                     0,                 0,                   0
0.07695886600001245,-4.185960919147798,-4.342233988172756,-4.653561075032265,-5.854886486588294,           7,-3.065628114721789,                 0,                       0,                   0,                     0,                 0,                   0
0.07467760900000542, -4.18649541814422,-4.343149326348517,-4.655182286708774,-5.855781580454194,           7,-3.066192316817424,                 0,                       0,                   0,                     0,                 0,                   0
0.07603554700000359,-4.187030394298254,-4.344055410395017,-4.656799777985563,-5.856673916320467,           7,-3.066753564487867,                 0,                       0,                   0,                     0,                 0,                   0
0.07533360400000788,-4.187565867008944,-4.344952077376769,-4.658414199009396, -5.85756349186993,           7,-3.067311835978535,                 0,                       0,                   0,                     0,                 0,                   0
0.0754681420000054,-4.188101855583167,-4.345839166463931,-4.660026143807672,-5.858450307284764,           7,-3.067867110815305,                 0,                       0,                   0,                     0,                 0,                   0
0.07513133300000163,-4.188638379313022,-4.346716519354985,-4.661636146920125,-5.859334365366951,           7,-3.068419369952669,                 0,                       0,                   0,                     0,                 0,                   0
0.07635023299999943,-4.189175457538513,-4.347583980622471,-4.663244680869438,-5.860215671622886,           7, -3.06896859589509,                 0,                       0,                   0,                     0,                 0,                   0
0.07513044200000252,-4.189713109698257,-4.348441397974476,-4.664852154482114,  -5.8610942343159,           7,-3.069514772790249,                 0,                       0,                   0,                     0,                 0,                   0
  0.07884429100001,-4.190251355371871,-4.349288622426828,-4.666458912047244,-5.861970064490468,           7,-3.070057886492739,                 0,                       0,                   0,                     0,                 0,                   0
0.0745759229999976,-4.190790214318044,-4.350125508386993,-4.668065233277665, -5.86284317597347,           7,-3.070597924598072,                 0,                       0,                   0,                     0,                 0,                   0
0.07538241800000378,-4.191329706511993,-4.350951913652846,-4.669671334022932,-5.863713585357915,           7,-3.071134876447474,                 0,                       0,                   0,                     0,                 0,                   0
0.07580700600000512,-4.191869852185103,-4.351767699334379,-4.671277367667109,-5.864581311975505,           7,-3.071668733104644,                 0,                       0,                   0,                     0,                 0,                   0
0.07448512800000628,-4.192410671868388,-4.352572729708811,-4.672883427137696,-5.865446377864196,           7,-3.072199487306484,                 0,                       0,                   0,                     0,                 0,                   0
0.07634272900000383,-4.192952186440105,-4.353366872022877,-4.674489547441863,-5.866308807737222,           7,-3.072727133390298,                 0,                       0,                   0,                     0,                 0,                   0
0.07464862299998742,-4.193494417176383, -4.35414999625687,-4.676095708650661,-5.867168628958773,           7,-3.073251667200505,                 0,                       0,                   0,                     0,                 0,                   0
0.07627376599999991,-4.194037385802744,-4.354921974867907,-4.677701839242993,-5.868025871531642,           7,-3.073773085978576,                 0,                       0,                   0,                     0,                 0,                   0
0.07514168299999824,-4.194581114543365,-4.355682682528103,-4.679307819734614,-5.868880568100154,           7,-3.074291388239566,                 0,                       0,                   0,                     0,                 0,                   0
0.07533538600000611,-4.195125626164563,-4.356431995875545,-4.680913486512548,-5.869732753971142,           7,-3.074806573639873,                 0,                       0,                   0,                     0,                 0,                   0
0.07413715699999557,-4.195670944008857,-4.357169793292765,-4.682518635806833,-5.870582467153768,           7,-3.075318642839287,                 0,                       0,                   0,                     0,                 0,                   0
0.07526572199999748,-4.196217092016514, -4.35789595472875,-4.684123027731082,-5.871429748418475,           7,-3.075827597361963,                 0,                       0,                   0,                     0,                 0,                   0
0.07679658399999312,-4.196764094731858,-4.358610361576252,-4.685726390336026,-5.872274641373236,           7,-3.076333439459588,                 0,                       0,                   0,                     0,                 0,                   0
0.0765086880000041, -4.19731197729294,-4.359312896616201,-4.687328423616443,-5.873117192555038,           7,-3.076836171979478,                 0,                       0,                   0,                     0,                 0,                   0
0.07715943400000924,-4.197860765404125, -4.36000344403725,-4.688928803423336,-5.873957451532924,           7, -3.07733579824196,                 0,                       0,                   0,                     0,                 0,                   0
0.07677018199998997,-4.198410485292035,-4.360681889536934,-4.690527185234381,-5.874795471018887,           7, -3.07783232192767,                 0,                       0,                   0,                     0,                 0,                   0
0.07611926799999935, -4.19896116364677,-4.361348120507032,-4.692123207737961,-5.875631306981869,           7,-3.078325746978518,                 0,                       0,                   0,                     0,                 0,                   0
0.07693654300000219, -4.19951282755074,-4.362002026304166,  -4.6937164961934,-5.876465018760321,           7,-3.078816077512386,                 0,                       0,                   0,                     0,                 0,                   0
0.07787798799999734,-4.200065504398165,-4.362643498602775,-4.695306665531882,-5.877296669168173,           7,-3.079303317753706,                 0,                       0,                   0,                     0,                 0,                   0
0.08444367499998862,-4.200619221808792,-4.363272431826127,  -4.6968933231647,-5.878126324589836,           7, -3.07978747198002,                 0,                       0,                   0,                     0,                 0,                   0
0.07983103300000494,-4.201174007539052,-4.363888723647692,-4.698476071478269,-5.878954055059427,           7,-3.080268544484391,                 0,                       0,                   0,                     0,                 0,                   0
0.0807961030000115,-4.201729889393987,-4.364492275553716,-4.700054509992569, -5.87977993432004,           7,-3.080746539554093,                 0,                       0,                   0,                     0,                 0,                   0
0.08125292399999751,-4.202286895142718,-4.365082993456794,-4.701628237172907,-5.880604039859722,           7,-3.081221461464285,                 0,                       0,                   0,                     0,                 0,                   0
0.07930213400000241,-4.202845052439658,-4.365660788347621,-4.703196851893136, -5.88142645292052,           7,-3.081693314485398,                 0,                       0,                   0,                     0,                 0,                   0
0.07818209399999887,-4.203404388753034,-4.366225576973336,-4.704759954551726,-5.882247258478767,           7,-3.082162102904117,                 0,                       0,                   0,                     0,                 0,                   0
0.08040580200000136, -4.20396493130176,-4.366777282528413,-4.706317147859933,-5.883066545194267,           7,-3.082627831054336,                 0,                       0,                   0,                     0,                 0,                   0
0.0793220620000028, -4.20452670700083,-4.367315835346208,-4.707868037321656,-5.883884405327849,           7,-3.083090503358175,                 0,                       0,                   0,                     0,                 0,                   0
0.07842369999998766,-4.205089742415257,-4.367841173577906,-4.709412231438442,-5.884700934626841,           7,-3.083550124373517,                 0,                       0,                   0,                     0,                 0,                   0
0.07894614699999636,-4.205654063721715,-4.368353243847181,-4.710949341681797,-5.885516232178824,           7,-3.084006698847018,                 0,                       0,                   0,                     0,                 0,                   0
0.07766345499999261,-4.206219696677305,-4.368852001869698,-4.712478982271675,-5.886330400235488,           7,-3.084460231769322,                 0,                       0,                   0,                     0,                 0,                   0
0.07719564299999604,-4.206786666594313,-4.369337413026812,-4.714000769819634,-5.887143544007936,           7,-3.084910728431734,                 0,                       0,                   0,                     0,                 0,                   0
0.0777271380000002,-4.207354998319981,-4.369809452885053,-4.715514322883718,-5.887955771436203,           7, -3.08535819448086,                 0,                       0,                   0,                     0,                 0,                   0
0.07840682699999491,-4.207924716220558, -4.37026810765395,-4.717019261487601,-5.888767192936417,           7,-3.085802635970004,                 0,                       0,                   0,                     0,                 0,                   0
0.07652153300000464,-4.208495844168764,-4.370713374575336,-4.718515206660491,-5.889577921128589,           7,-3.086244059405729,                 0,                       0,                   0,                     0,                 0,                   0
0.07665711399999964,-4.209068405534227, -4.37114526224019,-4.720001780039832,-5.890388070549331,           7,-3.086682471787705,                 0,                       0,                   0,                     0,                 0,                   0
0.07836391499999706,-4.209642423176608,-4.371563790829608,-4.721478603583479,-5.891197757353404,           7,-3.087117880640896,                 0,                       0,                   0,                     0,                 0,                   0
0.07718407099999069,-4.210217919441199,-4.371968992278142, -4.72294529942747,-5.892007099008288,           7,-3.087550294038549,                 0,                       0,                   0,                     0,                 0,                   0
0.07678373900000679,-4.210794916157054,-4.372360910359837,-4.724401489917645, -5.89281621398588,           7,-3.087979720616422,                 0,                       0,                   0,                     0,                 0,                   0
0.07640974800000322,-4.211373434637717, -4.37273960069845,-4.725846797836912,-5.893625221455571,           7,-3.088406169576851,                 0,                       0,                   0,                     0,                 0,                   0
0.07782161900000517,-4.211953495684466,-4.373105130704223,-4.727280846844029,-5.894434240982282,           7,-3.088829650683006,                 0,                       0,                   0,                     0,                 0,                   0
0.07684978600001102,-4.212535119592316,-4.373457579441853,-4.728703262125204,-5.895243392233141,           7,-3.089250174244147,                 0,                       0,                   0,                     0,                 0,                   0
0.07636229599999922,-4.213118326158436,-4.373797037434926,-4.730113671259108,-5.896052794696225,           7,-3.089667751091216,                 0,                       0,                   0,                     0,                 0,                   0
0.07695045999999195,-4.213703134692807,-4.374123606411715,-4.731511705288116,-5.896862567413866,           7,-3.090082392544565,                 0,                       0,                   0,                     0,                 0,                   0
0.07577137799999889,-4.214289564030786,-4.374437399000471,-4.732896999975413,-5.897672828733159,           7,-3.090494110374301,                 0,                       0,                   0,                     0,                 0,                   0
0.07742077700000038,-4.214877632546888,-4.374738538380398, -4.73426919723134,-5.898483696075782,           7,-3.090902916754614,                 0,                       0,                   0,                     0,                 0,                   0
0.07613589000000331, -4.21546735816918,-4.375027157895253, -4.73562794668531,-5.899295285728392,           7,-3.091308824212699,                 0,                       0,                   0,                     0,                 0,                   0
0.07744029500000238,-4.216058758393569,-4.375303400637594,-4.736972907368659,-5.900107712655132,           7,-3.091711845574731,                 0,                       0,                   0,                     0,                 0,                   0
0.07690713699999208,-4.216651850297099,-4.375567419009705,-4.738303749486662,-5.900921090332568,           7,-3.092111993908927,                 0,                       0,                   0,                     0,                 0,                   0
0.07692572300000222, -4.21724665054966,-4.375819374268685,-4.739620156238002,-5.901735530607706,           7,-3.092509282468311,                 0,                       0,                   0,                     0,                 0,                   0
0.07511915999999985,-4.217843175423301, -4.37605943606097,-4.740921825656862,-5.902551143578721,           7, -3.09290372463346,                 0,                       0,                   0,                     0,                 0,                   0
0.07538332900000455,-4.218441440798737,-4.376287781952809,-4.742208472436415,-5.903368037498254,           7,-3.093295333857383,                 0,                       0,                   0,                     0,                 0,                   0
0.07560222099999692,-4.219041462168677,-4.376504596960749,-4.743479829707594,-5.904186318698224,           7,-3.093684123612945,                 0,                       0,                   0,                     0,                 0,                   0
0.07653648200000873,-4.219643254637784, -4.37671007308766,-4.744735650736159,-5.905006091535332,           7,-3.094070107344809,                 0,                       0,                   0,                     0,                 0,                   0
0.07676376999999945,-4.220246832919372,-4.376904408867103, -4.74597571051234,-5.905827458355719,           7,-3.094453298425287,                 0,                       0,                   0,                     0,                 0,                   0
0.07560463500000481,-4.220852211329018,-4.377087808920338,-4.747199807202288,-5.906650519477331,           7,-3.094833710116789,                 0,                       0,                   0,                     0,                 0,                   0
0.07609499099999084,-4.221459403775552,-4.377260483528266,-4.748407763439237,-5.907475373188063,           7,-3.095211355539662,                 0,                       0,                   0,                     0,                 0,                   0
0.07518423499999471,-4.222068423749955,-4.377422648221109,-4.749599427429474,-5.908302115757905,           7, -3.09558624764699,                 0,                       0,                   0,                     0,                 0,                   0
0.07581126399999505,-4.222679284312751,-4.377574523387065,-4.750774673860154,-5.909130841462948,           7,-3.095958399205628,                 0,                       0,                   0,                     0,                 0,                   0
0.07605253900000264,-4.223291998080667,-4.377716333902328,-4.751933404589019,-5.909961642619145,           7,-3.096327822784194,                 0,                       0,                   0,                     0,                 0,                   0
0.07554464999999766,-4.223906577213164,-4.377848308782822,-4.753075549112297,-5.910794609623578,           7,-3.096694530747774,                 0,                       0,                   0,                     0,                 0,                   0
0.07498941899999068,-4.224523033399554,-4.377970680858799,-4.754201064800644,-5.911629831001172,           7,-3.097058535258253,                 0,                       0,                   0,                     0,                 0,                   0
0.07572438600000453,-4.225141377847261,-4.378083686472584,-4.755309936902747,-5.912467393454781,           7,-3.097419848280893,                 0,                       0,                   0,                     0,                 0,                   0
0.07637281700000642,-4.225761621271711,-4.378187565198757,-4.756402178323031,-5.913307381916577,           7,-3.097778481595607,                 0,                       0,                   0,                     0,                 0,                   0
0.07579001300000243,-4.226383773888252,-4.378282559586736,-4.757477829175688,-5.914149879598911,           7,-3.098134446813277,                 0,                       0,                   0,                     0,                 0,                   0
0.07616830199999924, -4.22700784540636,-4.378368914924492,-4.758536956129884,-5.914994968042987,           7,-3.098487755394904,                 0,                       0,                   0,                     0,                 0,                   0
0.07479786000000388,-4.227633845026295,-4.378446879022105,-4.759579651557741,-5.915842727163914,           7,-3.098838418674532,                 0,                       0,                   0,                     0,                 0,                   0
0.07456983100000514,-4.228261781438261,-4.378516702012758,-4.760606032505853,-5.916693235290757,           7,-3.099186447883398,                 0,                       0,                   0,                     0,                 0,                   0
0.07516539899999941,-4.228891662824061,-4.378578636169876,-4.761616239506373,-5.917546569200666,           7,-3.099531854176088,                 0,                       0,                   0,                     0,                 0,                   0
0.07633118600000444,-4.229523496861098,-4.378632935737042, -4.76261043525284,-5.918402804146368,           7,-3.099874648656217,                 0,                       0,                   0,                     0,                 0,                   0
0.07630936300000712, -4.23015729072863,-4.378679856768275,-4.763588803161825,-5.919262013876534,           7, -3.10021484240245,                 0,                       0,                   0,                     0,                 0,                   0
0.07689403100000902,-4.230793051116071,-4.378719656975575,-4.764551545849093,-5.920124270648477,           7,-3.100552446492756,                 0,                       0,                   0,                     0,                 0,                   0
0.07526937899999098,-4.231430784233118,-4.378752595581304,-4.765498883535716,-5.920989645233808,           7,-3.100887472027683,                 0,                       0,                   0,                     0,                 0,                   0
0.07520601699999929, -4.23207049582153, -4.37877893317143,-4.766431052420524,-5.921858206916662,           7,-3.101219930150433,                 0,                       0,                   0,                     0,                 0,                   0
0.07695732300000202,-4.232712191168285,-4.378798931547853,-4.767348303032857,-5.922730023485292,           7,-3.101549832065075,                 0,                       0,                   0,                     0,                 0,                   0
0.07490168000001063,-4.233355875119969,-4.378812853576473,-4.768250898593402,-5.923605161217615,           7,-3.101877189050992,                 0,                       0,                   0,                     0,                 0,                   0
0.07566492200000141, -4.23400155209811,-4.378820963029096,-4.769139113401993,-5.924483684861517,           7,-3.102202012474553,                 0,                       0,                   0,                     0,                 0,                   0
0.07651162400000544, -4.23464922611526,-4.378823524417021, -4.77001323127482,-5.925365657610667,           7,-3.102524313796854,                 0,                       0,                   0,                     0,                 0,                   0
0.07378791300000387,-4.235298900791639, -4.37882080281517,-4.770873544043901,-5.926251141077186,           7,  -3.1028441045788,                 0,                       0,                   0,                     0,                 0,                   0
0.0765356399999888,-4.235950579372052,-4.378813063675426,-4.771720350138886,-5.927140195261955,           7,-3.103161396481956,                 0,                       0,                   0,                     0,                 0,                   0
0.07633506400000556,-4.236604264742879,-4.378800572628914,-4.772553953259787,-5.928032878523999,           7, -3.10347620126705,                 0,                       0,                   0,                     0,                 0,                   0
0.07512682399999449, -4.23725995944887,-4.378783595277096,-4.773374661156401, -5.92892924754968,           7,-3.103788530789184,                 0,                       0,                   0,                     0,                 0,                   0
0.07468271800000537,-4.237917665709563,-4.378762396972669,-4.774182784515438, -5.92982935732323,           7,-3.104098396990754,                 0,                       0,                   0,                     0,                 0,                   0
0.07606251800000052,-4.238577385434979, -4.37873724259062,-4.774978635967327,-5.930733261099403,           7,-3.104405811892277,                 0,                       0,                   0,                     0,                 0,                   0
0.07580268800001022,-4.239239120240427,-4.378708396291303,-4.775762529212376,-5.931641010379278,           7,-3.104710787581392,                 0,                       0,                   0,                     0,                 0,                   0
0.0747755880000085, -4.23990287146021,-4.378676121277246, -4.77653477826651,-5.932552654890189,           7,-3.105013336201044,                 0,                       0,                   0,                     0,                 0,                   0
0.07875114099999792,-4.240568640160001, -4.37864067954574,-4.777295696827144, -5.93346824257042,           7,-3.105313469936545,                 0,                       0,                   0,                     0,                 0,                   0
0.08281503500001008,-4.241236427147739,-4.378602331639218,-4.778045597753741,-5.934387819559409,           7,-3.105611201002871,                 0,                       0,                   0,                     0,                 0,                   0
0.08143393299999957,-4.241906232982988,-4.378561336396642, -4.77878479265746, -5.93531143019379,           7,-3.105906541631847,                 0,                       0,                   0,                     0,                 0,                   0
0.08077955100000622,-4.242578057984614,-4.378517950707565,-4.779513591592843,-5.936239117009834,           7,  -3.1061995040604,                 0,                       0,                   0,                     0,                 0,                   0
0.08110677199999827,-4.243251902236833,-4.378472429272048, -4.78023230284239,-5.937170920752286,           7,-3.106490100519865,                 0,                       0,                   0,                     0,                 0,                   0
0.07973550900000248,-4.243927765593649,-4.378425024368483,-4.780941232784921,-5.938106880389579,           7,-3.106778343226412,                 0,                       0,                   0,                     0,                 0,                   0
0.07871515099999726,-4.244605647681774,-4.378375985631699,-4.781640685832371,-5.939047033135719,           7,-3.107064244373676,                 0,                       0,                   0,                     0,                 0,                   0
0.08084994700000436,-4.245285547902184,-4.378325559843784,-4.782330964432302,-5.939991414477778,           7,-3.107347816127229,                 0,                       0,                   0,                     0,                 0,                   0
0.07992812000000526,-4.245967465430481,-4.378273990739377,-4.783012369111467,-5.940940058209533,           7,-3.107629070621091,                 0,                       0,                   0,                     0,                 0,                   0
0.0797065229999987,-4.246651399216267,-4.378221518826646, -4.78368519856085,-5.941892996469936,           7,-3.107908019956685,                 0,                       0,                   0,                     0,                 0,                   0
0.07953905099999758,-4.247337347981808,-4.378168381225898, -4.78434974974213,-5.942850259786258,           7,-3.108184676203797,                 0,                       0,                   0,                     0,                 0,                   0
0.07761678399999994,-4.248025310220177,-4.378114811526845,-4.785006318007232,-5.943811877120905,           7,-3.108459051404258,                 0,                       0,                   0,                     0,                 0,                   0
0.07744662599999685,-4.248715284193121,-4.378061039664282,-4.785655197220765,-5.944777875921385,           7,-3.108731157577229,                 0,                       0,                   0,                     0,                 0,                   0
0.07743651699999532, -4.24940726792896,-4.378007291813685,-4.786296679875643,-5.945748282172184,           7,-3.109001006726591,                 0,                       0,                   0,                     0,                 0,                   0
0.07867006499999718,-4.250101259220653,-4.377953790306323,-4.786931057190647,-5.946723120448202,           7,-3.109268610850696,                 0,                       0,                   0,                     0,                 0,                   0
0.07718710600001089,-4.250797255624283,-4.377900753562773,-4.787558619188099,-5.947702413968471,           7,-3.109533981952553,                 0,                       0,                   0,                     0,                 0,                   0
0.07760826800000586,-4.251495254458051, -4.37784839604545,-4.788179654741526,-5.948686184649388,           7,-3.109797132052362,                 0,                       0,                   0,                     0,                 0,                   0
0.07563003399999957,-4.252195252802103,-4.377796928228751,-4.788794451588705,-5.949674453156787,           7,-3.110058073200145,                 0,                       0,                   0,                     0,                 0,                   0
0.07650433000000589,-4.252897247499006,-4.377746556585106,-4.789403296310077,-5.950667238956028,           7,-3.110316817489482,                 0,                       0,                   0,                     0,                 0,                   0
0.07913262700000701,-4.253601235155284, -4.37769748358684,-4.790006474267318,-5.951664560359269,           7,-3.110573377071487,                 0,                       0,                   0,                     0,                 0,                   0
0.07801304799998832,-4.254307212143729,-4.377649907720991,-4.790604269503773,-5.952666434569563,           7,-3.110827764168511,                 0,                       0,                   0,                     0,                 0,                   0
0.07662674500001287, -4.25501517460681,-4.377604023516238,-4.791196964605557,-5.953672877721079,           7,-3.111079991087683,                 0,                       0,                   0,                     0,                 0,                   0
0.07590695899999389,-4.255725118460931, -4.37756002158015,-4.791784840525814,-5.954683904915189,           7,-3.111330070233861,                 0,                       0,                   0,                     0,                 0,                   0
0.07701426299999525,-4.256437039401685,-4.377518088644569,-4.792368176375164, -5.95569953025206,           7,-3.111578014121527,                 0,                       0,                   0,                     0,                 0,                   0
0.07727154900000244,-4.257150932909945, -4.37747840761762,-4.792947249180241,-5.956719766857655,           7,-3.111823835385744,                 0,                       0,                   0,                     0,                 0,                   0
0.07746477099999538,-4.257866794258822,-4.377441157640688,-4.793522333616353,-5.957744626905974,           7,-3.112067546791766,                 0,                       0,                   0,                     0,                 0,                   0
0.07720694400001094,-4.258584618521338,-4.377406514148415,-4.794093701717049,-5.958774121636744,           7,-3.112309161243045,                 0,                       0,                   0,                     0,                 0,                   0
0.07516959699999859,-4.259304400578785,-4.377374648930133,-4.794661622566283,-5.959808261368662,           7,  -3.1125486917877,                 0,                       0,                   0,                     0,                 0,                   0
0.07570347600000105,-4.260026135129657,-4.377345730191313,-4.795226361979551,-5.960847055508476,           7,-3.112786151623632,                 0,                       0,                   0,                     0,                 0,                   0
0.07585879500000203,-4.260749816699064,-4.377319922613871, -4.79578818217868,-5.961890512556147,           7,-3.113021554101595,                 0,                       0,                   0,                     0,                 0,                   0
0.07640096099999028, -4.26147543964851,-4.377297387413866,-4.796347341464456,-5.962938640106816,           7,-3.113254912726832,                 0,                       0,                   0,                     0,                 0,                   0
0.07485964900000397,-4.262202998185955,-4.377278282396023,-4.796904093896356, -5.96399144484966,           7, -3.11348624115904,                 0,                       0,                   0,                     0,                 0,                   0
0.07656583899999703,-4.262932486376011,-4.377262762003901,-4.797458688980789,-5.965048932564542,           7,-3.113715553211007,                 0,                       0,                   0,                     0,                 0,                   0
0.07771719800000199,-4.263663898150202,-4.377250977365378,-4.798011371374804,-5.966111108116885,           7, -3.11394286284572,                 0,                       0,                   0,                     0,                 0,                   0
0.07588335299999471,-4.264397227317163,-4.377243076333062,-4.798562380610916,-5.967177975451305,           7, -3.11416818417222,                 0,                       0,                   0,                     0,                 0,                   0
0.07577243900000497,-4.265132467572673,-4.377239203519229,-4.799111950844944,-5.968249537584729,           7,-3.114391531440611,                 0,                       0,                   0,                     0,                 0,                   0
0.07633352999999943,-4.265869612509483,-4.377239500325884,-4.799660310633149,-5.969325796599455,           7,-3.114612919036194,                 0,                       0,                   0,                     0,                 0,                   0
0.07492697899999712,-4.266608655626746,-4.377244104969123,-4.800207682739557,-5.970406753636882,           7,-3.114832361472484,                 0,                       0,                   0,                     0,                 0,                   0
0.07584369600000684,-4.267349590339121,-4.377253152499034,-4.800754283977378,-5.971492408892288,           7,-3.115049873384666,                 0,                       0,                   0,                     0,                 0,                   0
0.07512841800000558, -4.26809240998539,-4.377266774814915,-4.801300325087487,-5.972582761611214,           7,-3.115265469521675,                 0,                       0,                   0,                     0,                 0,                   0
0.07541206400000533,-4.268837107836611,-4.377285100677145,-4.801846010651685,-5.973677810087777,           7,-3.115479164739218,                 0,                       0,                   0,                     0,                 0,                   0
0.07636851800000954,-4.269583677103764,-4.377308255715251,-4.802391539043484,-5.974777551665613,           7, -3.11569097399223,                 0,                       0,                   0,                     0,                 0,                   0
0.07633241799999269,-4.270332110944882,-4.377336362433669,-4.802937102419079,-5.975881982741137,           7, -3.11590091232788,                 0,                       0,                   0,                     0,                 0,                   0
0.07683820300000832,-4.271082402471702, -4.37736954021591,-4.803482886738909,-5.976991098770061,           7,-3.116108994878794,                 0,                       0,                   0,                     0,                 0,                   0
0.07562454399999297,-4.271834544755883,  -4.3774079053274,-4.804029071829449,-5.978104894276724,           7,-3.116315236856906,                 0,                       0,                   0,                     0,                 0,                   0
0.07587235199999043,-4.272588530834772,-4.377451570918552,-4.804575831473638,-5.979223362866612,           7, -3.11651965354815,                 0,                       0,                   0,                     0,                 0,                   0
0.0762108349999977,-4.273344353716842,-4.377500647027912,-4.805123333532779, -5.98034649724204,           7,-3.116722260307293,                 0,                       0,                   0,                     0,                 0,                   0
0.0769154919999977,-4.274102006386843, -4.37755524058672,-4.805671740094218, -5.98147428922092,           7,-3.116923072553945,                 0,                       0,                   0,                     0,                 0,                   0
0.07523799900000938, -4.27486148181071,-4.377615455425387,-4.806221207643114,-5.982606729758371,           7,-3.117122105769073,                 0,                       0,                   0,                     0,                 0,                   0
0.07615940400000909,-4.275622772940368,-4.377681392282584,-4.806771887252949,-5.983743808971195,           7,-3.117319375492416,                 0,                       0,                   0,                     0,                 0,                   0
0.07497319799999502, -4.27638587271844, -4.37775314881711,-4.807323924791745,-5.984885516164778,           7,-3.117514897320391,                 0,                       0,                   0,                     0,                 0,                   0
0.07513214499999776,-4.277150774082965,-4.377830819623493,-4.807877461139317,-5.986031839862322,           7,-3.117708686904868,                 0,                       0,                   0,                     0,                 0,                   0
0.07736344600000677,-4.277917469972188,-4.377914496251183,-4.808432632411629,-5.987182767836086,           7,-3.117900759952375,                 0,                       0,                   0,                     0,                 0,                   0
0.07594631400000651,-4.278685953329496,-4.378004267227794,-4.808989570191988,-5.988338287139908,           7,-3.118091132223672,                 0,                       0,                   0,                     0,                 0,                   0
0.07506202000000428,-4.279456217108506,-4.378100218086953,-4.809548401754298,-5.989498384143508,           7,-3.118279819534126,                 0,                       0,                   0,                     0,                 0,                   0
0.07431011999999271,-4.280228254278383,-4.378202431399949, -4.81010925029144,-5.990663044567232,           7,-3.118466837753854,                 0,                       0,                   0,                     0,                 0,                   0
0.07585625000000107,-4.281002057829368,-4.378310986811619, -4.81067223512933,-5.991832253517658,           7,-3.118652202808236,                 0,                       0,                   0,                     0,                 0,                   0
0.07471548099999836,-4.281777620778637,-4.378425961081057,-4.811237471933478,-5.993005995523352,           7,-3.118835930678915,                 0,                       0,                   0,                     0,                 0,                   0
0.07591802000000314,-4.282554936176313,-4.378547428125209,-4.811805072902863,-5.994184254570575,           7,-3.119018037403744,                 0,                       0,                   0,                     0,                 0,                   0
0.07567365799999948,-4.283333997111845,-4.378675459067019,-4.812375146948874,-5.995367014138538,           7,-3.119198539077806,                 0,                       0,                   0,                     0,                 0,                   0
0.07555029000000957,-4.284114796720512,-4.378810122286402,-4.812947799854807,-5.996554257234171,           7,-3.119377451853008,                 0,                       0,                   0,                     0,                 0,                   0
0.0752029509999943,-4.284897328190189,-4.378951483474134, -4.81352313442112,-5.997745966425948,           7,-3.119554791938145,                 0,                       0,                   0,                     0,                 0,                   0
0.07499950999999783,-4.285681584768261,-4.379099605688596,-4.814101250589354,-5.998942123876647,           7,-3.119730575598075,                 0,                       0,                   0,                     0,                 0,                   0
0.07512342799999772,-4.286467559768671,-4.379254549414406,-4.814682245546067,-6.000142711374989,           7,-3.119904819152718,                 0,                       0,                   0,                     0,                 0,                   0
0.07458718499999861,-4.287255246578969,-4.379416372622383,-4.815266213808959,-6.001347710365946,           7,-3.120077538975246,                 0,                       0,                   0,                     0,                 0,                   0
0.07528910700000324,-4.288044638667463,-4.379585130831144,-4.815853247292872, -6.00255710197965,           7, -3.12024875148986,                 0,                       0,                   0,                     0,                 0,                   0
0.07684521699999891,-4.288835729590256,-4.379760877169006,-4.816443435357427,-6.003770867058883,           7,-3.120418473168977,                 0,                       0,                   0,                     0,                 0,                   0
0.07666720400000315, -4.28962851299817,-4.379943662436046,-4.817036864837194, -6.00498898618522,           7,-3.120586720529789,                 0,                       0,                   0,                     0,                 0,                   0
0.07518896399999164,-4.290422982643531,-4.380133535166086,-4.817633620056565,-6.006211439703691,           7,-3.120753510130295,                 0,                       0,                   0,                     0,                 0,                   0
0.0765160020000053,-4.291219132386678,-4.380330541688148,-4.818233782829365,-6.007438207746167,           7,-3.120918858564723,                 0,                       0,                   0,                     0,                 0,                   0
0.07411558500000126,  -4.2920169562022,-4.380534726186418,-4.818837432446021,-6.008669270253542,           7,-3.121082782458622,                 0,                       0,                   0,                     0,                 0,                   0
0.0750117930000016,-4.292816448184801,-4.380746130759333, -4.81944464565053,-6.009904606996706,           7,-3.121245298463331,                 0,                       0,                   0,                     0,                 0,                   0
0.07505275100000119,-4.293617602554773,-4.380964795476702,-4.820055496609056, -6.01114419759651,           7,-3.121406423250295,                 0,                       0,                   0,                     0,                 0,                   0
0.07660222799999872,-4.294420413663011,-4.381190758435167,-4.820670056870633,-6.012388021542892,           7, -3.12156617350471,                 0,                       0,                   0,                     0,                 0,                   0
0.07672198000000208,-4.295224875995553,-4.381424055811387,-4.821288395326506,-6.013636058213103,           7,-3.121724565919477,                 0,                       0,                   0,                     0,                 0,                   0
0.07429336699999567,-4.296030984177577,-4.381664721913065,-4.821910578163193,-6.014888286889492,           7,-3.121881617188444,                 0,                       0,                   0,                     0,                 0,                   0
0.07552522199999601,-4.296838732976862,-4.381912789227557,-4.822536668820863,-6.016144686776545,           7,-3.122037344000131,                 0,                       0,                   0,                     0,                 0,                   0
0.07567649499999618,-4.297648117306731,-4.382168288468513,-4.823166727948904,-6.017405237017653,           7,-3.122191763030949,                 0,                       0,                   0,                     0,                 0,                   0
0.07598958799999878,-4.298459132228358, -4.38243124861938,-4.823800813367641,-6.018669916711617,           7,-3.122344890938904,                 0,                       0,                   0,                     0,                 0,                   0
0.07461832400001356,-4.299271772952586,-4.382701696975069,-4.824438980036244,-6.019938704928808,           7,-3.122496744357135,                 0,                       0,                   0,                     0,                 0,                   0
0.07516254299999048,-4.300086034841134,-4.382979659181325,-4.825081280024495,-6.021211580727342,           7,-3.122647339888095,                 0,                       0,                   0,                     0,                 0,                   0
0.07428433999999129,-4.300901913407349,-4.383265159271639, -4.82572776249711,-6.022488523169031,           7,-3.122796694097461,                 0,                       0,                   0,                     0,                 0,                   0
0.07557477800000356,-4.301719404316361,-4.383558219702162,-4.826378473702639,-6.023769511335408,           7, -3.12294482350888,                 0,                       0,                   0,                     0,                 0,                   0
0.07619307000000219,-4.302538503384842,-4.383858861384817,-4.827033456976162,-6.025054524343631,           7,-3.123091744598671,                 0,                       0,                   0,                     0,                 0,                   0
0.07480748900000833,-4.303359206580304,-4.384167103718468,-4.827692752750331,-6.026343541362368,           7,-3.123237473791193,                 0,                       0,                   0,                     0,                 0,                   0
0.07562251000000231,-4.304181510019985,-4.384482964618793,-4.828356398577084,-6.027636541627674,           7,-3.123382027454413,                 0,                       0,                   0,                     0,                 0,                   0
0.07869318900000621,-4.305005409969401,-4.384806460546708,-4.829024429161669,-6.028933504458641,           7,-3.123525421896009,                 0,                       0,                   0,                     0,                 0,                   0
0.07956186399999865,-4.305830902840567,-4.385137606535104,-4.829696876405682,-6.030234409273072,           7, -3.12366767335993,                 0,                       0,                   0,                     0,                 0,                   0
0.07576901299999861, -4.30665798518999,-4.385476416215687,-4.830373769461193,-6.031539235602745,           7,-3.123808798023033,                 0,                       0,                   0,                     0,                 0,                   0
0.07519586700000502,-4.307486653716372,-4.385822901843804,-4.831055134794708, -6.03284796310848,           7, -3.12394881199238,                 0,                       0,                   0,                     0,                 0,                   0
0.07575937400000043,-4.308316905258221,-4.386177074324022,-4.831740996258068,-6.034160571594785,           7,-3.124087731303098,                 0,                       0,                   0,                     0,                 0,                   0
0.07646289999999567,-4.309148736791198,-4.386538943233913, -4.83243137517092,-6.035477041024034,           7, -3.12422557191558,                 0,                       0,                   0,                     0,                 0,                   0
0.07571632100000159,-4.309982145425445,-4.386908516848903,-4.833126290405047,-6.036797351530075,           7,-3.124362349714415,                 0,                       0,                   0,                     0,                 0,                   0
0.07487672199999906,-4.310817128402782,-4.387285802166168,-4.833825758479461,-6.038121483431196,           7,-3.124498080506195,                 0,                       0,                   0,                     0,                 0,                   0
0.07581882899999925,-4.311653683093851,   -4.387670804929,-4.834529793657526,-6.039449417242235,           7,-3.124632780018251,                 0,                       0,                   0,                     0,                 0,                   0
0.07553953999999408,-4.312491806995207,-4.388063529651532,-4.835238408046662,-6.040781133685956,           7,-3.124766463897499,                 0,                       0,                   0,                     0,                 0,                   0
0.07510277899999096,-4.313331497726378, -4.38846397964345,-4.835951611701142,-6.042116613703569,           7, -3.12489914770897,                 0,                       0,                   0,                     0,                 0,                   0
0.07604936200000623,-4.314172753026885,-4.388872157034862,-4.836669412725874,-6.043455838464208,           7,-3.125030846934885,                 0,                       0,                   0,                     0,                 0,                   0
0.07596091199999933,-4.315015570753295,-4.389288062802311,-4.837391817380858,-6.044798789373266,           7,-3.125161576973507,                 0,                       0,                   0,                     0,                 0,                   0
0.07444679399999643,-4.315859948876181,-4.389711696794761,-4.838118830179318,-6.046145448079942,           7,-3.125291353137782,                 0,                       0,                   0,                     0,                 0,                   0
0.07619125600000132,-4.316705885477118,-4.390143057760277,-4.838850453988942, -6.04749579648349,           7,-3.125420190654502,                 0,                       0,                   0,                     0,                 0,                   0
0.07419481700000574,-4.317553378745593,-4.390582143372968,-4.839586690126522,-6.048849816738417,           7,-3.125548104662715,                 0,                       0,                   0,                     0,                 0,                   0
0.0755765510000117,-4.318402426975909,-4.391028950260813,-4.840327538446688,-6.050207491258615,           7,-3.125675110212548,                 0,                       0,                   0,                     0,                 0,                   0
0.07502021899998113, -4.31925302856403,-4.391483474033958,-4.841072997429454,-6.051568802720272,           7,-3.125801222263774,                 0,                       0,                   0,                     0,                 0,                   0
0.07670798199998785,-4.320105182004288,-4.391945709312559,-4.841823064255918,-6.052933734063949,           7,-3.125926455684014,                 0,                       0,                   0,                     0,                 0,                   0
0.07559375399998203,-4.320958885886113,-4.392415649756273, -4.84257773488395,-6.054302268495337,           7, -3.12605082524721,                 0,                       0,                   0,                     0,                 0,                   0
0.07584762300001557, -4.32181413889059,-4.392893288093293,-4.843337004110795, -6.05567438948523,           7,-3.126174345631847,                 0,                       0,                   0,                     0,                 0,                   0
0.07564262899998653,-4.322670939786895,-4.393378616149874,-4.844100865633825,-6.057050080768391,           7,-3.126297031418835,                 0,                       0,                   0,                     0,                 0,                   0
0.07526110300000255,-4.323529287428642,-4.393871624879544,-4.844869312099458,-6.058429326341679,           7,-3.126418897089549,                 0,                       0,                   0,                     0,                 0,                   0
0.07592954199998303,-4.324389180750076,-4.394372304393089,-4.845642335149527,-6.059812110461139,           7,-3.126539957023806,                 0,                       0,                   0,                     0,                 0,                   0
0.07463982600000918,-4.325250618762095,-4.394880643987828,-4.846419925456273, -6.06119841763853,           7,-3.126660225497566,                 0,                       0,                   0,                     0,                 0,                   0
0.07527850599998942,-4.326113600548145, -4.39539663217752,-4.847202072752308,-6.062588232637066,           7,-3.126779716680842,                 0,                       0,                   0,                     0,                 0,                   0
0.07459335600000827,-4.326978125259969,-4.395920256721256,-4.847988765858476,-6.063981540466294,           7, -3.12689844463529,                 0,                       0,                   0,                     0,                 0,                   0
0.07561914300001149,  -4.3278441921131,-4.396451504652145, -4.84877999269517,-6.065378326376884,           7,-3.127016423312203,                 0,                       0,                   0,                     0,                 0,                   0
0.07525674400000071,-4.328711800382378,-4.396990362306401,-4.849575740301995,-6.066778575854333,           7,-3.127133666550189,                 0,                       0,                   0,                     0,                 0,                   0
0.07527115299998854,-4.329580949397127,-4.397536815350905,-4.850375994841223,-6.068182274612623,           7,-3.127250188073022,                 0,                       0,                   0,                     0,                 0,                   0
0.07520238000000745,-4.330451638536326,-4.398090848810667,-4.851180741604993,-6.069589408587162,           7, -3.12736600148769,                 0,                       0,                   0,                     0,                 0,                   0
0.07496788800000331,-4.331323867223582,-4.398652447095844,-4.851989965013543,-6.070999963927576,           7,-3.127481120282537,                 0,                       0,                   0,                     0,                 0,                   0
0.07512535099999695,-4.332197634922038,-4.399221594027496,-4.852803648616919,-6.072413926989982,           7, -3.12759555782524,                 0,                       0,                   0,                     0,                 0,                   0
0.07603317100000595, -4.33307294112914,-4.399798272863007,-4.853621775088282, -6.07383128432912,           7, -3.12770932736131,                 0,                       0,                   0,                     0,                 0,                   0
0.07607052400001635,-4.333949785371377,-4.400382466320479,-4.854444326222406,-6.075252022690031,           7,-3.127822442012677,                 0,                       0,                   0,                     0,                 0,                   0
0.07610445899999263, -4.33482816719896,-4.400974156602269,-4.855271282930139, -6.07667612899957,           7,-3.127934914775956,                 0,                       0,                   0,                     0,                 0,                   0
0.07519133800002464,-4.335708086180416,-4.401573325417426,-4.856102625233036, -6.07810359035772,           7,-3.128046758521836,                 0,                       0,                   0,                     0,                 0,                   0
0.07433839399999442,-4.336589541897259,-4.402179954003603,-4.856938332261761, -6.07953439402857,           7, -3.12815798599372,                 0,                       0,                   0,                     0,                 0,                   0
0.07549647700000151,-4.337472533938662,-4.402794023147762,-4.857778382252626,-6.080968527431168,           7,-3.128268609807038,                 0,                       0,                   0,                     0,                 0,                   0
0.0755718320000085,-4.338357061896134,-4.403415513205827,-4.858622752549765,-6.082405978130076,           7,-3.128378642448681,                 0,                       0,                   0,                     0,                 0,                   0
0.07560164900002064,-4.339243125358258,-4.404044404121457, -4.85947141960588,-6.083846733825738,           7,-3.128488096276393,                 0,                       0,                   0,                     0,                 0,                   0
0.07490101900000923,-4.340130723905607,-4.404680675444308,-4.860324358988036,-6.085290782344733,           7,-3.128596983518703,                 0,                       0,                   0,                     0,                 0,                   0
0.07454449200000113,-4.341019857105656,-4.405324306346295,-4.861181545387991,-6.086738111629649,           7, -3.12870531627456,                 0,                       0,                   0,                     0,                 0,                   0
0.07611410799998453,-4.341910524507875, -4.40597527563842,-4.862042952630796,-6.088188709728906,           7,-3.128813106513411,                 0,                       0,                   0,                     0,                 0,                   0
0.07630996499997877, -4.34280272563899,-4.406633561785463,-4.862908553692837,-6.089642564786319,           7,-3.128920366075361,                 0,                       0,                   0,                     0,                 0,                   0
0.07499157400002332,-4.343696459998309,-4.407299142920733,-4.863778320718423,-6.091099665030438,           7,-3.129027106671208,                 0,                       0,                   0,                     0,                 0,                   0
0.07614105999999765, -4.34459172705333,-4.407971996859949,-4.864652225041363,-6.092559998763822,           7,-3.129133339882896,                 0,                       0,                   0,                     0,                 0,                   0
0.07661348999999973,-4.345488526235395,-4.408652101113575,-4.865530237211095,-6.094023554352074,           7,  -3.1292390771638,                 0,                       0,                   0,                     0,                 0,                   0
0.07462158000001295,-4.346386856935673,-4.409339432900219,-4.866412327019404,-6.095490320212705,           7,-3.129344329839043,                 0,                       0,                   0,                     0,                 0,                   0
0.07432441700001391,-4.347286718501166,-4.410033969157699,-4.867298463531371,-6.096960284803978,           7,-3.129449109106199,                 0,                       0,                   0,                     0,                 0,                   0
0.07544613900000741,-4.348188110231028,-4.410735686554891,-4.868188615117221,-6.098433436613629,           7,-3.129553426035301,                 0,                       0,                   0,                     0,                 0,                   0
0.07503752200000235,-4.349091031372985,-4.411444561502432,-4.869082749489293,-6.099909764147438,           7,-3.129657291569655,                 0,                       0,                   0,                     0,                 0,                   0
0.07466631599999118, -4.34999548112001,-4.412160570163945,-4.869980833736156,-6.101389255917896,           7,-3.129760716526219,                 0,                       0,                   0,                     0,                 0,                   0
0.07509286800001291,-4.350901458607084,-4.412883688465606,-4.870882834362434,-6.102871900432801,           7, -3.12986371159579,                 0,                       0,                   0,                     0,                 0,                   0
0.07710051899999826,-4.351808962908178,-4.413613892106578,-4.871788717325376,-6.104357686183992,           7,  -3.1299662873436,                 0,                       0,                   0,                     0,                 0,                   0
0.07446472800000947,-4.352717993033425,-4.414351156569504, -4.87269844807538,-6.105846601636015,           7,-3.130068454209637,                 0,                       0,                   0,                     0,                 0,                   0
0.07502019899999368,-4.353628547926376,-4.415095457129889,-4.873611991593223,-6.107338635215165,           7,-3.130170222508847,                 0,                       0,                   0,                     0,                 0,                   0
0.07480816999998297,-4.354540626461449,-4.415846768866026,-4.874529312430117,-6.108833775298398,           7, -3.13027160243148,                 0,                       0,                   0,                     0,                 0,                   0
0.07646401199997399,-4.355454227441519,-4.416605066668923,-4.875450374744192,-6.110332010202671,           7,-3.130372604043245,                 0,                       0,                   0,                     0,                 0,                   0
0.07595430999998598, -4.35636934959557, -4.41737032525231,-4.876375142335208,-6.111833328174509,           7,-3.130473237285457,                 0,                       0,                   0,                     0,                 0,                   0
0.07899210499999754, -4.35728599157658,-4.418142519162498,-4.877303578681141,-6.113337717379764,           7,-3.130573511975277,                 0,                       0,                   0,                     0,                 0,                   0
0.07564905099999919,-4.358204151959407,-4.418921622788173,-4.878235646970119,-6.114845165893765,           7,-3.130673437805634,                 0,                       0,                   0,                     0,                 0,                   0
0.07604182799997261,-4.359123829238829,-4.419707610370932,-4.879171310129093,-6.116355661691815,           7,-3.130773024345371,                 0,                       0,                   0,                     0,                 0,                   0
0.07587639899998067,-4.360045021827704,-4.420500456015294,-4.880110530853858,-6.117869192640015,           7,-3.130872281039344,                 0,                       0,                   0,                     0,                 0,                   0
0.07414493100000641,-4.360967728055159,-4.421300133698929,-4.881053271634079,-6.119385746486492,           7,-3.130971217208308,                 0,                       0,                   0,                     0,                 0,                   0
0.07493539500001134, -4.36189194616495,-4.422106617283233,-4.881999494773511,-6.120905310853131,           7,-3.131069842048901,                 0,                       0,                   0,                     0,                 0,                   0
0.07584266399999251,-4.362817674313823,-4.422919880523935,  -4.8829491624135,-6.122427873227557,           7,-3.131168164633929,                 0,                       0,                   0,                     0,                 0,                   0
0.07565225700000155,-4.363744910570031, -4.42373989708143,-4.883902236548647,-6.123953420955592,           7, -3.13126619391215,                 0,                       0,                   0,                     0,                 0,                   0
0.07459142100000804,-4.364673652911879,-4.424566640531216, -4.88485867904029,-6.125481941234282,           7,-3.131363938708262,                 0,                       0,                   0,                     0,                 0,                   0
0.07524171599999363,-4.365603899226399,-4.425400084374742,-4.885818451631157, -6.12701342110504,           7,-3.131461407723048,                 0,                       0,                   0,                     0,                 0,                   0
0.0751875210000037,-4.366535647308049,-4.426240202049669,-4.886781515952634,-6.128547847447473,           7,-3.131558609533709,                 0,                       0,                   0,                     0,                 0,                   0
0.07656195000001276,-4.367468894857574,-4.427086966940252,-4.887747833533536,-6.130085206973468,           7,-3.131655552593584,                 0,                       0,                   0,                     0,                 0,                   0
0.07651699400000211, -4.36840363948092,-4.427940352387899,-4.888717365806882,-6.131625486221535,           7,-3.131752245232596,                 0,                       0,                   0,                     0,                 0,                   0
0.07433331400000043,-4.369339878688181,-4.428800331700478,-4.889690074110551,-6.133168671551727,           7,-3.131848695657332,                 0,                       0,                   0,                     0,                 0,                   0
0.07552773699998738, -4.37027760989278,-4.429666878162857,-4.890665919692814,-6.134714749140679,           7,-3.131944911951454,                 0,                       0,                   0,                     0,                 0,                   0
0.07567347799999879, -4.37121683041061,-4.430539965046135,-4.891644863712097,-6.136263704977014,           7,-3.132040902075982,                 0,                       0,                   0,                     0,                 0,                   0
0.07565474199998334, -4.37215753745935,-4.431419565616764,-4.892626867237957,-6.137815524857034,           7,-3.132136673869467,                 0,                       0,                   0,                     0,                 0,                   0
0.07639620099999433,-4.373099728157899,-4.432305653145488,-4.893611891251072,-6.139370194380582,           7,-3.132232235048682,                 0,                       0,                   0,                     0,                 0,                   0
0.07491839299999015,-4.374043399525839,-4.433198200915484,-4.894599896642229,-6.140927698947217,           7,-3.132327593208937,                 0,                       0,                   0,                     0,                 0,                   0
0.07572734200002174,-4.374988548483136,-4.434097182230646,-4.895590844214918,-6.142488023752383,           7,-3.132422755824591,                 0,                       0,                   0,                     0,                 0,                   0
0.07550273900000093,-4.375935171849819,-4.435002570422921, -4.89658469468218,-6.144051153783985,           7,-3.132517730249659,                 0,                       0,                   0,                     0,                 0,                   0
0.0759812920000229, -4.37688326634589,-4.435914338859647,-4.897581408669866,-6.145617073818931,           7,-3.132612523718393,                 0,                       0,                   0,                     0,                 0,                   0
0.07660126700000092,-4.377832828591277,  -4.4368324609494,-4.898580946719155,-6.147185768419841,           7,-3.132707143345771,                 0,                       0,                   0,                     0,                 0,                   0
0.07488199200000167,-4.378783855105909, -4.43775691014851,-4.899583269288208,-6.148757221931877,           7,-3.132801596128326,                 0,                       0,                   0,                     0,                 0,                   0
0.07389464800002088, -4.37973634230998,-4.438687659966671,-4.900588336757375,-6.150331418479687,           7,-3.132895888944755,                 0,                       0,                   0,                     0,                 0,                   0
0.07446627100000569,-4.380690286524205,-4.439624683970773,-4.901596109436882,-6.151908341964391,           7,-3.132990028556248,                 0,                       0,                   0,                     0,                 0,                   0
0.07640080999999554,-4.381645683970305,-4.440567955791204,-4.902606547572422,-6.153487976060656,           7,-3.133084021607907,                 0,                       0,                   0,                     0,                 0,                   0
0.07738267199999882,-4.382602530771499,-4.441517449123817,-4.903619611356069,-6.155070304213955,           7,-3.133177874628652,                 0,                       0,                   0,                     0,                 0,                   0
0.07663517200001024,-4.383560822953205,-4.442473137735296,-4.904635260938314,-6.156655309637753,           7,-3.133271594032494,                 0,                       0,                   0,                     0,                 0,                   0
0.07536877999999092,-4.384520556443716, -4.44343499546456,-4.905653456440124,-6.158242975310933,           7,-3.133365186118731,                 0,                       0,                   0,                     0,                 0,                   0
0.0762977919999912,-4.385481727075083,-4.444402996226335,-4.906674157968151,-6.159833283975286,           7,-3.133458657073052,                 0,                       0,                   0,                     0,                 0,                   0
0.07613653999999315,-4.386444330584023,-4.445377114013183,-4.907697325633635,-6.161426218133029,           7,-3.133552012967894,                 0,                       0,                   0,                     0,                 0,                   0
0.07584333500000184,-4.387408362612916,-4.446357322897349,-4.908722919568158,-6.163021760044605,           7,-3.133645259763189,                 0,                       0,                   0,                     0,                 0,                   0
0.07573157000001629,-4.388373818710908,-4.447343597032593, -4.90975089994551,-6.164619891726526,           7,-3.133738403307049,                 0,                       0,                   0,                     0,                 0,                   0
0.07549519400001259,-4.389340694335051,-4.448335910655062,-4.910781227003908,-6.166220594949347,           7, -3.13383144933625,                 0,                       0,                   0,                     0,                 0,                   0
0.07384516400000507, -4.39030898485149,-4.449334238084712,-4.911813861066274,-6.167823851235921,           7,-3.133924403476815,                 0,                       0,                   0,                     0,                 0,                   0
0.07588834200001315,-4.391278685536786,-4.450338553726348,-4.912848762565823,-6.169429641859821,           7, -3.13401727124474,                 0,                       0,                   0,                     0,                 0,                   0
0.07413077399999679,-4.392249791579214,-4.451348832070352,-4.913885892071327,-6.171037947843824,           7,-3.134110058046431,                 0,                       0,                   0,                     0,                 0,                   0
0.07620445200001313,-4.393222298080143,-4.452365047693089, -4.91492521031179,-6.172648749958778,           7,-3.134202769179196,                 0,                       0,                   0,                     0,                 0,                   0
0.07549489400000198,-4.394196200055434,-4.453387175258106,-4.915966678200187,-6.174262028722628,           7,-3.134295409831885,                 0,                       0,                   0,                     0,                 0,                   0
0.07650685400000157,-4.395171492436916,-4.454415189516194, -4.91701025686428,-6.175877764399606,           7,-3.134387985085227,                 0,                       0,                   0,                     0,                 0,                   0
0.07541946800000687,-4.396148170073864,-4.455449065306395,-4.918055907668268,-6.177495936999706,           7,-3.134480499912613,                 0,                       0,                   0,                     0,                 0,                   0
0.07512677399998324,-4.397126227734491,-4.456488777556464,-4.919103592239478,-6.179116526278489,           7,-3.134572959180237,                 0,                       0,                   0,                     0,                 0,                   0
0.07483318799998528,-4.398105660107502,-4.457534301283391,-4.920153272495273,-6.180739511736927,           7,-3.134665367647931,                 0,                       0,                   0,                     0,                 0,                   0
0.07527383699999746, -4.39908646180367,-4.458585611594425,-4.921204910667878,-6.182364872621575,           7,-3.134757729969491,                 0,                       0,                   0,                     0,                 0,                   0
0.07669436599999813,-4.400068627357402,-4.459642683687713, -4.92225846932489, -6.18399258792501,           7,-3.134850050693095,                 0,                       0,                   0,                     0,                 0,                   0
0.07556011000002627,-4.401052151228331,-4.460705492852835,-4.923313911399599,-6.185622636386289,           7,-3.134942334261899,                 0,                       0,                   0,                     0,                 0,                   0
0.07631046600002378,-4.402037027802987,-4.461774014472273,-4.924371200204321,-6.187254996491824,           7,-3.135034585014706,                 0,                       0,                   0,                     0,                 0,                   0
0.07470625299998801,-4.403023251396368,-4.462848224021958,-4.925430299458818,-6.188889646476283,           7,-3.135126807186109,                 0,                       0,                   0,                     0,                 0,                   0
0.07514742399999363,-4.404010816253651,-4.463928097072806,-4.926491173306453,-6.190526564323675,           7,-3.135219004907624,                 0,                       0,                   0,                     0,                 0,                   0
0.07538527200000544,-4.404999716551846,-4.465013609291172,-4.927553786333422,-6.192165727768608,           7,-3.135311182207559,                 0,                       0,                   0,                     0,                 0,                   0
0.07507795899999792,-4.405989946401503,-4.466104736440458,-4.928618103588025,-6.193807114297533,           7,-3.135403343012145,                 0,                       0,                   0,                     0,                 0,                   0
0.07418601999998486,-4.406981499848386,-4.467201454381928, -4.92968409059314,-6.195450701150299,           7,-3.135495491145715,                 0,                       0,                   0,                     0,                 0,                   0
0.07548025599999164,-4.407974370875244,-4.468303739076126, -4.93075171336543,-6.197096465321506,           7,-3.135587630331742,                 0,                       0,                   0,                     0,                 0,                   0
0.0763305940000123,-4.408968553403506,-4.469411566583522,-4.931820938425131,-6.198744383562132,           7,-3.135679764193151,                 0,                       0,                   0,                     0,                 0,                   0
0.07730350099998873,-4.409964041295109,-4.470524913066019,-4.932891732810733,-6.200394432381017,           7,-3.135771896253013,                 0,                       0,                   0,                     0,                 0,                   0
0.07566718600000399,-4.410960828354215,-4.471643754787686,-4.933964064089383,-6.202046588046513,           7,-3.135864029935463,                 0,                       0,                   0,                     0,                 0,                   0
0.07496113499999524,-4.411958908329062,-4.472768068115088,-4.935037900369965,-6.203700826587877,           7, -3.13595616856599,                 0,                       0,                   0,                     0,                 0,                   0
0.07553662499998381,-4.412958274913749,-4.473897829518702,-4.936113210307711,-6.205357123796835,           7,-3.136048315372564,                 0,                       0,                   0,                     0,                 0,                   0
0.07414325799999233,-4.413958921750129,-4.475033015573464,-4.937189963116396,-6.207015455229088,           7,-3.136140473485999,                 0,                       0,                   0,                     0,                 0,                   0
0.07649890900000855,-4.414960842429585,-4.476173602958389,-4.938268128576953,-6.208675796205577,           7,-3.136232645940985,                 0,                       0,                   0,                     0,                 0,                   0
0.07415156400000456,-4.415964030495003,-4.477319568457348,-4.939347677040989, -6.21033812181396,           7,-3.136324835676642,                 0,                       0,                   0,                     0,                 0,                   0
0.07458626100000743,-4.416968479442609,-4.478470888958925,-4.940428579442729,-6.212002406909711,           7,-3.136417045537284,                 0,                       0,                   0,                     0,                 0,                   0
0.07519119899998827,-4.417974182723879,-4.479627541455922,-4.941510807303129,-6.213668626117321,           7,-3.136509278273376,                 0,                       0,                   0,                     0,                 0,                   0
0.0751508900000033,-4.418981133747527,-4.480789503045258, -4.94259433273408,-6.215336753831468,           7,-3.136601536542128,                 0,                       0,                   0,                     0,                 0,                   0
0.0763976839999998,-4.419989325881375,-4.481956750926956, -4.94367912845044,-6.217006764217947,           7,-3.136693822908289,                 0,                       0,                   0,                     0,                 0,                   0
0.07715197800001761,-4.420998752454352,-4.483129262402925,-4.944765167770372,-6.218678631214695,           7,-3.136786139844965,                 0,                       0,                   0,                     0,                 0,                   0
0.07637652300002173,-4.422009406758461,-4.484307014876358,-4.945852424625192,-6.220352328532587,           7,-3.136878489734521,                 0,                       0,                   0,                     0,                 0,                   0
0.07494204699997908,-4.423021282050762,-4.485489985849755,-4.946940873565334, -6.22202782965642,           7,-3.136970874869072,                 0,                       0,                   0,                     0,                 0,                   0
0.07521658699999989,-4.424034371555354,-4.486678152923353,-4.948030489764688,-6.223705107845612,           7,-3.137063297451587,                 0,                       0,                   0,                     0,                 0,                   0
0.07426536400001282,-4.425048668465353,-4.487871493793149, -4.94912124903092,-6.225384136135069,           7, -3.13715575959647,                 0,                       0,                   0,                     0,                 0,                   0
0.07529936599999587,-4.426064165944943,-4.489069986248857, -4.95021312780801,-6.227064887335995,           7,-3.137248263330495,                 0,                       0,                   0,                     0,                 0,                   0
0.07570597000000134,-4.427080857131322,-4.490273608171844,-4.951306103188912,-6.228747334036535,           7,-3.137340810593495,                 0,                       0,                   0,                     0,                 0,                   0
0.07568277600000783, -4.42809873513677,-4.491482337531623, -4.95240015291613, -6.23043144860293,           7,-3.137433403238944,                 0,                       0,                   0,                     0,                 0,                   0
0.07607609400000115, -4.42911779305061,-4.492696152384489, -4.95349525539449,-6.232117203180126,           7,-3.137526043035287,                 0,                       0,                   0,                     0,                 0,                   0
0.07577734800000258, -4.43013802394124,-4.493915030869066,-4.954591389696999,-6.233804569692929,           7,-3.137618731666028,                 0,                       0,                   0,                     0,                 0,                   0
0.07496972100000221, -4.43115942085813,-4.495138951204862,-4.955688535571868, -6.23549351984692,           7,-3.137711470731114,                 0,                       0,                   0,                     0,                 0,                   0
0.07436633800000436,-4.432181976833849,-4.496367891688244,-4.956786673450359,-6.237184025129726,           7,-3.137804261747311,                 0,                       0,                   0,                     0,                 0,                   0
0.07613923499999942,-4.433205684886058,-4.497601830689498,-4.957885784455821,-6.238876056812218,           7,-3.137897106149217,                 0,                       0,                   0,                     0,                 0,                   0
0.07482654500000763,-4.434230538019468,-4.498840746649137,-4.958985850409897,-6.240569585949904,           7,-3.137990005289713,                 0,                       0,                   0,                     0,                 0,                   0
0.07705517100001202,-4.435256529227895,-4.500084618074974,-4.960086853837883,-6.242264583384532,           7,-3.138082960441249,                 0,                       0,                   0,                     0,                 0,                   0
0.07602424399999563,-4.436283651496229,-4.501333423538963,-4.961188777981378,-6.243961019745675,           7,-3.138175972796135,                 0,                       0,                   0,                     0,                 0,                   0
0.07623772499999859,-4.437311897802386, -4.50258714167283,-4.962291606798249,-6.245658865452685,           7,-3.138269043467567,                 0,                       0,                   0,                     0,                 0,                   0
0.07582043099998259, -4.43834126111931,-4.503845751165436,-4.963395324972998,-6.247358090716591,           7,-3.138362173490517,                 0,                       0,                   0,                     0,                 0,                   0
0.07617996399997651, -4.43937173441696,-4.505109230759111,-4.964499917920918,-6.249058665542358,           7,-3.138455363822232,                 0,                       0,                   0,                     0,                 0,                   0
0.07509308800001691,-4.440403310664256,-4.506377559245839,-4.965605371791406,-6.250760559731253,           7,-3.138548615343217,                 0,                       0,                   0,                     0,                 0,                   0
0.07429651399999671,-4.441435982831019,-4.507650715464026,-4.966711673475833,-6.252463742883235,           7, -3.13864192885808,                 0,                       0,                   0,                     0,                 0,                   0
0.07705736500000171,-4.442469743889983,-4.508928678295322,-4.967818810606379,-6.254168184399779,           7,-3.138735305096334,                 0,                       0,                   0,                     0,                 0,                   0
0.07447409599998878,-4.443504586818713,-4.510211426660776,-4.968926771561484,-6.255873853486662,           7,-3.138828744713071,                 0,                       0,                   0,                     0,                 0,                   0
0.07605375099998923,-4.444540504601536, -4.51149893951738,-4.970035545466707,-6.257580719156961,           7,-3.138922248289984,                 0,                       0,                   0,                     0,                 0,                   0
0.0760091740000064,-4.445577490231511,-4.512791195855145,-4.971145122193757,-6.259288750234249,           7,-3.139015816336062,                 0,                       0,                   0,                     0,                 0,                   0
0.07480204699999149,-4.446615536712366,-4.514088174693395,-4.972255492361457,-6.260997915355908,           7,-3.139109449288579,                 0,                       0,                   0,                     0,                 0,                   0
0.07548737900000901,-4.447654637060409,-4.515389855076943,-4.973366647334233,-6.262708182976661,           7, -3.13920314751388,                 0,                       0,                   0,                     0,                 0,                   0
0.07616107800001259,-4.448694784306461,-4.516696216073795,-4.974478579218737,-6.264419521372071,           7,-3.139296911308183,                 0,                       0,                   0,                     0,                 0,                   0
0.07680702299998643,-4.449735971497816,-4.518007236770806,-4.975591280858711,-6.266131898642445,           7,-3.139390740898605,                 0,                       0,                   0,                     0,                 0,                   0
0.07526979900001152,-4.450778191700111,-4.519322896270885,-4.976704745835799,-6.267845282716552,           7,-3.139484636443803,                 0,                       0,                   0,                     0,                 0,                   0
0.0750340349999874,-4.451821437999275,-4.520643173689043,-4.977818968456973,-6.269559641355773,           7,-3.139578598035107,                 0,                       0,                   0,                     0,                 0,                   0
0.07388301599999636, -4.45286570350343,-4.521968048149725,-4.978933943751422,-6.271274942158138,           7,-3.139672625697352,                 0,                       0,                   0,                     0,                 0,                   0
0.07661832900001286,-4.453910981344777,-4.523297498782856,-4.980049667464825,-6.272991152562614,           7,-3.139766719389598,                 0,                       0,                   0,                     0,                 0,                   0
0.07597082099999852,-4.454957264681525,-4.524631504720094,-4.981166136044554,-6.274708239853529,           7,-3.139860879006267,                 0,                       0,                   0,                     0,                 0,                   0
0.07521744800001784,-4.456004546699764,-4.525970045092159,-4.982283346638767,-6.276426171164943,           7,-3.139955104377843,                 0,                       0,                   0,                     0,                 0,                   0
0.07446993799999291,-4.457052820615353,-4.527313099024854,-4.983401297078617,-6.278144913485326,           7,-3.140049395271914,                 0,                       0,                   0,                     0,                 0,                   0
0.07564212799999837,  -4.4581020796758,-4.528660645634826,-4.984519985872554,-6.279864433662289,           7,-3.140143751394008,                 0,                       0,                   0,                     0,                 0,                   0
0.0772088469999801,-4.459152317162107,-4.530012664026733,-4.985639412191245,-6.281584698407398,           7,-3.140238172388488,                 0,                       0,                   0,                     0,                 0,                   0
0.07602047599999651,-4.460203526390658,-4.531369133289255,-4.986759575858672,-6.283305674301182,           7,-3.140332657839522,                 0,                       0,                   0,                     0,                 0,                   0
0.07681331399999181,-4.461255700715051,-4.532730032490901,-4.987880477338122,-6.285027327798151,           7,-3.140427207271912,                 0,                       0,                   0,                     0,                 0,                   0
0.07566929000000755,-4.462308833527907,-4.534095340676455,-4.989002117717537,-6.286749625232141,           7,-3.140521820151944,                 0,                       0,                   0,                     0,                 0,                   0
0.07448236199999769,-4.463362918262741,-4.535465036862866,-4.990124498699603, -6.28847253282163,           7,-3.140616495888497,                 0,                       0,                   0,                     0,                 0,                   0
0.07554314600000112,-4.464417948395711,-4.536839100035325,-4.991247622585674,-6.290196016675284,           7,-3.140711233833653,                 0,                       0,                   0,                     0,                 0,                   0
0.0765476329999899,-4.465473917447454,-4.538217509143168,-4.992371492261116,-6.291920042797602,           7,-3.140806033283875,                 0,                       0,                   0,                     0,                 0,                   0
0.0760254059999852,-4.466530818984857,-4.539600243095482,-4.993496111183283,-6.293644577094894,           7,-3.140900893480743,                 0,                       0,                   0,                     0,                 0,                   0
0.07421963500001993,-4.467588646622768,-4.540987280756696,-4.994621483366905,-6.295369585381186,           7,-3.140995813611701,                 0,                       0,                   0,                     0,                 0,                   0
0.07480831999998827,-4.468647394025803,-4.542378600942883,-4.995747613367184,-6.297095033384524,           7,-3.141090792811223,                 0,                       0,                   0,                     0,                 0,                   0
0.07570731300000944,-4.469707054910012, -4.54377418241693,-4.996874506269236,-6.298820886753248,           7,-3.141185830161541,                 0,                       0,                   0,                     0,                 0,                   0
0.07598270400001184,-4.470767623044632,-4.545174003884483,-4.998002167669416, -6.30054711106277,           7,-3.141280924693534,                 0,                       0,                   0,                     0,                 0,                   0
0.07551903999998899,-4.471829092253729,-4.546578043989152,-4.999130603663783,-6.302273671822251,           7,-3.141376075387598,                 0,                       0,                   0,                     0,                 0,                   0
0.07703828900000076,-4.472891456417885,-4.547986281308089,-5.000259820832881,-6.304000534481668,           7,-3.141471281174534,                 0,                       0,                   0,                     0,                 0,                   0
0.07527881699999739,-4.473954709475826, -4.54939869434786,-5.001389826226889,-6.305727664438995,           7,-3.141566540936378,                 0,                       0,                   0,                     0,                 0,                   0
0.07468164599998772, -4.47501884542605,-4.550815261539423,-5.002520627349693,-6.307455027047737,           7,-3.141661853507339,                 0,                       0,                   0,                     0,                 0,                   0
0.07526157399999533,-4.476083858328397,-4.552235961234234,-5.003652232148468,-6.309182587624512,           7,-3.141757217674531,                 0,                       0,                   0,                     0,                 0,                   0
0.07720663300000297,-4.477149742305685,-4.553660771699226,-5.004784648993738, -6.31091031145703,           7,-3.141852632179023,                 0,                       0,                   0,                     0,                 0,                   0
0.08438455000000999,-4.478216491545202,-4.555089671112797,-5.005917886671114,-6.312638163812133,           7,-3.141948095716521,                 0,                       0,                   0,                     0,                 0,                   0
0.07480540399998858,-4.479284100300251,-4.556522637560055, -5.00705195436063,-6.314366109944168,           7,-3.142043606938337,                 0,                       0,                   0,                     0,                 0,                   0
0.07607511199998385,-4.480352562891657, -4.55795964902831,-5.008186861628439,-6.316094115103553,           7,-3.142139164452157,                 0,                       0,                   0,                     0,                 0,                   0
0.07535506399997871,-4.481421873709242,-4.559400683403081,-5.009322618407544,-6.317822144545515,           7,-3.142234766822949,                 0,                       0,                   0,                     0,                 0,                   0
0.07750633099999504,-4.482492027213278,-4.560845718463167,-5.010459234984284,-6.319550163539163,           7,-3.142330412573907,                 0,                       0,                   0,                     0,                 0,                   0
0.07470631300000719, -4.48356301793591,-4.562294731877103, -5.01159672198836,-6.321278137376583,           7,-3.142426100186938,                 0,                       0,                   0,                     0,                 0,                   0
0.07546239100000207, -4.48463484048258,-4.563747701198579,-5.012735090370552,-6.323006031382294,           7,-3.142521828104168,                 0,                       0,                   0,                     0,                 0,                   0
0.07544151999999826,-4.485707489533376,-4.565204603862249,-5.013874351394134,-6.324733810922883,           7,-3.142617594728087,                 0,                       0,                   0,                     0,                 0,                   0
0.07701615600001332,-4.486780959844367,-4.566665417179483,-5.015014516619514,-6.326461441416673,           7,-3.142713398422813,                 0,                       0,                   0,                     0,                 0,                   0
0.07639374600000792,-4.487855246248971,-4.568130118334678,-5.016155597884259,-6.328188888343727,           7,-3.142809237514926,                 0,                       0,                   0,                     0,                 0,                   0
  0.07511833800001,-4.488930343659216,-4.569598684381175,-5.017297607296017,-6.329916117255976,           7,-3.142905110294025,                 0,                       0,                   0,                     0,                 0,                   0
0.07624402700000132,-4.490006247067007,-4.571071092237442,-5.018440557208891,-6.331643093787541,           7,-3.143001015013966,                 0,                       0,                   0,                     0,                 0,                   0
0.07502158100001566,-4.491082951545365, -4.57254731868324,-5.019584460216085,-6.333369783665109,           7,-3.143096949893391,                 0,                       0,                   0,                     0,                 0,                   0
0.07353769099998431,-4.492160452249613,-4.574027340356032, -5.02072932912885,-6.335096152718455,           7,-3.143192913116759,                 0,                       0,                   0,                     0,                 0,                   0
0.07598493800000483,-4.493238744418612,-4.575511133747304,-5.021875176962136,-6.336822166891267,           7,-3.143288902835033,                 0,                       0,                   0,                     0,                 0,                   0
0.0768792220000023,-4.494317823375808,-4.576998675198849, -5.02302201692206,-6.338547792251851,           7,-3.143384917166543,                 0,                       0,                   0,                     0,                 0,                   0
0.07540740499999288,-4.495397684530436,-4.578489940899336,-5.024169862384109, -6.34027299500417,           7,-3.143480954197971,                 0,                       0,                   0,                     0,                 0,                   0
0.07476135999999656,-4.496478323378514,-4.579984906881899,-5.025318726884185,-6.341997741498698,           7,-3.143577011984964,                 0,                       0,                   0,                     0,                 0,                   0
0.07546767000002319,-4.497559735503988,-4.581483549019368,-5.026468624095891,-6.343721998243732,           7,-3.143673088553128,                 0,                       0,                   0,                     0,                 0,                   0
0.07589729900001885,-4.498641916579624,-4.582985843021603,-5.027619567819553,-6.345445731916537,           7,-3.143769181898586,                 0,                       0,                   0,                     0,                 0,                   0
0.07550812900001347,-4.499724862368091,-4.584491764433482,-5.028771571962572,-6.347168909374523,           7,-3.143865289989178,                 0,                       0,                   0,                     0,                 0,                   0
0.07659057600000096,-4.500808568722849,  -4.5860012886303,-5.029924650524586,-6.348891497666801,           7,-3.143961410764869,                 0,                       0,                   0,                     0,                 0,                   0
0.07613549799998509,-4.501893031589042,-4.587514390816017,-5.031078817583458,-6.350613464045339,           7,-3.144057542138867,                 0,                       0,                   0,                     0,                 0,                   0
0.07575797100000159,-4.502978247004417,-4.589031046019535, -5.03223408727268,-6.352334775976646,           7,-3.144153681998129,                 0,                       0,                   0,                     0,                 0,                   0
0.07454227700000615,-4.504064211100099,-4.590551229092509,-5.033390473772832,-6.354055401153166,           7,-3.144249828204365,                 0,                       0,                   0,                     0,                 0,                   0
0.0745876740000142,-4.505150920101407,-4.592074914706659,-5.034547991290633,-6.355775307504818,           7,-3.144345978594807,                 0,                       0,                   0,                     0,                 0,                   0
0.07567273600000135,-4.506238370328616,-4.593602077350853,-5.035706654043809, -6.35749446321067,           7,-3.144442130982831,                 0,                       0,                   0,                     0,                 0,                   0
0.07407152999999767,-4.507326558197673,-4.595132691329352,-5.036866476247081,-6.359212836710403,           7,-3.144538283158817,                 0,                       0,                   0,                     0,                 0,                   0
0.07505904300001021, -4.50841548022084,-4.596666730758379,-5.038027472094164,-6.360930396716034,           7, -3.14463443289098,                 0,                       0,                   0,                     0,                 0,                   0
0.07397185700000364,-4.509505133007366,-4.598204169564539,-5.039189655742905,-6.362647112223575,           7,-3.144730577926105,                 0,                       0,                   0,                     0,                 0,                   0
0.07531664000001115,-4.510595513264069,-4.599744981482221, -5.04035304130172, -6.36436295252467,           7,-3.144826715990019,                 0,                       0,                   0,                     0,                 0,                   0
0.07531188099997621,-4.511686617795887,-4.601289140052214,-5.041517642814278,-6.366077887218128,           7,-3.144922844788812,                 0,                       0,                   0,                     0,                 0,                   0
0.07569848599999318,-4.512778443506382,-4.602836618618736,-5.042683474241221,-6.367791886221688,           7,-3.145018962009162,                 0,                       0,                   0,                     0,                 0,                   0
0.07515430699999115,-4.513870987398257,-4.604387390328093,-5.043850549449384, -6.36950491978372,           7,-3.145115065319436,                 0,                       0,                   0,                     0,                 0,                   0
0.07599492699998223, -4.51496424657373, -4.60594142812693,-5.045018882200682,  -6.3712169584947,           7,-3.145211152369999,                 0,                       0,                   0,                     0,                 0,                   0
0.07578923100001589,-4.516058218234995,-4.607498704760144,-5.046188486126737,-6.372927973298932,           7,-3.145307220794293,                 0,                       0,                   0,                     0,                 0,                   0
0.07555550000000721,-4.517152899684477,-4.609059192769576,-5.047359374733434,-6.374637935505993,           7,-3.145403268209275,                 0,                       0,                   0,                     0,                 0,                   0
0.07445084099998667,-4.518248288325239,-4.610622864492165,-5.048531561369488,-6.376346816802358,           7,-3.145499292216418,                 0,                       0,                   0,                     0,                 0,                   0
0.07659353199997554,-4.519344381661186,-4.612189692059517,-5.049705059226688,-6.378054589262845,           7,-3.145595290402131,                 0,                       0,                   0,                     0,                 0,                   0
0.07454772799999887,-4.520441177297352,-4.613759647395588,-5.050879881322047,-6.379761225362089,           7,-3.145691260338658,                 0,                       0,                   0,                     0,                 0,                   0
0.07486013999999841,-4.521538672940021,-4.615332702216203, -5.05205604048796,-6.381466697985825,           7,-3.145787199584656,                 0,                       0,                   0,                     0,                 0,                   0
0.0754346170000133,-4.522636866396926,-4.616908828027595,-5.053233549357728,-6.383170980442282,           7,-3.145883105685907,                 0,                       0,                   0,                     0,                 0,                   0
0.07532457499999623,-4.523735755577325,-4.618487996126373,-5.054412420361524,-6.384874046473272,           7,-3.145978976176069,                 0,                       0,                   0,                     0,                 0,                   0
0.07526916800000549,-4.524835338492099,-4.620070177598048,-5.055592665704902,-6.386575870265405,           7,-3.146074808577205,                 0,                       0,                   0,                     0,                 0,                   0
0.07570892600000434,-4.525935613253728,-4.621655343316442,-5.056774297368958,-6.388276426461127,           7,-3.146170600400709,                 0,                       0,                   0,                     0,                 0,                   0
 0.075113368000018,-4.527036578076345,-4.623243463943565,-5.057957327094382,-6.389975690169551,           7,-3.146266349147631,                 0,                       0,                   0,                     0,                 0,                   0
0.0751786129999914,-4.528138231275628,-4.624834509929469,-5.059141766373162,-6.391673636977263,           7,-3.146362052309626,                 0,                       0,                   0,                     0,                 0,                   0
0.07585773199997448,-4.529240571268748,-4.626428451511677,-5.060327626440017,-6.393370242959059,           7,-3.146457707369521,                 0,                       0,                   0,                     0,                 0,                   0
0.07542277499999273,-4.530343596574196,-4.628025258714934,-5.061514918262903,-6.395065484688454,           7,-3.146553311801846,                 0,                       0,                   0,                     0,                 0,                   0
0.07565602399998284,-4.531447305811677,-4.629624901352345,-5.062703652535383,-6.396759339247846,           7, -3.14664886307372,                 0,                       0,                   0,                     0,                 0,                   0
 0.076196044999989,-4.532551697701834,-4.631227349024932,-5.063893839666884, -6.39845178423898,           7,-3.146744358645263,                 0,                       0,                   0,                     0,                 0,                   0
0.07592531299999905,-4.533656771066041,-4.632832571121185,-5.065085489774478,-6.400142797792987,           7,-3.146839795970313,                 0,                       0,                   0,                     0,                 0,                   0
0.07488758299999176,-4.534762524826096,-4.634440536820205,-5.066278612680251,-6.401832358579847,           7,-3.146935172497142,                 0,                       0,                   0,                     0,                 0,                   0
0.0758436060000065,-4.535868958003929, -4.63605121508975,-5.067473217894662,-6.403520445818661,           7,-3.147030485668957,                 0,                       0,                   0,                     0,                 0,                   0
0.07586049799999728,-4.536976069721232,-4.637664574688656,-5.068669314618655,-6.405207039286603,           7,-3.147125732924583,                 0,                       0,                   0,                     0,                 0,                   0
0.0759171469999842,-4.538083859199023,-4.639280584167758,-5.069866911732074,-6.406892119328387,           7,-3.147220911699017,                 0,                       0,                   0,                     0,                 0,                   0
0.07477755099998262,-4.539192325757291,-4.640899211870543,-5.071066017787108,-6.408575666865286,           7, -3.14731601942415,                 0,                       0,                   0,                     0,                 0,                   0
0.07546214999999279,-4.540301468814438,-4.642520425934857,-5.072266641004147,-6.410257663403972,           7,-3.147411053529154,                 0,                       0,                   0,                     0,                 0,                   0
0.07532722999999919,-4.541411287886827,-4.644144194295259,-5.073468789264804,-6.411938091044928,           7, -3.14750601144142,                 0,                       0,                   0,                     0,                 0,                   0
0.07447531700000809,-4.542521782588231,-4.645770484682782, -5.07467247010472,-6.413616932491026,           7,-3.147600890586705,                 0,                       0,                   0,                     0,                 0,                   0
0.07617672800000719,-4.543632952629236,-4.647399264628969,-5.075877690710667,-6.415294171055302,           7,  -3.1476956883901,                 0,                       0,                   0,                     0,                 0,                   0
0.07580915899998786,-4.544744797816646,-4.649030501466388,-5.077084457912805,-6.416969790669022,           7, -3.14779040227636,                 0,                       0,                   0,                     0,                 0,                   0
0.0750016819999928,-4.545857318052826,-4.650664162331639,-5.078292778182074,-6.418643775889148,           7,-3.147885029670583,                 0,                       0,                   0,                     0,                 0,                   0
0.07692961899999773,-4.546970513334999,-4.652300214167606,-5.079502657621903,-6.420316111905546,           7,-3.147979567998723,                 0,                       0,                   0,                     0,                 0,                   0
0.07623807600000987,-4.548084383754579,-4.653938623725137, -5.08071410196876,-6.421986784548117,           7,-3.148074014688262,                 0,                       0,                   0,                     0,                 0,                   0
0.07660347999998862,-4.549198929496375,-4.655579357567955,-5.081927116583698,-6.423655780293328,           7,-3.148168367168462,                 0,                       0,                   0,                     0,                 0,                   0
0.07598436699998956,-4.550314150837824,-4.657222382072357,-5.083141706447717, -6.42532308627095,           7,-3.148262622871286,                 0,                       0,                   0,                     0,                 0,                   0
0.07546226099998421,-4.551430048148164,-4.658867663433004,-5.084357876163616,-6.426988690269788,           7,-3.148356779231673,                 0,                       0,                   0,                     0,                 0,                   0
0.07525132300000337, -4.55254662188761,-4.660515167664371,-5.085575629946725,-6.428652580743897,           7, -3.14845083368809,                 0,                       0,                   0,                     0,                 0,                   0
0.07569189299999834,-4.553663872606437,-4.662164860604672,-5.086794971623084,-6.430314746817885,           7,-3.148544783683115,                 0,                       0,                   0,                     0,                 0,                   0
0.07504850300000498,-4.554781800944123,-4.663816707920087,-5.088015904629146,-6.431975178292143,           7,-3.148638626663989,                 0,                       0,                   0,                     0,                 0,                   0
0.07577566399999114,-4.555900407628354, -4.66547067510662, -5.08923843200566,-6.433633865647982,           7,-3.148732360082939,                 0,                       0,                   0,                     0,                 0,                   0
0.07682145100000071,-4.557019693474103, -4.66712672749624,-5.090462556397587,-6.435290800051822,           7,-3.148825981398065,                 0,                       0,                   0,                     0,                 0,                   0
0.07643144799999391,-4.558139659382605,-4.668784830258435,-5.091688280050795, -6.43694597336004,           7, -3.14891948807318,                 0,                       0,                   0,                     0,                 0,                   0
0.07997370699999351,-4.559260306340317,-4.670444948406388,-5.092915604811223,-6.438599378122332,           7,-3.149012877579063,                 0,                       0,                   0,                     0,                 0,                   0
0.07761583199999222,-4.560381635417924,-4.672107046800052,-5.094144532122359,-6.440251007585796,           7,-3.149106147393318,                 0,                       0,                   0,                     0,                 0,                   0
0.07681617000000074,-4.561503647769191,-4.673771090150465,-5.095375063023925,-6.441900855698048,           7,-3.149199295001197,                 0,                       0,                   0,                     0,                 0,                   0
0.07832523999999808, -4.56262634462993,-4.675437043025385,-5.096607198153206,-6.443548917110285,           7,-3.149292317895922,                 0,                       0,                   0,                     0,                 0,                   0
0.07878814200000761,-4.563749727316806,-4.677104869853577, -5.09784093774281,-6.445195187179747,           7,-3.149385213579288,                 0,                       0,                   0,                     0,                 0,                   0
0.07404111099998545,-4.564873797226247,-4.678774534928782,-5.099076281617823,-6.446839661972362,           7,-3.149477979561883,                 0,                       0,                   0,                     0,                 0,                   0
0.07641482599998994,-4.565998555833206,-4.680446002416603,-5.100313229202249,-6.448482338264426,           7,-3.149570613363769,                 0,                       0,                   0,                     0,                 0,                   0
0.07660690599999498,-4.567124004690024,-4.682119236357885,-5.101551779513224,-6.450123213544446,           7,-3.149663112514773,                 0,                       0,                   0,                     0,                 0,                   0
0.07513182300002086,-4.568250145425186,-4.683794200674876,-5.102791931163914,-6.451762286014295,           7,-3.149755474554991,                 0,                       0,                   0,                     0,                 0,                   0
0.07489335299999311,-4.569376979742043,-4.685470859176792,-5.104033682366858,-6.453399554590364,           7, -3.14984769703529,                 0,                       0,                   0,                     0,                 0,                   0
0.07567406800001208,-4.570504509417651,-4.687149175565584,-5.105277030929489,-6.455035018903969,           7,-3.149939777517608,                 0,                       0,                   0,                     0,                 0,                   0
0.07449440399997798,-4.571632736301374,-4.688829113441528,-5.106521974264263,-6.456668679301807,           7,-3.150031713575394,                 0,                       0,                   0,                     0,                 0,                   0
0.07427495100000669,-4.572761662313713,-4.690510636308475,-5.107768509379477,-6.458300536845835,           7,-3.150123502794017,                 0,                       0,                   0,                     0,                 0,                   0
0.0764171410000074,-4.573891289444887,-4.692193707581518,-5.109016632890423,-6.459930593312907,           7,-3.150215142771258,                 0,                       0,                   0,                     0,                 0,                   0
0.07562702699999591,-4.575021619753564,-4.693878290591497,-5.110266341020367,-6.461558851194003,           7,-3.150306631117668,                 0,                       0,                   0,                     0,                 0,                   0
 0.074884284999996,-4.576152655365478, -4.69556434859269,-5.111517629596924,-6.463185313693112,           7,-3.150397965456952,                 0,                       0,                   0,                     0,                 0,                   0
0.07581336699999497,-4.577284398472113,-4.697251844768018,-5.112770494064891,-6.464809984725977,           7,-3.150489143426233,                 0,                       0,                   0,                     0,                 0,                   0
0.07532901299998684,-4.578416851329287,-4.698940742237358,-5.114024929479319,-6.466432868918001,           7,-3.150580162676679,                 0,                       0,                   0,                     0,                 0,                   0
0.07569636199997376,-4.579550016255799,-4.700631004062805,-5.115280930515497,-6.468053971602583,           7,-3.150671020873782,                 0,                       0,                   0,                     0,                 0,                   0
0.07537636500001099, -4.58068389563199,-4.702322593256505,-5.116538491471997,-6.469673298818311,           7,-3.150761715697588,                 0,                       0,                   0,                     0,                 0,                   0
0.0747212419999812,-4.581818491898371,-4.704015472787377, -5.11779760627234,-6.471290857306395,           7,-3.150852244843239,                 0,                       0,                   0,                     0,                 0,                   0
0.07733636300000057,-4.582953807554162,-4.705709605588202,-5.119058268468756,-6.472906654507457,           7,-3.150942606021288,                 0,                       0,                   0,                     0,                 0,                   0
0.07771667599999432,-4.584089845155892,-4.707404954562951,-5.120320471249459,-6.474520698558199,           7,-3.151032796957896,                 0,                       0,                   0,                     0,                 0,                   0
0.0762077680000175,-4.585226607315927,-4.709101482594447,-5.121584207440894, -6.47613299828749,           7,-3.151122815395463,                 0,                       0,                   0,                     0,                 0,                   0
0.07712359199999241,-4.586364096701033,-4.710799152552076,-5.122849469512911, -6.47774356321235,           7,-3.151212659092741,                 0,                       0,                   0,                     0,                 0,                   0
0.07521437299999434,-4.587502316030898,-4.712497927298926,-5.124116249584204,-6.479352403533581,           7,-3.151302325825172,                 0,                       0,                   0,                     0,                 0,                   0
0.07605018300000665,-4.588641268076692,-4.714197769699983,-5.125384539424347,-6.480959530130992,           7,-3.151391813385404,                 0,                       0,                   0,                     0,                 0,                   0
0.07601339300001086,-4.589780955659596,-4.715898642629514,-5.126654330464619,-6.482564954558422,           7,-3.151481119583369,                 0,                       0,                   0,                     0,                 0,                   0
0.07414036200000851, -4.59092138164923,-4.717600508981001,-5.127925613799356,-6.484168689038084,           7,-3.151570242246737,                 0,                       0,                   0,                     0,                 0,                   0
0.07428185400002008,-4.592062548962319,-4.719303331672638,-5.129198380191329,-6.485770746455279,           7,-3.151659179221146,                 0,                       0,                   0,                     0,                 0,                   0
0.07526547000000505, -4.59320446056106,-4.721007073656994,-5.130472620079523,-6.487371140352242,           7,-3.151747928370606,                 0,                       0,                   0,                     0,                 0,                   0
0.07561979499999438, -4.59434711945173,-4.722711697929686,-5.131748323582139,-6.488969884921829,           7,-3.151836487577754,                 0,                       0,                   0,                     0,                 0,                   0
0.07582111199999986,-4.595490528683094,-4.724417167537099,-5.133025480507068,-6.490566995001166,           7,-3.151924854743942,                 0,                       0,                   0,                     0,                 0,                   0
0.07549609500000543,-4.596634691345019,-4.726123445585426,-5.134304080351904,-6.492162486064516,           7,-3.152013027789904,                 0,                       0,                   0,                     0,                 0,                   0
 0.075716639999996, -4.59777961056685,-4.727830495249466,-5.135584112317895,-6.493756374216403,           7,-3.152101004655665,                 0,                       0,                   0,                     0,                 0,                   0
0.07454450099999121,-4.598925289516033, -4.72953827978132,-5.136865565305553,-6.495348676183999,           7,-3.152188783301012,                 0,                       0,                   0,                     0,                 0,                   0
0.07673552400001427,-4.600071731396453,-4.731246762518323,-5.138148427936778,-6.496939409309777,           7,-3.152276361705585,                 0,                       0,                   0,                     0,                 0,                   0
0.07730980200000204,-4.601218939447104,-4.732955906893365,-5.139432688541698, -6.49852859154301,           7,-3.152363737869492,                 0,                       0,                   0,                     0,                 0,                   0
0.07838227900001016,-4.602366916940495,-4.734665676443248,-5.140718335183635,-6.500116241432245,           7,-3.152450909813073,                 0,                       0,                   0,                     0,                 0,                   0
0.07686372200001301,-4.603515667181123,-4.736376034818078,-5.142005355657058,-6.501702378116363,           7,-3.152537875577469,                 0,                       0,                   0,                     0,                 0,                   0
0.07668411500000616,-4.604665193504067, -4.73808694578964,-5.143293737492623,-6.503287021316109,           7,-3.152624633224774,                 0,                       0,                   0,                     0,                 0,                   0
0.07725799199999983,-4.605815499273413, -4.73979837326163,-5.144583467971826,-6.504870191325123,           7,-3.152711180838168,                 0,                       0,                   0,                     0,                 0,                   0
0.07727873199999635,-4.606966587880803,-4.741510281278576,-5.145874534127405,-6.506451909000725,           7, -3.15279751652237,                 0,                       0,                   0,                     0,                 0,                   0
0.07571936499999765,-4.608118462743968,   -4.743222634035,-5.147166922753689,-6.508032195754608,           7,-3.152883638403617,                 0,                       0,                   0,                     0,                 0,                   0
0.07904520700000717, -4.60927112730519,-4.744935395884845,-5.148460620415857,-6.509611073543309,           7,-3.152969544630032,                 0,                       0,                   0,                     0,                 0,                   0
0.07581109299999866,-4.610424585029898,-4.746648531351752,-5.149755613452135,-6.511188564858057,           7,-3.153055233371711,                 0,                       0,                   0,                     0,                 0,                   0
0.07725940399998876,-4.611578839405173,-4.748362005136975,-5.151051887987207,-6.512764692715253,           7,-3.153140702820985,                 0,                       0,                   0,                     0,                 0,                   0
0.0758119449999981,-4.612733893938213,-4.750075782130359,-5.152349429938337,-6.514339480645877,           7,-3.153225951192669,                 0,                       0,                   0,                     0,                 0,                   0
0.07548121600001423,-4.613889752155088,-4.751789827419429,-5.153648225018475,-6.515912952685204,           7,-3.153310976724151,                 0,                       0,                   0,                     0,                 0,                   0
0.0750569989999974,-4.615046417599039,-4.753504106298538,-5.154948258753472, -6.51748513336238,           7,-3.153395777675579,                 0,                       0,                   0,                     0,                 0,                   0
0.07646492300000318,-4.616203893829232,-4.755218584279522,-5.156249516483021,-6.519056047689288,           7,  -3.1534803523302,                 0,                       0,                   0,                     0,                 0,                   0
  0.07462234099998,-4.617362184419266,-4.756933227099825,-5.157551983370015,-6.520625721150187,           7, -3.15356469899424,                 0,                       0,                   0,                     0,                 0,                   0
0.07577149599998734,-4.618521292955756,-4.758648000734097,-5.158855644411297,-6.522194179690021,           7,-3.153648815997348,                 0,                       0,                   0,                     0,                 0,                   0
0.07475422500002082,-4.619681223036961,-4.760362871402362, -5.16016048444366,-6.523761449703726,           7, -3.15373270169267,                 0,                       0,                   0,                     0,                 0,                   0
0.07503426599998875,-4.620841978271354,-4.762077805579244,-5.161466488155422,-6.525327558024615,           7,-3.153816354456784,                 0,                       0,                   0,                     0,                 0,                   0
0.07543280300001243,-4.622003562276253,-4.763792770005885,-5.162773640088882,-6.526892531912705,           7,-3.153899772690295,                 0,                       0,                   0,                     0,                 0,                   0
0.07458030899999812,-4.623165978676535, -4.76550773169769,-5.164081924656055,-6.528456399043562,           7,-3.153982954817518,                 0,                       0,                   0,                     0,                 0,                   0
0.07609920799998804,-4.624329231103086,-4.767222657954292,-5.165391326144836,-6.530019187496122,           7,-3.154065899286831,                 0,                       0,                   0,                     0,                 0,                   0
0.07380404299999554,-4.625493323191722,-4.768937516369781,-5.166701828722562,-6.531580925740951,           7,-3.154148604570969,                 0,                       0,                   0,                     0,                 0,                   0
0.07694896699999276,-4.626658258581623,-4.770652274841273,-5.168013416455386,-6.533141642628538,           7, -3.15423106916673,                 0,                       0,                   0,                     0,                 0,                   0
0.07571327299999098,-4.627824040914192,-4.772366901579966,-5.169326073304764,-6.534701367376726,           7,-3.154313291595553,                 0,                       0,                   0,                     0,                 0,                   0
0.07550217699997575,-4.628990673831671,-4.774081365119195, -5.17063978314785,-6.536260129559243,           7,-3.154395270403184,                 0,                       0,                   0,                     0,                 0,                   0
0.07451030499998978,-4.630158160975873,-4.775795634324847, -5.17195452977791, -6.53781795909281,           7,-3.154477004160198,                 0,                       0,                   0,                     0,                 0,                   0
0.07580243600000358,  -4.6313265059869,-4.777509678404773,-5.173270296918482,-6.539374886225295,           7,-3.154558491461855,                 0,                       0,                   0,                     0,                 0,                   0
0.07557832399999143,-4.632495712501972,-4.779223466917588,-5.174587068227355,-6.540930941523225,           7,-3.154639730928237,                 0,                       0,                   0,                     0,                 0,                   0
0.07507881099999736,-4.633665784154104,-4.780936969783144,-5.175904827311442,-6.542486155859251,           7,-3.154720721204372,                 0,                       0,                   0,                     0,                 0,                   0
0.07551559300000577,-4.634836724570898,-4.782650157289994,-5.177223557730831,-6.544040560400035,           7,-3.154801460960266,                 0,                       0,                   0,                     0,                 0,                   0
0.07627260200001729,-4.636008537373413,-4.784363000107147,-5.178543243010835,-6.545594186593273,           7,-3.154881948891158,                 0,                       0,                   0,                     0,                 0,                   0
0.07598715299999981,-4.637181226174888,-4.786075469290668,-5.179863866648376,-6.547147066155528,           7,-3.154962183717304,                 0,                       0,                   0,                     0,                 0,                   0
0.07633147599997869,-4.638354794579687,-4.787787536294664,-5.181185412121859,-6.548699231059574,           7,-3.155042164184338,                 0,                       0,                   0,                     0,                 0,                   0
0.07613411500000211,-4.639529246182021,-4.789499172979614,-5.182507862902441,-6.550250713521766,           7,-3.155121889063073,                 0,                       0,                   0,                     0,                 0,                   0
0.07542721200002234,-4.640704584564904,-4.791210351620883,-5.183831202459855,-6.551801545989483,           7,-3.155201357149733,                 0,                       0,                   0,                     0,                 0,                   0
0.07604066499999362,-4.641880813299075,-4.792921044918335,-5.185155414269569,-6.553351761128464,           7,-3.155280567266058,                 0,                       0,                   0,                     0,                 0,                   0
0.07573757099999057,-4.643057935941818,-4.794631226004496,-5.186480481827878,-6.554901391810461,           7,-3.155359518259139,                 0,                       0,                   0,                     0,                 0,                   0
0.07651524000002041,-4.644235956035938,-4.796340868453344,-5.187806388655245,-6.556450471100411,           7,-3.155438209001611,                 0,                       0,                   0,                     0,                 0,                   0
0.07643164800001045,-4.645414877108714,-4.798049946288989,-5.189133118306157,-6.557999032243915,           7,-3.155516638391759,                 0,                       0,                   0,                     0,                 0,                   0
0.07480249799999683,-4.646594702670856,-4.799758433994609,-5.190460654379693,-6.559547108654752,           7,-3.155594805353268,                 0,                       0,                   0,                     0,                 0,                   0
0.0745021589999908,-4.647775436215483,-4.801466306518613,-5.191788980523959,  -6.5610947339025,           7,-3.155672708835572,                 0,                       0,                   0,                     0,                 0,                   0
0.07611393599998451,-4.648957081217192,-4.803173539286151,-5.193118080449881,-6.562641941699754,           7,-3.155750347813772,                 0,                       0,                   0,                     0,                 0,                   0
0.07480574400000251,-4.650139641130924,-4.804880108204057,-5.194447937938536,-6.564188765890007,           7,-3.155827721288461,                 0,                       0,                   0,                     0,                 0,                   0
0.07487745299999915,-4.651323119391273,-4.806585989670716,-5.195778536840436,-6.565735240434996,           7, -3.15590482828601,                 0,                       0,                   0,                     0,                 0,                   0
0.0762890729999981,-4.652507519411305,-4.808291160582777,-5.197109861099783,-6.567281399402824,           7,-3.155981667858476,                 0,                       0,                   0,                     0,                 0,                   0
0.07623055100000897,-4.653692844581787,-4.809995598343332, -5.19844189474944,-6.568827276955155,           7,-3.156058239083606,                 0,                       0,                   0,                     0,                 0,                   0
0.07613058799998385,-4.654879098270276,-4.811699280868979,-5.199774621926544,-6.570372907335419,           7,-3.156134541064689,                 0,                       0,                   0,                     0,                 0,                   0
0.07717932999997856,-4.656066283820237,-4.813402186597862,-5.201108026873918,-6.571918324856502,           7,-3.156210572930833,                 0,                       0,                   0,                     0,                 0,                   0
0.0763442700000212,-4.657254404550176,-4.815104294496449, -5.20244209395749,-6.573463563888788,           7,-3.156286333836795,                 0,                       0,                   0,                     0,                 0,                   0
0.07696323300001495,-4.658443463752889,-4.816805584065257,-5.203776807661471,-6.575008658848281,           7,-3.156361822962885,                 0,                       0,                   0,                     0,                 0,                   0
0.07624398699999801,-4.659633464694586,-4.818506035348509,-5.205112152609757,-6.576553644184492,           7,-3.156437039515147,                 0,                       0,                   0,                     0,                 0,                   0
0.07647588399998995,-4.660824410614117,-4.820205628937884,-5.206448113564697,-6.578098554369094,           7,-3.156511982725146,                 0,                       0,                   0,                     0,                 0,                   0
0.07632363999999825, -4.66201630472229,-4.821904345980815,-5.207784675432716,-6.579643423883684,           7,-3.156586651850083,                 0,                       0,                   0,                     0,                 0,                   0
0.07543599000001677,-4.663209150201048,-4.823602168185799,-5.209121823282537,-6.581188287208893,           7,-3.156661046172681,                 0,                       0,                   0,                     0,                 0,                   0
0.07779876399999353,-4.664402950202739,-4.825299077829333,-5.210459542342532,-6.582733178812309,           7,-3.156735165001146,                 0,                       0,                   0,                     0,                 0,                   0
0.07793506699999853,-4.665597707849567,-4.826995057761137,-5.211797818009039,-6.584278133137569,           7, -3.15680900766917,                 0,                       0,                   0,                     0,                 0,                   0
0.07554055100001733,-4.666793426232713,-4.828690091409825, -5.21313663586174,-6.585823184593049,           7,-3.156882573535846,                 0,                       0,                   0,                     0,                 0,                   0
0.07542813399999204,-4.667990108411893,-4.830384162788745,-5.214475981656358,-6.587368367540542,           7,-3.156955861985677,                 0,                       0,                   0,                     0,                 0,                   0
0.07579068300000813,-4.669187757414544,-4.832077256501726,-5.215815841348248,-6.588913716284657,           7,-3.157028872428456,                 0,                       0,                   0,                     0,                 0,                   0
0.07593888900001389,-4.670386376235352,-4.833769357746699,-5.217156201083742,-6.590459265061747,           7,-3.157101604299131,                 0,                       0,                   0,                     0,                 0,                   0
0.07520581599999332,-4.671585967835603,-4.835460452321854,-5.218497047216522,-6.592005048029192,           7,-3.157174057057989,                 0,                       0,                   0,                     0,                 0,                   0
0.07637518000001364,-4.672786535142668,-4.837150526630567,-5.219838366310065,-6.593551099254919,           7,-3.157246230190434,                 0,                       0,                   0,                     0,                 0,                   0
0.07622790599998552,-4.673988081049371,-4.838839567685205,-5.221180145147193,-6.595097452707092,           7,-3.157318123206839,                 0,                       0,                   0,                     0,                 0,                   0
0.07574494499999673,-4.675190608413597,-4.840527563109861,-5.222522370730187,-6.596644142243701,           7,-3.157389735642576,                 0,                       0,                   0,                     0,                 0,                   0
0.07520064499999535,  -4.6763941200577,-4.842214501148102,-5.223865030291071,-6.598191201602255,           7,-3.157461067058022,                 0,                       0,                   0,                     0,                 0,                   0
0.07630379200000448,-4.677598618768074, -4.84390037066182,-5.225208111301559,-6.599738664390547,           7,-3.157532117038114,                 0,                       0,                   0,                     0,                 0,                   0
0.0744237279999993,-4.678804107294635,-4.845585161140805,-5.226551601469213,-6.601286564075496,           7,-3.157602885192918,                 0,                       0,                   0,                     0,                 0,                   0
0.07559491600000001,-4.680010588350501,-4.847268862699901,-5.227895488749092,-6.602834933975064,           7,-3.157673371156762,                 0,                       0,                   0,                     0,                 0,                   0
0.07601198000000409,-4.681218064611479,-4.848951466085921, -5.22923976134882,-6.604383807247621,           7,-3.157743574588705,                 0,                       0,                   0,                     0,                 0,                   0
0.07584805400000505,-4.682426538715674,-4.850632962680413,-5.230584407733453,-6.605933216882931,           7,-3.157813495172309,                 0,                       0,                   0,                     0,                 0,                   0
0.07639797300001305, -4.68363601326328,-4.852313344499461,-5.231929416626555,-6.607483195693279,           7,-3.157883132615324,                 0,                       0,                   0,                     0,                 0,                   0
0.07533314099998734,-4.684846490815969, -4.85399260420042,-5.233274777024873,-6.609033776303947,           7,-3.157952486649952,                 0,                       0,                   0,                     0,                 0,                   0
0.07599037800000019,-4.686057973896748,-4.855670735079261,-5.234620478192358,-6.610584991144838,           7,-3.158021557032287,                 0,                       0,                   0,                     0,                 0,                   0
0.07686122699999487,-4.687270464989681,-4.857347731075033,-5.235966509667356,-6.612136872441516,           7,-3.158090343542614,                 0,                       0,                   0,                     0,                 0,                   0
0.07880992299999434,-4.688483966539423, -4.85902358677273,-5.237312861275445,-6.613689452206738,           7, -3.15815884598515,                 0,                       0,                   0,                     0,                 0,                   0
0.07689083299999311,-4.689698480951098,-4.860698297402754,-5.238659523122661,-6.615242762232223,           7,-3.158227064187817,                 0,                       0,                   0,                     0,                 0,                   0
0.07546533699999713,-4.690914010590032,-4.862371858841796,-5.240006485601868,-6.616796834080567,           7,-3.158294998002196,                 0,                       0,                   0,                     0,                 0,                   0
0.07599474700000997,-4.692130557781457,-4.864044267615109,-5.241353739406239,-6.618351699077036,           7,-3.158362647303476,                 0,                       0,                   0,                     0,                 0,                   0
0.07534706800001345,-4.693348124810422,-4.865715520896044,-5.242701275515262,-6.619907388301878,           7,-3.158430011990249,                 0,                       0,                   0,                     0,                 0,                   0
0.0751824109999859,-4.694566713921438,-4.867385616507867, -5.24404908521924, -6.62146393258281,           7,-3.158497091984367,                 0,                       0,                   0,                     0,                 0,                   0
0.07731873899999187,-4.695786327318493,-4.869054552922053,-5.245397160101871,  -6.6230213624874,           7,-3.158563887230823,                 0,                       0,                   0,                     0,                 0,                   0
0.07739491600000292,-4.697006967164771,-4.870722329259881,-5.246745492059183,-6.624579708315875,           7,-3.158630397697737,                 0,                       0,                   0,                     0,                 0,                   0
0.0761583820000169,-4.698228635582567,-4.872388945292093,-5.248094073294808,-6.626139000094009,           7,-3.158696623375971,                 0,                       0,                   0,                     0,                 0,                   0
0.07673861099999613,-4.699451334653182,-4.874054401436354,-5.249442896324529,-6.627699267566424,           7,-3.158762564279149,                 0,                       0,                   0,                     0,                 0,                   0
0.08422618399998782,-4.700675066416789, -4.87571869875865,-5.250791953978365,-6.629260540189322,           7,-3.158828220443457,                 0,                       0,                   0,                     0,                 0,                   0
0.07564029399998162, -4.70189983287241,-4.877381838971505,-5.252141239403823,-6.630822847124469,           7, -3.15889359192759,                 0,                       0,                   0,                     0,                 0,                   0
0.0754867269999977, -4.70312563597779,-4.879043824432179,-5.253490746066369,-6.632386217232612,           7, -3.15895867881247,                 0,                       0,                   0,                     0,                 0,                   0
0.07658229899999469,-4.704352477649446, -4.88070465814155,-5.254840467753978,-6.633950679067275,           7,-3.159023481201161,                 0,                       0,                   0,                     0,                 0,                   0
0.07708319399998231,-4.705580359762536,-4.882364343742888,-5.256190398575582,-6.635516260868807,           7,-3.159087999218732,                 0,                       0,                   0,                     0,                 0,                   0
0.07559796200001756,-4.706809284150923, -4.88402288551899,-5.257540532968068, -6.63708299055842,           7, -3.15915223301191,                 0,                       0,                   0,                     0,                 0,                   0
0.07452279899999326, -4.70803925260717,-4.885680288390278,-5.258890865689365, -6.63865089573259,           7,-3.159216182749347,                 0,                       0,                   0,                     0,                 0,                   0
0.07451257000002443,-4.709270266882554,-4.887336557911614,-5.260241391828566,-6.640220003657799,           7,-3.159279848620863,                 0,                       0,                   0,                     0,                 0,                   0
0.07548622699999896, -4.71050232868707, -4.88899170027168, -5.26159210680158, -6.64179034126469,           7, -3.15934323083781,                 0,                       0,                   0,                     0,                 0,                   0
0.07480659500001252,-4.711735439689607,-4.890645722286763,-5.262943006350946,-6.643361935143592,           7,-3.159406329632649,                 0,                       0,                   0,                     0,                 0,                   0
0.07478409199998737, -4.71296960151783,-4.892298631400815,-5.264294086553916,-6.644934811538992,           7,-3.159469145258706,                 0,                       0,                   0,                     0,                 0,                   0
0.07591007299998864,-4.714204815758441,-4.893950435679817,-5.265645343813429,-6.646508996345024,           7,-3.159531677990265,                 0,                       0,                   0,                     0,                 0,                   0
0.07464223899998501, -4.71544108395719,-4.895601143809037,-5.266996774864973,-6.648084515100861,           7, -3.15959392812203,                 0,                       0,                   0,                     0,                 0,                   0
0.07512287500000525,-4.716678407619063,-4.897250765089657,-5.268348376771726,-6.649661392986354,           7,-3.159655895969422,                 0,                       0,                   0,                     0,                 0,                   0
0.07633763800001248,-4.717916788208244,-4.898899309433076,-5.269700146934301,-6.651239654817519,           7,-3.159717581867872,                 0,                       0,                   0,                     0,                 0,                   0
0.0749701309999864,-4.719156227148464,-4.900546787358263,-5.271052083074887,-6.652819325042446,           7,-3.159778986173006,                 0,                       0,                   0,                     0,                 0,                   0
0.0755896760000212,-4.720396725823058,-4.902193209985811,-5.272404183249503,-6.654400427737776,           7,-3.159840109260324,                 0,                       0,                   0,                     0,                 0,                   0
0.07519300999999246,-4.721638285575098, -4.90383858903497, -5.27375644584716,-6.655982986604454,           7, -3.15990095152505,                 0,                       0,                   0,                     0,                 0,                   0
0.07566534200000774, -4.72288090770766,-4.905482936816028,-5.275108869577732,-6.657567024964367,           7,-3.159961513381862,                 0,                       0,                   0,                     0,                 0,                   0
0.07497406900000669,-4.724124593483953,-4.907126266228564, -5.27646145348421,-6.659152565756816,           7,-3.160021795264883,                 0,                       0,                   0,                     0,                 0,                   0
0.07495106400000395,-4.725369344127567,-4.908768590754095,-5.277814196932921,-6.660739631535319,           7,-3.160081797627256,                 0,                       0,                   0,                     0,                 0,                   0
0.07451805000002309,-4.726615160822671,-4.910409924449207,  -5.2791670996193,-6.662328244464644,           7, -3.16014152094102,                 0,                       0,                   0,                     0,                 0,                   0
0.07495774699998492,-4.727862044714228,-4.912050281942647,-5.280520161557946,-6.663918426317226,           7,-3.160200965697141,                 0,                       0,                   0,                     0,                 0,                   0
0.0765699050000137,-4.729109996908272,-4.913689678428323,-5.281873383086733,-6.665510198471154,           7,-3.160260132405045,                 0,                       0,                   0,                     0,                 0,                   0
0.07677646400000526,-4.730359018472171,-4.915328129658208,-5.283226764866233,-6.667103581907154,           7, -3.16031902159241,                 0,                       0,                   0,                     0,                 0,                   0
0.07469142400000806,-4.731609110434794,-4.916965651937253,-5.284580307873955,-6.668698597206073,           7,-3.160377633805145,                 0,                       0,                   0,                     0,                 0,                   0
0.07625435699998206,-4.732860273786903,-4.918602262116668,-5.285934013401289,-6.670295264546496,           7,-3.160435969607116,                 0,                       0,                   0,                     0,                 0,                   0
0.07460312300000282,-4.734112509481371,-4.920237977586469, -5.28728788305742,-6.671893603702913,           7,-3.160494029579861,                 0,                       0,                   0,                     0,                 0,                   0
0.07452597500000024,-4.735365818433486,-4.921872816269588,-5.288641918762191,-6.673493634043195,           7, -3.16055181432247,                 0,                       0,                   0,                     0,                 0,                   0
0.07477424400002519,-4.736620201521266,-4.923506796614441,-5.289996122741814,-6.675095374526952,           7,-3.160609324451421,                 0,                       0,                   0,                     0,                 0,                   0
0.07433283299999971,-4.737875659585733,-4.925139937588511,-5.291350497533095,-6.676698843703773,           7,-3.160666560600196,                 0,                       0,                   0,                     0,                 0,                   0
0.07487359500001389,-4.739132193431239,-4.926772258670183,-5.292705045974717,-6.678304059711659,           7,-3.160723523419294,                 0,                       0,                   0,                     0,                 0,                   0
0.07523144500001422,-4.740389803825872,-4.928403779841478,-5.294059771202096,-6.679911040275299,           7,-3.160780213575833,                 0,                       0,                   0,                     0,                 0,                   0
0.07537064400000304,-4.741648491501711,-4.930034521580028, -5.29541467665482,-6.681519802705275,           7,-3.160836631753408,                 0,                       0,                   0,                     0,                 0,                   0
0.0754569599999968,-4.742908257155086,-4.931664504853451,-5.296769766064137,-6.683130363895993,           7,-3.160892778651964,                 0,                       0,                   0,                     0,                 0,                   0
0.07623996899999952,-4.744169101447136,-4.933293751108796,-5.298125043448812,-6.684742740325476,           7,-3.160948654987367,                 0,                       0,                   0,                     0,                 0,                   0
0.07536057299998333,-4.745431025004041,-4.934922282266806, -5.29948051311812,-6.686356948053964,           7,-3.161004261491533,                 0,                       0,                   0,                     0,                 0,                   0
0.07633461100002137,-4.746694028417322,-4.936550120711217,-5.300836179666007,-6.687973002723378,           7,-3.161059598911759,                 0,                       0,                   0,                     0,                 0,                   0
0.07454662500001064,-4.747958112244383,-4.938177289283582,-5.302192047961793,-6.689590919556153,           7,-3.161114668010931,                 0,                       0,                   0,                     0,                 0,                   0
0.07608084299999973,-4.749223277008699,-4.939803811272006,-5.303548123156544,  -6.6912107133554,           7,-3.161169469566959,                 0,                       0,                   0,                     0,                 0,                   0
0.08298005200001057,-4.750489523200356,-4.941429710405286,-5.304904410667465,-6.692832398503686,           7,-3.161224004372966,                 0,                       0,                   0,                     0,                 0,                   0
0.07971761299998548,-4.751756851276304,-4.943055010843272,-5.306260916183135,-6.694455988963456,           7,-3.161278273236608,                 0,                       0,                   0,                     0,                 0,                   0
0.07704496999997446,-4.753025261660845,-4.944679737167541,-5.307617645655672,-6.696081498276283,           7,-3.161332276980148,                 0,                       0,                   0,                     0,                 0,                   0
0.07875093900000252,-4.754294754745991,-4.946303914372947,-5.308974605293219,-6.697708939563078,           7, -3.16138601644021,                 0,                       0,                   0,                     0,                 0,                   0
0.07938441100000659,-4.755565330891825,-4.947927567859933, -5.31033180156403,-6.699338325524038,           7,-3.161439492467352,                 0,                       0,                   0,                     0,                 0,                   0
0.07897731599999247,-4.756836990426988,-4.949550723424514, -5.31168924117938,-6.700969668438736,           7,-3.161492705926221,                 0,                       0,                   0,                     0,                 0,                   0
0.07588111800001229,-4.758109733648989,-4.951173407249109,-5.313046931102571,-6.702602980166551,           7,-3.161545657694857,                 0,                       0,                   0,                     0,                 0,                   0
0.07624509900000476, -4.75938356082475,-4.952795645894094,-5.314404878531705,-6.704238272146757,           7,-3.161598348665023,                 0,                       0,                   0,                     0,                 0,                   0
0.07678774499999008, -4.76065847219084,-4.954417466289033,-5.315763090907988,-6.705875555399271,           7,-3.161650779741409,                 0,                       0,                   0,                     0,                 0,                   0
0.07785639500002617,-4.761934467953993,-4.956038895722533,-5.317121575897242,-6.707514840524925,           7,-3.161702951841786,                 0,                       0,                   0,                     0,                 0,                   0
0.07548735800000372,-4.763211548291621,-4.957659961833214,-5.318480341389792,-6.709156137706358,           7,-3.161754865896693,                 0,                       0,                   0,                     0,                 0,                   0
0.07617248899998685,-4.764489713351978,-4.959280692600645,-5.319839395506936,-6.710799456708825,           7, -3.16180652284917,                 0,                       0,                   0,                     0,                 0,                   0
0.07637883699999293,-4.765768963254887,-4.960901116336168,-5.321198746571839,-6.712444806880645,           7,-3.161857923654542,                 0,                       0,                   0,                     0,                 0,                   0
0.07758039300000519,-4.767049298091926,-4.962521261673493,-5.322558403129532, -6.71409219715478,           7, -3.16190906928028,                 0,                       0,                   0,                     0,                 0,                   0
0.08232176299998173,-4.768330717926953,-4.964141157557875,-5.323918373922573,-6.715741636049358,           7, -3.16195996070558,                 0,                       0,                   0,                     0,                 0,                   0
0.07531805200000008, -4.76961322279657,-4.965760833238837,-5.325278667895518,-6.717393131668942,           7,-3.162010598921374,                 0,                       0,                   0,                     0,                 0,                   0
0.07530145999999149,-4.770896812710409,-4.967380318259672, -5.32663929419078,-6.719046691705818,           7, -3.16206098492999,                 0,                       0,                   0,                     0,                 0,                   0
0.07584518799998818,-4.772181487651745,-4.968999642447488,-5.328000262132378,-6.720702323441387,           7,-3.162111119744825,                 0,                       0,                   0,                     0,                 0,                   0
0.07557592900002419,-4.773467247577837,-4.970618835903758,-5.329361581229963,-6.722360033747327,           7,-3.162161004390422,                 0,                       0,                   0,                     0,                 0,                   0
0.07831852600000389,-4.774754092420268,-4.972237928996643, -5.33072326117572,-6.724019829087216,           7,-3.162210639901832,                 0,                       0,                   0,                     0,                 0,                   0
0.07652438799999572,-4.776042022085532,-4.973856952347615,-5.332085311826837,-6.725681715518106,           7,-3.162260027324681,                 0,                       0,                   0,                     0,                 0,                   0
0.07562111599997934,-4.777331036455385,-4.975475936825691,-5.333447743208783,-6.727345698691825,           7,-3.162309167714923,                 0,                       0,                   0,                     0,                 0,                   0
0.07991324000002464,-4.778621135387263,-4.977094913535558,-5.334810565508558, -6.72901178385731,           7,-3.162358062138503,                 0,                       0,                   0,                     0,                 0,                   0
 0.075787637000019,-4.779912318714714,-4.978713913810154,-5.336173789066794,-6.730679975861605,           7,-3.162406711671266,                 0,                       0,                   0,                     0,                 0,                   0
0.0748937440000077, -4.78120458624786,-4.980332969198323,-5.337537424373609,-6.732350279152369,           7,-3.162455117398545,                 0,                       0,                   0,                     0,                 0,                   0
0.07818671199999017,-4.782497937773794,-4.981952111456994,-5.338901482059886,-6.734022697779446,           7,-3.162503280415173,                 0,                       0,                   0,                     0,                 0,                   0
0.07596472800000242,-4.783792373057004,-4.983571372542258,-5.340265972894762,-6.735697235396858,           7,-3.162551201824992,                 0,                       0,                   0,                     0,                 0,                   0
0.07533773900001961,-4.785087891839793,-4.985190784597845,-5.341630907780556,-6.737373895265169,           7,-3.162598882740901,                 0,                       0,                   0,                     0,                 0,                   0
0.0753228510000099,-4.786384493842678,-4.986810379947579,-5.342996297743424,-6.739052680252961,           7,-3.162646324284397,                 0,                       0,                   0,                     0,                 0,                   0
0.07563903099998015,-4.787682178764859,-4.988430191085873,-5.344362153927069,-6.740733592839391,           7,-3.162693527585624,                 0,                       0,                   0,                     0,                 0,                   0
0.07557922499998426,-4.788980946284612,-4.990050250665962,-5.345728487589943,-6.742416635116752,           7,-3.162740493782759,                 0,                       0,                   0,                     0,                 0,                   0
0.07653806400000462,-4.790280796059704,-4.991670591493047,-5.347095310098696,-6.744101808792192,           7,-3.162787224022226,                 0,                       0,                   0,                     0,                 0,                   0
0.0756215670000131,-4.791581727727759,-4.993291246515091,-5.348462632921322, -6.74578911519031,           7,-3.162833719458079,                 0,                       0,                   0,                     0,                 0,                   0
0.07528176200000303,-4.792883740906706,-4.994912248811564,  -5.3498304676208,-6.747478555255594,           7,-3.162879981252168,                 0,                       0,                   0,                     0,                 0,                   0
0.07572026700000833,-4.794186835195207, -4.99653363158601,-5.351198825850237,-6.749170129554722,           7,-3.162926010573588,                 0,                       0,                   0,                     0,                 0,                   0
0.07530142000001661,-4.795491010173027,-4.998155428155261,-5.352567719345596,-6.750863838279203,           7,-3.162971808598665,                 0,                       0,                   0,                     0,                 0,                   0
0.07459005900000193,-4.796796265401387,-4.999777671942184,-5.353937159923534,-6.752559681247901,           7,-3.163017376510552,                 0,                       0,                   0,                     0,                 0,                   0
0.07574396300000785,-4.798102600423459,-5.001400396465778,-5.355307159468215,-6.754257657909526,           7,-3.163062715499262,                 0,                       0,                   0,                     0,                 0,                   0
0.07533761899998126,-4.799410014764655,-5.003023635331595,-5.356677729934155,-6.755957767345544,           7,-3.163107826761255,                 0,                       0,                   0,                     0,                 0,                   0
0.07628662900000904,-4.800718507933112,-5.004647422222972,-5.358048883331821,-6.757660008272697,           7,-3.163152711499227,                 0,                       0,                   0,                     0,                 0,                   0
0.07666348499998321,-4.802028079419983,-5.006271790893823,-5.359420631729591,-6.759364379045618,           7, -3.16319737092208,                 0,                       0,                   0,                     0,                 0,                   0
0.07421385400002123,-4.803338728699832,-5.007896775157479,-5.360792987243155,-6.761070877659972,           7,-3.163241806244445,                 0,                       0,                   0,                     0,                 0,                   0
0.07570512899999926,-4.804650455231089,-5.009522408879659,-5.362165962029814,-6.762779501754828,           7,-3.163286018686685,                 0,                       0,                   0,                     0,                 0,                   0
0.07643016499997657, -4.80596325845629,-5.011148725970004,-5.363539568285907,-6.764490248615793,           7,-3.163330009474576,                 0,                       0,                   0,                     0,                 0,                   0
0.07999578999999812,-4.807277137802577,-5.012775760371294,-5.364913818237112, -6.76620311517804,           7,-3.163373779839052,                 0,                       0,                   0,                     0,                 0,                   0
0.07520751900000278, -4.80859209268195,-5.014403546054212,-5.366288724133791,-6.767918098028733,           7,-3.163417331016229,                 0,                       0,                   0,                     0,                 0,                   0
0.07634736699998257,-4.809908122491655,-5.016032117006111, -5.36766429824942,-6.769635193410712,           7,-3.163460664246825,                 0,                       0,                   0,                     0,                 0,                   0
0.07628421399999752,-4.811225226614556,-5.017661507224053,-5.369040552867042,-6.771354397224918,           7,-3.163503780776272,                 0,                       0,                   0,                     0,                 0,                   0
0.07518693899999107,-4.812543404419496,-5.019291750707856,-5.370417500283981,-6.773075705033589,           7,-3.163546681854369,                 0,                       0,                   0,                     0,                 0,                   0
0.07514255400002412,-4.813862655261529,-5.020922881449265,-5.371795152794676,-6.774799112063439,           7,-3.163589368735094,                 0,                       0,                   0,                     0,                 0,                   0
0.07476597799998785,-4.815182978482414,-5.022554933426085,-5.373173522694571, -6.77652461320861,           7,-3.163631842676381,                 0,                       0,                   0,                     0,                 0,                   0
0.07631715800002326,-4.816504373410833,-5.024187940593115,-5.374552622270786, -6.77825220303401,           7,-3.163674104939958,                 0,                       0,                   0,                     0,                 0,                   0
0.07687686599999211,-4.817826839362734,-5.025821936875687,-5.375932463794673,-6.779981875778056,           7,-3.163716156791129,                 0,                       0,                   0,                     0,                 0,                   0
0.07639272299999789,-4.819150375641627,-5.027456956159862,-5.377313059525737,-6.781713625356405,           7,-3.163757999498546,                 0,                       0,                   0,                     0,                 0,                   0
0.0748092419999864,-4.820474981539006, -5.02909303228815,-5.378694421689262,-6.783447445364364,           7,-3.163799634334067,                 0,                       0,                   0,                     0,                 0,                   0
0.07499433800001043,-4.821800656334539,-5.030730199047968, -5.38007656248856, -6.78518332908121,           7,-3.163841062572502,                 0,                       0,                   0,                     0,                 0,                   0
0.07622060200000647,-4.823127399296397,-5.032368490166303,-5.381459494093414,-6.786921269472562,           7, -3.16388228549137,                 0,                       0,                   0,                     0,                 0,                   0
0.07697357399999305,-4.824455209681555,-5.034007939303791,-5.382843228629027,-6.788661259193666,           7,-3.163923304370834,                 0,                       0,                   0,                     0,                 0,                   0
0.07359001099999318,-4.825784086736162,-5.035648580045445,-5.384227778177902,-6.790403290593332,           7,-3.163964120493455,                 0,                       0,                   0,                     0,                 0,                   0
0.07489681900000278,-4.827114029695653,-5.037290445893971,-5.385613154776628,-6.792147355716689,           7,-3.164004735143924,                 0,                       0,                   0,                     0,                 0,                   0
0.07646203599998103,-4.828445037785171,-5.038933570263674,-5.386999370404238,-6.793893446308493,           7,-3.164045149608965,                 0,                       0,                   0,                     0,                 0,                   0
 0.089173661000018,-4.829777110219813, -5.04057798647256,-5.388386436978355,-6.795641553816857,           7,-3.164085365177089,                 0,                       0,                   0,                     0,                 0,                   0
0.07448664000000349,-4.831110246204853,-5.042223727736983,-5.389774366358769,-6.797391669396354,           7,-3.164125383138441,                 0,                       0,                   0,                     0,                 0,                   0
0.0766725519999909,-4.832444444936002,-5.043870827163541,-5.391163170333396,-6.799143783911353,           7, -3.16416520478453,                 0,                       0,                   0,                     0,                 0,                   0
0.07653753299999266,-4.833779705599758,-5.045519317743292,-5.392552860613661,-6.800897887939404,           7,-3.164204831408219,                 0,                       0,                   0,                     0,                 0,                   0
0.07699733900000183,-4.835116027373495,-5.047169232346286,-5.393943448841283,-6.802653971774864,           7,-3.164244264303321,                 0,                       0,                   0,                     0,                 0,                   0
0.0766432160000079,  -4.8364534094258,-5.048820603713743,-5.395334946569125,-6.804412025431942,           7,-3.164283504764642,                 0,                       0,                   0,                     0,                 0,                   0
0.07666422600001965,-4.837791850916789,-5.050473464452669,-5.396727365263346,-6.806172038648512,           7,-3.164322554087518,                 0,                       0,                   0,                     0,                 0,                   0
0.0765686629999891,-4.839131350998127,-5.052127847028129,-5.398120716306256, -6.80793400088955,           7,-3.164361413567837,                 0,                       0,                   0,                     0,                 0,                   0
0.07594807600000308,-4.840471908813441,-5.053783783761943,-5.399515010978961,-6.809697901349664,           7,-3.164400084501995,                 0,                       0,                   0,                     0,                 0,                   0
0.07554896700000313,-4.841813523498423,-5.055441306822479,-5.400910260461987,-6.811463728957938,           7,-3.164438568186331,                 0,                       0,                   0,                     0,                 0,                   0
0.07405880400000342,-4.843156194181097,-5.057100448220389,-5.402306475842315,-6.813231472380466,           7, -3.16447686591727,                 0,                       0,                   0,                     0,                 0,                   0
0.07735867600001711,-4.844499919982031,-5.058761239802998,-5.403703668086737,-6.815001120024036,           7,-3.164514978990998,                 0,                       0,                   0,                     0,                 0,                   0
0.07556793300000209,-4.845844700014448,-5.060423713248947, -5.40510184806412, -6.81677266003978,           7,-3.164552908703322,                 0,                       0,                   0,                     0,                 0,                   0
0.07607223600001589,-4.847190533384541,-5.062087900062784,-5.406501026518264,-6.818546080326219,           7,-3.164590656349586,                 0,                       0,                   0,                     0,                 0,                   0
0.07514802300002543,-4.848537419191587, -5.06375383157122,-5.407901214080706,-6.820321368533198,           7,-3.164628223224427,                 0,                       0,                   0,                     0,                 0,                   0
0.07553584199999364,-4.849885356528067,-5.065421538916361,-5.409302421261508,-6.822098512065186,           7,-3.164665610621495,                 0,                       0,                   0,                     0,                 0,                   0
0.07558993600000008,-4.851234344480021,-5.067091053050421,-5.410704658438257,-6.823877498084589,           7,-3.164702819833576,                 0,                       0,                   0,                     0,                 0,                   0
0.07550568299998872,-4.852584382127031,-5.068762404730113,-5.412107935869105,-6.825658313515927,           7,-3.164739852151991,                 0,                       0,                   0,                     0,                 0,                   0
0.07645824899998388,-4.853935468542407,-5.070435624517576,-5.413512263676986,-6.827440945047976,           7,-3.164776708867033,                 0,                       0,                   0,                     0,                 0,                   0
0.07964584399999808, -4.85528760279355,-5.072110742767778,-5.414917651841935,-6.829225379138759,           7,-3.164813391267204,                 0,                       0,                   0,                     0,                 0,                   0
0.07703009100001168,-4.856640783941759,-5.073787789630651,-5.416324110219863,-6.831011602018099,           7,-3.164849900639484,                 0,                       0,                   0,                     0,                 0,                   0
0.07527365699999677,-4.857995011042637,-5.075466795042103,-5.417731648514756, -6.83279959969141,           7,-3.164886238268933,                 0,                       0,                   0,                     0,                 0,                   0
0.07472097000001554,-4.859350283146128, -5.07714778872406,-5.419140276288325,-6.834589357942964,           7,-3.164922405438627,                 0,                       0,                   0,                     0,                 0,                   0
0.07776295400000777,-4.860706599296732,-5.078830800175404, -5.42055000295458,-6.836380862340032,           7,-3.164958403429535,                 0,                       0,                   0,                     0,                 0,                   0
0.07446014799998579,-4.862063958533431,-5.080515858671851,-5.421960837784572,-6.838174098235553,           7,-3.164994233520329,                 0,                       0,                   0,                     0,                 0,                   0
0.07568279500000585,-4.863422359890015,-5.082202993260593,-5.423372789887329,-6.839969050771895,           7,-3.165029896987163,                 0,                       0,                   0,                     0,                 0,                   0
