    "Time(sec)"   ,     "rms[P]"     ,     "rms[U]"     ,     "rms[V]"     ,     "rms[T]"     ,"LinSolIter",    "LinSolRes"   ,       "CD"       , "avg_temp_outlet","avg_temp_outlet_scaled","avg_p_center_inlet","avg_p_cocenter_inlet",   "avg_p_inlet"  ,"avg_p_inlet_scaled"
       0.121552008,-6.065087026430855,-5.905206250150641,-7.052353878287513,-0.8612080907228693,           7,-3.200448582519074,0.1751326808850283,               300,      0.3924075786299875, -0.5653599320097457,   -0.6186158451455569,-0.5919878885776513, -0.1356885650946943
0.08171841699999993,-6.152002003354271,-4.501610048597635, -5.47858396845847,0.2086265223695862,           5,-3.356946020966152,0.08958881284452311,               300,      0.3924075786299875, -0.9373518304749673,    -1.029114203806714,-0.9832330171408405, -0.2253652140926659
0.08718293199999994,-6.374324313155098,-4.981115137747365,-6.184508077950251,-0.3122525235761582,           6,-3.330275898943948,0.05788409448705313,               300,      0.3924075786299875,  -1.139266076857118,     -1.25512421822752,-1.197195147542319, -0.2744071202176968
0.08537253099999997,-6.467078678854262,-5.288760869504774, -6.53173170589521,-0.5994846689128734,           6,-3.122720638279725,0.04330600308438397,               300,      0.3924075786299875,  -1.240141482343869,    -1.370801548759714,-1.305471515551792, -0.2992249674952315
0.08634198000000004,-6.521907598100727,-5.475058477736749,-6.662929767326203,-0.755207597777687,           6,-3.017361256114344,0.03518068650229262,               300,      0.3924075786299875,  -1.287472343214136,    -1.426025452675103, -1.35674889794462, -0.3109781715268409
0.09503114199999985,-6.559485834610317,-5.601448101977581,-6.740559865497156,-0.8536962199424614,           7,-3.308876366506977,0.02998463462947328,               300,      0.3924075786299875,  -1.308233485936522,    -1.448950302017846,-1.378591893977184, -0.3159847685302846
0.09255105000000019,-6.586611893249501,-5.696248751936185,-6.797369370301653,-0.9227326785950088,           7,-3.288560192404018,0.0263402890048308,               300,      0.3924075786299875,   -1.31704849778362,     -1.45490059331703,-1.385974545550325, -0.3176769338902219
0.1008845350000001,-6.608165287110205,-5.772004206883977,-6.835081529879793,-0.9747289155481406,           7,-3.294780270020802,0.02361688198292398,               300,      0.3924075786299875,  -1.321470579776737,    -1.451897229870939,-1.386683904823838, -0.3178395249563852
0.09431799600000002,-6.626813308441899, -5.83507766711977,-6.858918545734519,-1.016143907769443,           7,-3.322021432709939,0.02148774068624078,               300,      0.3924075786299875,  -1.325308408630625,    -1.444394062895401,-1.384851235763013, -0.3174194619112539
0.09333718600000007,-6.644026345387805,-5.889084056234227,-6.877118828344532,-1.050622639298251,           7,-3.353962754010468,0.01976809176801119, 300.0000000000001,      0.3924075786299875,  -1.330316105688025,    -1.434744033238113,-1.382530069463069, -0.3168874312216695
0.09157619099999992,-6.660642981031775,-5.936281338713073,-6.894433585056986,-1.080327402942057,           7, -3.36800503102406,0.01834639905156277, 300.0000000000001,      0.3924075786299875,  -1.337438362310717,    -1.424172545212079,-1.380805453761398, -0.3164921349083247
0.0956886589999999,-6.675626829129532,-5.978205167038771,-6.911556852764018,-1.106003654005887,           7,-3.382403796487938,0.01714837118890364, 300.0000000000001,      0.3924075786299875,  -1.346706660682586,    -1.414335179595458,-1.380520920139022, -0.3164269174272135
0.09513575200000002,-6.689018401424256,-6.015893872846575,-6.928292724901377,-1.128380742860932,           7,-3.393308242611674,0.01612321320655621, 300.0000000000001,      0.3924075786299875,  -1.357444866392016,    -1.406991308446282,-1.382218087419149, -0.3168159223332419
0.09576635800000011,-6.701160751586163,-6.050064647276487,-6.942728603131767, -1.14820703261739,           7,-3.400252722388584,0.01523486109849355, 300.0000000000001,      0.3924075786299876,  -1.368276334853827,    -1.403748516215991,-1.386012425534909, -0.3176856162988543
0.08531115300000014,-6.712651161844082,-6.081195425227959,-6.952385514589708,-1.166279881627055,           6,-3.001789765969157,0.01445691564009652, 300.0000000000002,      0.3924075786299877,  -1.377283248146782,    -1.405762518943128,-1.391522883544955, -0.3189486592678484
0.08774962399999975,-6.724124315180004,-6.109599817379948,-6.955534695822831,-1.183368574451752,           6,-3.009304019817841,0.01376960147247844, 300.0000000000003,      0.3924075786299879,   -1.38231882589944,    -1.413454712793851,-1.397886769346645, -0.3204073150098309
0.08692519500000007,-6.736041617972423,-6.135509139741199,-6.952249809778509,-1.200079404692766,           6,-3.020608724890733,0.01315770453358195, 300.0000000000009,      0.3924075786299887,  -1.381442250964949,    -1.426456594988524,-1.403949422976737, -0.3217969258238456
0.08630662099999986,-6.748574624013748,-6.159122858387094,-6.944351114405167,-1.216761275482467,           6,-3.036461476703876,0.01260933311293724, 300.0000000000029,      0.3924075786299913,  -1.373336527932125,    -1.443682564200315, -1.40850954606622,  -0.322842144097067
0.08740401799999997,-6.761642656739184, -6.18064295964119,-6.934361479563166,-1.233525206885986,           6,-3.056608961096194,0.01211503633707397, 300.0000000000087,      0.3924075786299989,   -1.35761104670407,    -1.463530930979785,-1.410570988841927, -0.3233146439871115
0.08838967799999997,-6.775036912267455,-6.200280902349945,-6.924375839740456,-1.250340226494725,           6,-3.079547124856754,0.0116671913840365,  300.000000000025,      0.3924075786300202,  -1.334916081442809,    -1.484156385623083,-1.409536233532946, -0.3230774694336976
0.08630610099999991,-6.788554577401642, -6.21825003226376,-6.915566619099129,-1.267145367953471,           6,-3.102482241168815,0.0112595692392734,  300.000000000069,      0.3924075786300776,  -1.306855252935483,    -1.503761050976866,-1.405308151956175, -0.3221083578465774
0.08516436000000027,-6.802074491208038,-6.234755967917127,-6.908293003282532,-1.283919731924977,           6,-3.121625168957606,0.01088702050841157, 300.0000000001824,       0.392407578630226,  -1.275738253765704,    -1.520852691414602,-1.398295472590153, -0.3205009932044885
0.08949773299999997, -6.81555270462527,-6.249992266020724,-6.902467384545875,-1.300687361538196,           6,-3.133200694118435,0.01054524417783214, 300.0000000004629,       0.392407578630593,  -1.244248804092612,    -1.534427016762731,-1.389337910427671, -0.3184478451924675
0.08557083299999979,-6.828962158773145,-6.264142730535808,-6.897902160923786,-1.317472230909833,           6,-3.134963487799279,0.01023061481200737, 300.0000000011307,      0.3924075786314664,  -1.215101782413317,    -1.544044940751774,-1.379573361582545, -0.3162097290972623
0.08693092599999996,-6.842222596017606,-6.277386852589251, -6.89451458564256,-1.334239256646816,           6,-3.127180685936729,0.009940051555477929, 300.0000000026628,      0.3924075786334704,  -1.190744728865547,    -1.549796211912619,-1.370270470389083, -0.3140774287890484
0.08717775199999966,-6.855160363186852,-6.289903634366484,-6.892380113689362,-1.350855207248816,           6,-3.112026565102237,0.00967091764882522, 300.0000000060593,      0.3924075786379131,  -1.173129138693942,    -1.552163316857583,-1.362646227775762, -0.3123298887462599
0.08651242799999981,-6.867518328237172,-6.301869925923878,-6.891684713990455,-1.367088968718279,           6, -3.09194470245056,0.009420945456150118, 300.0000000133462,      0.3924075786474446,  -1.163554638633392,    -1.551820809134507, -1.35768772388395, -0.3111933582680552
0.08876033299999975,-6.879005574997201,-6.313452746644677, -6.89263771479717,-1.382650912435992,           6,-3.068990327286429,0.00918817148206749, 300.0000000284982,      0.3924075786672638,  -1.162586892637751,    -1.549415090070259,-1.356000991354005, -0.3108067450938624
0.08717155899999973,-6.889380369646764,-6.324798057926673,-6.895401677621531,-1.397263937269441,           6,-3.044708333277435,0.008970886693727941, 300.0000000590778,      0.3924075787072627,  -1.170028863399347,    -1.545371889052757,-1.357700376226052,  -0.311196258290468
0.08807933900000009, -6.89852452367295,-6.336020903193964,-6.900050799040548,-1.410737984957642,           6,-3.020034061364123,0.008767597082315658, 300.0000001190524,       0.392407578785711,  -1.184949424843188,    -1.539765142447237,-1.362357283645212, -0.3122636603398627
0.09294782499999954,-6.906479283434807,-6.347201190512687,-6.906564280269438,-1.423018284680553,           7,-3.357336266463406,0.008577001780239834, 300.0000002335864,      0.3924075789355244,  -1.205748902075777,    -1.532266613676662,-1.369007757876219, -0.3137880045418578
0.0921848350000003,-6.913427120794739,-6.358387824592266,-6.914849679968855,-1.434186735086206,           7,-3.333032989121457,0.008397927774529664,  300.000000446434,      0.3924075792139344,  -1.230289208551697,    -1.522186897819799,-1.376238053185748, -0.3154452485745322
0.09536719900000001,-6.919624370485752,-6.369603227303846,-6.924751178534472,-1.444411620565593,           7,-3.308642723059394,0.008229361264852124, 300.0000008314938,      0.3924075797176023,  -1.256042902363584,    -1.508565827693023,-1.382304365028303, -0.3168356978813769
0.09354792200000084,-6.925322165380369,-6.380857769780838, -6.93608459220525,-1.453876943547995,           7,-3.285000124337094,0.00807040563776092,  300.000001505839,      0.3924075805996629,  -1.280276091015088,    -1.490317836066472, -1.38529696354078, -0.3175216264381894
0.09350024999999995,-6.930701823440368,-6.392154485945163,-6.948637584784485,-1.462716766200037,           7,-3.263196324568891,0.007920266831442426, 300.0000026511138,      0.3924075820977114,  -1.300242725197324,    -1.466389857567344,-1.383316291382334,  -0.317067639847774
0.09080464300000024,-6.935851000464505,-6.403491702812059,-6.962159669108123,-1.470983527223181,           7,-3.243400632782339,0.007778246176909769,   300.00000453928,      0.3924075845674804,   -1.31338263016704,    -1.435892155162663,-1.374637392664852, -0.3150783638232141
0.09259657800000021,-6.940770278109855,-6.414863018453998,-6.976344505349759,-1.478653366354619,           7,-3.225769559288217,0.007643724607493189, 300.0000075678631,      0.3924075885289436,  -1.317483624794222,    -1.398198640140634,-1.357841132467428, -0.3112285207958148
0.09397028600000024, -6.94541295017585,-6.426254742930955,-6.990818463367873,-1.485661539445554,           7,-3.210199039063642,0.007516152744356841, 300.0000123020531,      0.3924075947213837,  -1.310804789425746,    -1.352965118296873,-1.331884953861309,  -0.305279148015794
0.09288946199999959,  -6.9497237084471, -6.43764792407821,-7.005152130768064,-1.491943050949711,           7,-3.196470851638113,0.007395044282771956, 300.0000195246712,      0.3924076041687507,  -1.292127459013595,    -1.300087116121671,-1.296107287567633,  -0.297078608282642
0.09480687900000007,-6.953663545487324, -6.44902414389561,-7.018902850228534,-1.497460942625916,           7,-3.184271574887773,0.00727996961387281, 300.0000302946427,      0.3924076182561454,  -1.260731637615325,    -1.239611881095965,-1.250171759355645, -0.2865498018151194
0.09381706000000012,-6.957218055198413,-6.460370451908835,-7.031681982793598,-1.502215537204797,           7,-3.173106390360597,0.007170549997793601, 300.0000460151302,      0.3924076388189402,  -1.216307161157847,    -1.171631944358343,-1.193969552758095, -0.2736677869706943
0.09255642000000019,-6.960394100633585,-6.471678926457401,-7.043218994295864,-1.506239589731789,           7,-3.162476200622663,0.007066452249119843, 300.0000685025574,      0.3924076682330631,  -1.158835650176923,    -1.096182337232867,-1.127508993704895, -0.2584344721219953
0.09566720699999998, -6.96321433134533,-6.482937758657927,-7.053394016047152,-1.509589638233747,           7,-3.152184577689612,0.006967384039998326, 300.0001000688484,      0.3924077095225691,  -1.088509993859527,    -1.013203023971094,-1.050856508915311, -0.2408650828275093
0.09485088299999944,-6.965720763182783,-6.494117457110204,-7.062228713560168,-1.512346782681911,           7,-3.142229161754238,0.006873090141679755, 300.0001435993664,      0.3924077664615863,  -1.005642274573316,    -0.922572026216341,-0.9641071503948285, -0.2209814058002462
0.09158011799999954,-6.967980363008484,-6.505157068390833,-7.069842427933525,-1.514620078141472,           7,-3.132509059975348,0.006783348714902228, 300.0002026326457,      0.3924078436786069, -0.9105801228520102,   -0.8241755673004491,-0.8673778450762296, -0.1988102416691313
0.09184033000000014,-6.970086479811972,-6.515951666642495,-7.076407064570964,-1.516545421799287,           7,-3.122905061069855,0.006697967286992599, 300.0002814395012,      0.3924079467599648,  -0.803700820281474,    -0.717938418858086,-0.7608196195697801, -0.1743862069937827
        0.09274863,-6.972153847631325,-6.526354877865499,-7.082115144617602,-1.518277462615023,           7,-3.113321459494455,0.00661677943172854, 300.0003850869019,      0.3924080823333832, -0.6855044800212163,   -0.6039208111008219,-0.644712645561019, -0.1477735194629815
0.09298789200000002,-6.974323973938944,-6.536194125303336,-7.087168378302716,-1.519993382246897,           7,-3.103689246584067,0.006539644620096072, 300.0005195039709,      0.3924082581543052, -0.5567133997022784,   -0.4824495172863538,-0.5195814584943161, -0.1190924069786177
0.0913317600000001,-6.976764313647896,-6.545305110343467,-7.091771892242415,-1.521893510513434,           7,-3.093923723674214,0.006466440602909429, 300.0006915498624,      0.3924084831946775, -0.4183601957264568,   -0.3541925566164882,-0.3862763761714725,-0.08853776947804969
0.09271860299999979,-6.979652579177266,-6.553559722397268,-7.096129188238191,-1.524181880307447,           7,-3.084112221744002,0.006397058940766831, 300.0009090648587,      0.3924087677097875, -0.2718686264964016,   -0.2201686711498988,-0.2460186488231502, -0.0563895277073224
0.09241641099999853,-6.983165953489769,-6.560879281610737,-7.100416001542598,-1.527054458239233,           7,-3.074346339300445,0.006331402986494649,  300.001180907828,      0.3924091232872587,  -0.119027531192455,  -0.08166138580646377,-0.1003444584994594,-0.02299978741407947
0.09263387999999928,-6.987457929170789, -6.56724226671836,-7.104750671852283,-1.530674964116414,           7,-3.064651845068179,0.006269385530188176, 300.0015169792785,      0.3924095628772059, 0.03807170235791014,   0.05987819729950173,0.04897494982870593,  0.0112254672706367
0.09606504400000127,-6.992643140947319, -6.57267695890338,-7.109164299012298,-1.535159755647603,           7, -3.05528165809113,0.006210926256934448, 300.0019282564576,      0.3924101008381459,   0.197146099784334,    0.2029436819127344,0.2000448908485342, 0.04585195865912023
0.09416832799999852,-6.998785359651615,-6.577244687655591,-7.113587922320457,-1.540566289100407,           7,-3.046553467945198,0.006155949414782943, 300.0024268028607,      0.3924107529494353,  0.3558578125829439,    0.3460815816357437,0.3509696971093438, 0.08044518394946801
0.09282578999999913,-7.005891613089492,-6.581016719799318,-7.117842374379923,-1.546888396951633,           7,-3.038772764137075,0.006104381597633841, 300.0030257766158,      0.3924115364222384,  0.5119707146196133,    0.4879790667866941,0.4999748907031537,  0.1145984179944736
0.09121196899999973,-7.013912241720631,-6.584061556614647,-7.121650915067421,-1.554057947054023,           7,-3.032342287698006,0.006056150158497439, 300.0037394319111,      0.3924124699013931,  0.6634786391736079,     0.627548587035236,0.6455136131044219,  0.1479571079092129
0.09162518399999975,-7.022747548643628,-6.586441461649191,-7.124657216869167,-1.561953945941101,           7,-3.027562040986065,0.006011182172506983, 300.0045831186305,      0.3924135734649353,   0.808700009649118,    0.7639579398272073,0.7863289747381627,  0.1802331641124581
0.09036095799999977,-7.032261851224042,-6.588219743566869,-7.126474894540013,-1.570419555036715,           7,-3.024621334702047,0.005969404110265581, 300.0055732817192,       0.392414868623269,  0.9463349012168338,    0.8966215191951342, 0.921478210205984,  0.2112104969060972
0.09337298500000024,-7.042297849133656,-6.589471086291492,-7.126728038434879,-1.579279343368903,           7,-3.023658662934677,0.005930741836710281, 300.0067274416808,      0.3924163782936553,   1.075482483323292,     1.025157825901252, 1.050320154612272,  0.2407421459445665
0.09278681400000011, -7.05268936030677,-6.590290558833712,-7.125107859923221,-1.588354544736615,           7,-3.024662088191267,0.005895121087062051,  300.008064076664,      0.3924181266459795,   1.195624133731425,     1.149326710245367, 1.172475421988396,  0.2687411527973069
0.09238986899999979,-7.063272694969202,-6.590796529649433,-7.121422588749271,-1.597476502758046,           7,-3.027567129485871,0.005862468316094205, 300.0096028491462,      0.3924201393992588,   1.306580957427548,     1.268961529457066, 1.287771243442307,  0.2951679173922436
0.09109171699999941,-7.073895757920313,-6.591125127775694, -7.11562568169431,-1.606497180517529,           7,-3.032227803329642,0.005832711836167679, 300.0113644765588,      0.3924224436524169,   1.408456205552381,     1.383909270617112, 1.396182738084747,  0.3200167368218901
0.09373131499999943,-7.084425649524777,-6.591419368773182,-7.107813858833642,-1.615297186014678,           7,-3.038500375525675,0.005805783132050546, 300.0133708454052,      0.3924250680335531,   1.501571716705856,     1.493986093166077, 1.497778904935966,   0.343303426237589
0.09387884899999932,-7.094753457652127, -6.59181558670822,-7.098205878384162,-1.623790032625472,           7,-3.046219045350601,0.005781618097657766, 300.0156447980732,      0.3924280424210876,   1.586404669313868,     1.598950546764006, 1.592677608038937,  0.3650550010617426
0.09263787699999959,-7.104796693045918,-6.592428281990935,-7.087117785805675,  -1.6319232399884,           7,-3.055166891704986,0.005760158131419777, 300.0182106091097,      0.3924313985667412,   1.663527284031181,     1.698494508415969, 1.681010896223575,  0.3853017279883146
0.09187627900000095,-7.114500412375502,-6.593339499363193,-7.074923734346056,-1.639677177911742,           7,-3.065129180730021,0.005741350547455512, 300.0210940001326,      0.3924351701150396,   1.733562384671908,     1.792249364048446, 1.762905874360177,  0.4040727405144591
0.09245502499999958,-7.123835822056761,-6.594594622885158,-7.062017143821336,-1.647061069219987,           7,-3.075944203680915,0.005725148605549756, 300.0243221406453,      0.3924393926043799,   1.797139726396372,     1.879803859556399, 1.838471792976386,  0.4213930797729722
0.09247919200000077,-7.132796631591305,-6.596202622327415,-7.048781950063126,-1.654106701116327,           7,-3.087341496309031,0.005711510729293852, 300.0279234873724,      0.3924441032568766,   1.854861801917363,     1.960728882548227, 1.907795342232795,  0.4372826158722226
0.09368027600000062,-7.141393763182245,-6.598140322019318,-7.035568550554799,-1.660860616405604,           7,-3.099021691038556,0.005700398937956513, 300.0319282078536,      0.3924493415324336,    1.90728166855314,     2.034605641386784, 1.970943654969962,  0.4517567362195906
0.09199085000000018,-7.149649617203088,-6.600361168317033,-7.022679202268511,-1.667376389709464,           7,-3.110670721680186,0.005691776541384824, 300.0363681578189,      0.3924551490991506,   1.954887666367311,     2.101053950619132, 2.027970808493222,  0.4648278357848157
0.09221158600000123,-7.157592381986272,-6.602804054878527,-7.010361099477171,-1.673707820757734,           7,-3.121967081938443,0.00568560500748987, 300.0412769365316,      0.3924615699057128,   1.998093468289786,     2.159757870737995,  2.07892566951389,  0.4765071152259984
0.09411760999999963,-7.165251078725388, -6.60540209694368, -6.99880684754034,-1.679903521839894,           7,-3.132573196880677,0.005681840135383205, 300.0466898930595,       0.392468650189594,   2.037235779974646,     2.210487421067728, 2.123861600521187,   0.486806805671058
0.09153549200000022,-7.172652427667221,-6.608089855082296,-6.988158025510836,-1.686003779458764,           7,-3.142177416399942,0.005680427707720466, 300.0526442796217,      0.3924764386776378,   2.072573548588231,     2.253115636053909,  2.16284459232107,  0.4957420327635133
0.0926355430000001,-7.179819600929004,-6.610807768322172,-6.978511992323918,-1.692039814888678,           7, -3.15051604009567,0.005681298848969752, 300.0591793981453,      0.3924849867777573,   2.104292730976619,     2.287629774487665, 2.195961252732142,  0.5033326477382606
0.0903568400000001,-7.186771851924734,-6.613504121022579,-6.969931814160846,-1.698034187258519,           7, -3.15739194026751,0.005684365381464256, 300.0663365598976,      0.3924943485261343,   2.132511191997735,     2.314136277570363, 2.223323734784049,  0.5096043570057815
0.09197796500000166,-7.193524969260829,-6.616134374705706,-6.962455876865931,-1.704002227329878,           7,-3.162715578778988,0.005689515480979748, 300.0741591261389,      0.3925045806403924,   2.157289028812474,     2.332859414808996, 2.245074221810735,  0.5145897501729504
0.09014804700000134,-7.200091601579715,-6.618659836048188,-6.956106968258712,-1.709953361600968,           7,-3.166502671176606,0.005696609910040885, 300.0826925042815,      0.3925157425145739,   2.178639629863361,     2.344135087323163, 2.261387358593262,  0.5183288572812612
0.09185592000000042,-7.206481449303618, -6.62104538467149,-6.950898946246195,-1.715892284882029,           7,-3.168858675281367,0.005705479061328459, 300.0919841314761,      0.3925278961976705,   2.196540128216701,     2.348398860644708, 2.272469494430705,  0.5208689753123582
0.09177287899999875,-7.212700927489956,-6.623257619118228,-6.946840859285961,-1.721819286363778,           7,-3.169963575483575,0.005715921024466164, 300.1020834203141,      0.3925411063225999,   2.210941953134175,     2.346170327427714, 2.278556140280944,  0.5222640853434821
0.09139349800000041,-7.218752388463012,-6.625264365508246,-6.943937383851518,-1.727729773538162,           7, -3.17002780698646,0.00572770081521149, 300.1130416619596,      0.3925554399795004,   2.221781222488788,      2.33803571893332, 2.279908470711054,  0.5225740507653024
0.09039505400000003,-7.224632998128288,-6.627035188325661,-6.942187025875733,-1.733612927400162,           7,-3.169258595281122,0.005740550843386143,  300.124911880256,      0.3925709665248988,   2.228988991308305,     2.324629209988698, 2.276809100648502,  0.5218636492780429
0.09173784100000049,-7.230333748598968,-6.628543171037522, -6.94157830132322,-1.739450062436502,           7,-3.167840220695367,0.005754172600602198, 300.1377486355535,      0.3925877573251112,   2.232501261280889,     2.306613874320002, 2.269557567800446,  0.5202015374242787
0.09407346499999925,-7.235838853001534, -6.62976768850103, -6.94208501209415,-1.745213040405533,           7,-3.165923384206777,0.005768239495139673, 300.1516077700769,      0.3926058854231787,   2.232268573672734,     2.284663025712598, 2.258465799692666,  0.5176592115964247
0.0927502140000005,-7.241125856986964,  -6.6306971594497,-6.943661403223426, -1.75086336061464,           7,-3.163628478009757,0.005782400685258454, 300.1665460966651,      0.3926254251317296,   2.228264903405995,     2.259442606927087, 2.243853755166541,  0.5143100090314643
0.09230179999999955,-7.246166507924779,-6.631331481678302,-6.946238063586902,-1.756352255384935,           7,-3.161053173720176,0.005796285737415706, 300.1826210294591,      0.3926464515499106,   2.220495486633064,     2.231595117323464, 2.226045301978264,  0.5102281629222828
0.09310759300000093,-7.250928429003008,-6.631683522122334,-6.949718844723467,-1.761622148336879,           7, -3.15829034565771,0.005809509886160106, 300.1998901575149,      0.3926690400056621,   2.209003192712925,     2.201725468974992, 2.205364330843958,  0.5054879117243722
0.09015802699999931,-7.255377445352987,-6.631779080383585,-6.953979305143458,-1.766609506384305,           7,-3.155434069251463,0.005821679680552594, 300.2184107424618,      0.3926932653986415,   2.193873107936221,     2.170389139301399,  2.18213112361881,  0.5001626667121772
0.09229686900000011,-7.259480375241268,-6.631655964188414,-6.958866880196815,-1.771248938594959,           7,-3.152593819894334,0.005832398783629913, 300.2382392080005,      0.3927192015324748,   2.175235118129462,     2.138082892935021, 2.156659005532242,  0.4943242446434531
0.09062128999999963,-7.263208046156688,-6.631362130253357, -6.96420365867742,-1.775478090184748,           7,-3.149892631375872,0.00584127379072892, 300.2594305879992,      0.3927469203928519,    2.15326442686497,     2.105237744048464, 2.129251085456717,  0.4880421206016702
0.09348779599999979,-7.266538155699692,-6.630952814458151,-6.969791678221315,-1.779242704684251,           7,-3.147459896607218,0.005847919821520221,   300.28203795491,      0.3927764913998807,   2.128180094280217,     2.072215399177252, 2.100197746728734,   0.481382852871241
0.09212303500000019,-7.269457694855776,-6.630487847913979,-6.975421185558056,-1.782501238061153,           7,-3.145421974680513,0.005851965804393353, 300.3061118399863,      0.3928079806497175,   2.100241804563591,     2.039307463755247, 2.069774634159419,  0.4744096215435475
0.09358000399999966,-7.271964664642936,-6.630029092365858,-6.980881708559156,-1.785228381933422,           7,-3.143897771470375,0.005853059355943588, 300.3316996574201,      0.3928414501613229,   2.069745382810103,     2.006735531652406, 2.038240457231255,  0.4671817249912965
0.09545261399999916,-7.274068740921524, -6.62963856297305, -6.98597530794411,-1.787416914690967,           7,-3.142991080578027,0.005850871211584694, 300.3588451482402,      0.3928769571490676,   2.037016806398727,     1.974655703112596, 2.005836254755661,  0.4597544113218979
0.09605061599999942,-7.275790953049122, -6.62937690740155,-6.990530884461773, -1.78907784144222,           7,-3.142786375397664,0.005845099146205427, 300.3875875251379,      0.3929145529041427,   2.002405414101543,     1.943164657255232, 1.972785035678388,  0.4521787960470638
0.0946891119999993,-7.277162278525789,-6.629302567705142,-6.994417499510044,-1.790238738629412,           7,-3.143349506097544,0.005835471407061386, 300.4179615951637,      0.3929542829550492,   1.966276446017035,     1.912306892321083, 1.939291669169059,  0.4445018368904147
0.09461489799999967,-7.278221393140747,-6.629471406591027,-6.997554740862926,-1.790940659896099,           7,-3.144722796071389,0.005821749667323969, 300.4499972362407,      0.3929961863828655,    1.92900339389876,     1.882083070737092, 1.905543232317926,  0.4367664134824771
0.09289782899999999,-7.279011891246522,-6.629936580720376,-6.999918054033806,-1.791234136190822,           7,-3.146935737902859,0.005803731530522082, 300.4837189214848,      0.3930402951990453,   1.890960596393439,     1.852459068323305, 1.871709832358373,  0.4290115158209441
0.0907443360000002,-7.279579310186465, -6.63074870567757,-7.001538635239886,-1.791174827336355,           7,-3.149999067480262,0.005781252572003093, 300.5191455013957,      0.3930866340605185,   1.852516154071791,     1.823375259040926, 1.837945706556358,  0.4212724963745165
0.09225308500000118, -7.27996825272273,-6.631956029085615,-7.002497467269644,-1.790819317934034,           7, -3.15390900474328,0.005754187908197829, 300.5562900629808,      0.3931352200854215,   1.814025331691542,     1.794755619085902, 1.804390475388722,  0.4135813573218294
0.09031375700000055,-7.280219908037515,-6.633604687757439,-7.002915192341072,-1.790221499208656,           7,-3.158655026866851,0.005722453298452484, 300.5951598944253,      0.3931860628068845,   1.775823488504251,     1.766516309239507, 1.771169898871879,  0.4059669239083026
0.09506166999999976,-7.280370121116869,-6.635738843439853,-7.002939659924879,-1.789429752167043,           7,-3.164223251193445,0.005686005782756621, 300.6357565642096,      0.3932391642765195,   1.738220968811967,     1.738573426221091, 1.738397197516529,  0.3984551472199841
0.09294147299999977,-7.280448233237522,-6.638400741521691,-7.002733180411722, -1.78848519382184,           7,-3.170587790806647,0.005644843857532614, 300.6780761036659,      0.3932945193032088,   1.701498121586705,     1.710849730621146, 1.706173926103925,  0.3910693044603657
0.09284673899999873,-7.280476555025405,-6.641630666397554,-7.002461265284417, -1.78742086066746,           7,-3.177711946985867,0.005599007168116042, 300.7221092849208,      0.3933521158166608,   1.665901122618008,     1.683280258790238, 1.674590690704123,  0.3838301632969481
0.09027165600000231,-7.280470498276023,-6.645466869157778,-7.002283922116053,-1.786261772469097,           7,-3.185566218142077,0.005548575692017594,   300.76784166163,      0.3934119349206924,   1.631638842997485,     1.655816641498741, 1.643727742248113,  0.3767561179129299
0.09246778900000052,-7.280439258234754,-6.649945392507174,-7.002349676148739,-1.785025707928089,           7,-3.194106344864458,0.005493668466543951, 300.8152542368128,      0.3934739517667726,   1.598880388583329,     1.628430212412404, 1.613655300497867,  0.3698632632638444
0.09451244099999911,-7.280387881294002,-6.655099462657173, -7.00279216399094,-1.783723529243028,           7,-3.203291402958173,0.00543444225201558, 300.8643223635524,      0.3935381341161119,   1.567750322962337,     1.601110700842288, 1.584430511902313,  0.3631646977927599
0.09243532600000037,-7.280316788849792,-6.660958308457524,-7.003725492483823,-1.782363090370301,           7,-3.213070685302309,0.005371087946750409, 300.9150173368876,      0.3936044444218959,   1.538332642829557,       1.5738700394888, 1.556101341159178,   0.356671415408733
0.09247975199999914,-7.280223205338895,-6.667548663438922,-7.005247599301181,-1.780950925853777,           7, -3.22337932315076,0.005303827112859797, 300.9673092748386,      0.3936728435977399,   1.510675378963532,     1.546745531177074, 1.528710455070303,  0.3503931956988644
0.09427227800000182,-7.280104463707851,-6.674895288942996,-7.007444380616039,-1.779491235407794,           7,-3.234151791553233,0.005232909829231613, 301.0211660551972,      0.3937432896269843,   1.484788599567068,     1.519795431507784, 1.502292015537426,  0.3443378688561654
0.09159166999999968,-7.279957891503795,-6.683019234786624,-7.010387209802647, -1.77798809247561,           7,  -3.2453213155523,0.005158611796397918, 301.0765538806635,       0.393815738301907,   1.460647525631931,     1.493097175566125, 1.476872350599028,  0.3385114694868027
0.09094454199999902,-7.279781886306202,-6.691937474153351,-7.014134004608728,-1.776446894912559,           7,-3.256819224320487,0.005081230781045653, 301.1334379076158,      0.3938901440461706,   1.438196481748129,     1.466745008852224, 1.452470745300176,  0.3329184178840688
0.0934344220000014,-7.279576727164204,-6.701662495437676,-7.018730102206288,-1.774875142986001,           7,-3.268574337495435,0.005001082768763713,  301.191782791656,      0.3939664606284095,   1.417353547494547,     1.440847084771569, 1.429100316133058,  0.3275617204574499
0.0925706369999979,-7.279345096316267,-6.712201872859244,-7.024208838426497,-1.773282921226557,           7, -3.28051755724943,0.004918497964174363, 301.2515532163528,      0.3940446418538394,   1.398015715813492,     1.415522121703864, 1.406768918758678,  0.3224431777900156
0.09396508600000075,-7.279092334680013,-6.723557781017789,-7.030591812939406,-1.771683075931119,           7, -3.29257712604118,0.004833816808080687, 301.3127143913513,      0.3941246422157972,   1.380064378985136,     1.390895746525406, 1.385480062755271,  0.3175635943063902
0.09375474999999867,-7.278826466880543,-6.735726485208619, -7.03788893238799,-1.770091129445673,           7,-3.304681264289575,0.004747385806415413, 301.3752325054236,      0.3942064174883426,   1.363370966035472,     1.367096668136723, 1.365233817086098,  0.3129229858135282
0.09082083300000221,-7.278558046547995,-6.748697758732345,-7.046098117151594,-1.768524992669517,           7, -3.31676217071437,0.004659553552154519, 301.4390751311159,      0.3942899252555469,   1.347802552252632,     1.344252821005547, 1.346027686629089,  0.3085207804086264
0.08529164499999808,-7.278299862193299,-6.762454243446547,-7.055204796481545,-1.767004530031497,           6,-3.004378066348541,0.00457067119989993,   301.50420338729,      0.3943751146598991,   1.333225532809519,     1.322476208962515, 1.327850870886017,   0.304354502527344
0.08741848499999705,-7.278066257456122,-6.776971718165843,-7.065190339759175,-1.765552407160859,           6,-3.016193550632375,0.004481076378860671, 301.5705958261458,       0.394461957647135,   1.319509582238296,     1.301885625130665, 1.310697603684481,  0.3004228305148396
0.08830111600000023,  -7.2778742993807,-6.792213507309175,-7.075998709158283,-1.764189285797267,           6, -3.02797805714152,0.004391102265783346,  301.638226096752,      0.3945504197495705,   1.306539066352008,     1.282588733971029, 1.294563900161518,  0.2967248510072625
0.08600043099999866,-7.277740811573453,-6.808137937424494,-7.087574286159992,-1.762937549922053,           6,-3.039566427106144,0.004301069970515995, 301.7070704186706,      0.3946404698617921,   1.294214242172013,     1.264679888743117, 1.279447065457565,  0.2932599463203078
0.08568789899999985,-7.277682834349344,-6.824692103267592,-7.099846830845865,-1.761819303308563,           6,-3.050933234098919,0.004211285852854009, 301.7771076534641,      0.3947320803341897,   1.282452618876565,     1.248235861937152, 1.265344240406858,  0.2900274611093187
0.08739225500000103,-7.277717339768024,-6.841811465777421,-7.112729430097437, -1.76085587360496,           6,-3.062196232064714,0.004122039326010026, 301.8483192413832,      0.3948252268901421,   1.271190161987659,     1.233312679375391, 1.252251420681525,  0.2870264775489246
0.08770198199999868,-7.277861118880038, -6.85941927511788,-7.126117239775274,-1.760067295261405,           6,-3.073424905054472,0.004033600482589889, 301.9206890498871,      0.3949198884278786,   1.260382365923923,     1.219944112258003, 1.240163239090963,   0.284255765434242
0.08775323000000057,   -7.278132441687,-6.877425286397773,-7.139887267821232,-1.759471781911012,           6,-3.084610720325454,0.003946212213268564, 301.9941972908994,      0.3950160390640951,    1.25000219682739,     1.208138480768136, 1.229070338797763,  0.2817131801000398
0.08862582199999736,-7.278544369513476,-6.895726393279356, -7.15389311523036,-1.759086876860255,           6,-3.095605243840888,0.003860098887140844, 302.0688327055089,      0.3951136640718517,   1.240046064572984,      1.19788724952552, 1.218966657049252,  0.2793973319128028
0.08894729200000029,-7.279111002217852,-6.914209369680196,-7.167982116515968,-1.758927185438328,           6,-3.106317098240575,0.003775462390405002, 302.1445868103789,      0.3952127523547294,   1.230529314490785,     1.189161985993023, 1.209845650241904,   0.277306721023986
0.08782416700000084,-7.279844409026228,-6.932749388026824,-7.181990455452916,-1.759004732597609,           6,-3.116681750237829,0.003692481901891712, 302.2214538171288,      0.3953132963413803,    1.22148413029003,     1.181916025353038, 1.201700077821534,  0.2754396878381375
0.08662992400000036,-7.280754482894806,-6.951211601089072,-7.195747493032775,-1.759328870453741,           6, -3.12664911371995,0.003611313532018371, 302.2994304954692,      0.3954152918065041,   1.212956749742426,     1.176086379593656, 1.194521564668041,  0.2737943127078267
0.08646479600000134, -7.28184887484416,-6.969453584446184,-7.209081459689026,-1.759906215476911,           6, -3.13617001050559,0.003532090226473475, 302.3785159786079,      0.3955187376163151,   1.205004187095292,     1.171595848971161, 1.188300018033226,  0.2723682822909274
0.08618911499999982,-7.283132962770249,-6.987328765963286,-7.221826416622252,-1.760740659979411,           6,-3.145181324505159,0.003454922005723882,  302.458711366053,      0.3956236352089971,   1.197690671815391,     1.168355332953578, 1.183023002384484,  0.2711587462595731
0.08604859500000117,-7.284609852918186,-7.004690816249902,-7.233830011983192,-1.761833439459559,           6, -3.15360834310171,0.0033798963938672, 302.5400197385562,      0.3957299886142515,   1.191083983885863,     1.166266337202923, 1.178675160544393,  0.2701621846205197
0.0870727880000004,-7.286280432535157,-7.021398854536361,-7.244961429006457,-1.763183259419377,           6,-3.161369597361333,0.003307079145815741, 302.6224461291501,      0.3958378044154121,   1.185251835171949,     1.165223654944583, 1.175237745058266,  0.2693743003006775
0.08568219800000065,-7.288143478158282,-7.037323123700072,-7.255118510042922, -1.76478647206621,           6,-3.168386586699341,0.003236515184925744, 302.7059966394123,      0.3959470905934964,   1.180258421911326,     1.165118176338086, 1.172688299124706,  0.2687899460137302
0.08728340400000079,-7.290195815361336,-7.052350634019298,-7.264233146686394,-1.766637294924288,           6,-3.174584469946561,0.003168229738689696, 302.7906788338893,      0.3960578570431224,   1.176161255792709,     1.165839754700956, 1.171000505246833,  0.2684030895697335
0.08591335299999869,-7.292432536894651,-7.066390176463078,-7.272274135295664,-1.768728070665837,           6, -3.17989909029933,0.003102229639046563, 302.8765014059824,      0.3961701151354785,   1.173008366594285,     1.167280035468538, 1.170144201031412,  0.2682068174964076
 0.088106290999999,-7.294847244842285,-7.079376158879906,-7.279247089902793,-1.771049541960951,           6,-3.184282612623546,0.003038504765677925, 302.9634733218602,        0.39628387659854,    1.17083595521246,     1.169335135840973, 1.170085545526717,  0.2681933731651626
0.08852725299999875,-7.297432318284585,-7.091270730652003,-7.285191486437376,-1.773591140833553,           6,-3.187706532462837,0.002977029600499427, 303.0516034995297,       0.396399153097285,   1.169666543540301,     1.171908056039487, 1.170787299789894,  0.2683542210994816
0.08564787199999913, -7.30017919757401,-7.102063989844876,-7.290175310397412,-1.776341287620056,           6,-3.190156541359884,0.002917764868500393, 303.1409015299236,       0.396515957176896,   1.169507689002045,     1.174910710482702, 1.172209199742373,  0.2686801324364918
0.08693684700000048,-7.303078661905307,-7.111772222914637,  -7.2942881638735,-1.779287680280656,           6,-3.191634398185591,0.002860659236884812, 303.2313770331928,      0.3966343014207733,   1.170351264812957,     1.178265489320671, 1.174308377066814,  0.2691612814000577
0.08432074299999925,-7.306121096555708,-7.120434493698228,-7.297633687641074,-1.782417572806381,           6,-3.192162311877383,0.002805651044956529, 303.3230391397262,      0.3967541977716962,   1.172173308920263,     1.181906293219997,  1.17703980107013,  0.2697873465794748
0.08387668700000006,-7.309297063269987,-7.128108001424065,-7.300322212082278,-1.785717904175714,           6, -3.19178639974591,0.002752668221596635, 303.4158945276373,       0.396875654964806,   1.174934597828248,     1.185779231702919, 1.180356914765583,  0.2705476567247945
0.08631054900000024,-7.312597913609157,-7.134861830514161,-7.302462767516269,-1.789175452823023,           6,-3.190573039578505,0.002701625725016828, 303.5099435339765,      0.3969986734409732,   1.178582159979579,     1.189843085098231, 1.184212622538905,  0.2714314171281425
0.0859904420000035,-7.316013111511271,-7.140770951294188,-7.304155422657117,-1.792778599731602,           6,-3.188522639267993,0.002652438946937296, 303.6051905589045,      0.3971232589557188,   1.183049585292137,     1.194067225741842, 1.188558405516989,  0.2724275068588395
0.08905651300000272,-7.319533747492467,-7.145916988773998,-7.305498719842824,-1.796515197950775,           6,-3.185697685806749,0.002605020752693373, 303.7016375869654,      0.3972494141048769,   1.188259318265589,     1.198431548996994, 1.193345433631292,  0.2735247336576146
       0.087189403,-7.323151249594653,-7.150380302824702,-7.306580110792265,-1.800373483857351,           6,-3.182171171011234,0.002559282629797629, 303.7992844401911,      0.3973771386556607,   1.194124800951078,     1.202925190452743, 1.198524995701911,  0.2747119325154659
0.08911360299999771,-7.326857457598709,-7.154237165013785,-7.307474944724607,-1.804342196978545,           6,-3.178025084960919,0.002515135812766938, 303.8981295280139,      0.3975064305275674,   1.200552887116236,     1.207544983395959, 1.204048935256098,   0.275978065566901
0.08584351799999723,-7.330644656440718,-7.157557726802061,-7.308246430234973,-1.808410619047165,           6,-3.173320730542081,0.002472492389522705, 303.9981686136224,      0.3976372841787407,    1.20744637040216,     1.212293762440632, 1.209870066421396,  0.2773123174161156
0.08549507700000092,-7.334505570582701,-7.160404737985688,-7.308946321998831,-1.812568591077246,           6, -3.16813651711596,0.00243126634107182, 304.0993933561007,      0.3977696886990519,   1.214706531640422,     1.217178603769622, 1.215942567705022,  0.2787041853945139
0.0887928940000009,-7.338433343966902,-7.162833285073924,-7.309615895327208,-1.816806518375407,           6,-3.162556657928823,0.002391374480073873, 304.2017918072269,      0.3979036284599248,   1.222235595504274,     1.222209076398505,  1.22222233595139,  0.2801435606907284
0.08710022100000003,-7.342421505081446, -7.16489088017984,-7.310287225385447,-1.821115354203644,           6,-3.156665080410768,0.002352737264190198, 304.3053503326858,       0.398039085627331,   1.229939027750414,     1.227395566593085, 1.228667297171749,  0.2816207995953666
0.08674605899999932,-7.346463930523616,-7.166618113697451, -7.31098456976144,-1.825486576474222,           6,-3.150533599827605,0.002315279479840914, 304.4100520310845,      0.3981760380938213,   1.237727615334704,     1.232747729663519, 1.235237672499111,  0.2831267844600999
0.08406464999999841,-7.350554818180628,-7.168049348260596,-7.311725680475721,-1.829912172997726,           6,-3.144233311501567,0.002278930788757559, 304.5158763651573,      0.3983144589961333,   1.245519251819621,     1.238273116952791, 1.241896184386206,  0.2846529709599565
0.09061054899999732, -7.35468865520799,-7.169213947288695,-7.312523034928302,-1.834384616727838,           6,-3.137841755123678,0.002243626140161037, 304.6227989978811,      0.3984543165008264,   1.253240365441739,     1.243976017218481,  1.24860819133011,  0.2861914189733309
0.08587507000000016,-7.358860198643279,-7.170137384927402,-7.313384943411565, -1.83889684431394,           6,-3.131430184786004,0.00220930604245954, 304.7307916734093,      0.3985955736485389,   1.260826952667306,     1.249856539710269, 1.255341746188788,  0.2877348059486212
0.08645310399999673,-7.363064473377761,-7.170842241572293,-7.314316591591007,-1.843442230139308,           6,-3.125039361090714,0.002175916661212092, 304.8398220857893,      0.3987381881822691,   1.268225252804224,     1.255909965346299, 1.262067609075261,  0.2892764298596813
0.08632589899999843,-7.367296724641767,-7.171348749539754,-7.315320894260741,-1.848014606175874,           6,-3.118707035953986,0.002143409960501965,  304.949853942754,      0.3988821126308147,   1.275392033998321,      1.26212633132335, 1.268759182660836,  0.2908101943767792
0.08625821800000111,-7.371552431709789,-7.171675993369731,-7.316399174671636,-1.852608205319913,           6,-3.112476303329938,0.002111743619539107, 305.0608469332963,      0.3990272942663601,   1.282294481918943,     1.268490304735133, 1.275392393327038,  0.2923305816256305
0.08531870699999899,-7.375827285939433, -7.17184245884194,-7.317551740613166,-1.857217636898369,           6,-3.106388402094312,0.002080880863730948, 305.1727567469441,      0.3991736751296883,   1.288910079106443,     1.274981298249989, 1.281945688678216,  0.2938326516172641
0.08606634799999924,-7.380117158502656,-7.171866560964687,-7.318778346233715, -1.86183785754405,           6,-3.100479792422851,0.002050790227614006,  305.285535124164,      0.3993211920961106,   1.295225881451342,      1.28157380759448, 1.288399844522911,  0.2953119980065432
0.08667740599999973,-7.384418075471917,-7.171766991135218,-7.320078553598073,-1.866464141212206,           6,-3.094760240155853,0.002021445260196102, 305.3991299397315,      0.3994697769845165,    1.30123758468409,     1.288237949191989, 1.294737766938039,  0.2967647027236218
0.08466173100000063,-7.388726189506594,-7.171562613916934,-7.321452028417847,-1.871092038030129,           6,-3.089238886457947,0.001992824172627679, 305.5134853233826,      0.3996193567151892,   1.306948499731027,     1.294940165596504, 1.300944332663766,  0.2981872993911198
0.08727538899999843,-7.393038326238202,-7.171272444274347,-7.322898600384044, -1.87571661342371,           6,-3.083950856387038,0.001964907201430601,  305.628539325436,      0.3997698502563808,   1.312368858853969,     1.301644623164208, 1.307006741009088,  0.2995768539838182
0.08687896500000036, -7.39735167715684,-7.170914279664415,-7.324417053031954,-1.880332869419073,           6,-3.078907509016993,0.001937674880424473, 305.7442228915589,      0.3999211672832794,    1.31751465601366,     1.308314354558008, 1.312914505285834,  0.3009309628652606
0.08433291700000112,-7.401661242307778,-7.170504943078881,-7.326004985533541,-1.884938984580057,           6,-3.074107677295736,0.001911115525695503, 305.8604691955985,      0.4000732203855888,   1.322404667347037,     1.314910113144837, 1.318657390245937,  0.3022472800311616
0.08689832199999969,-7.405963417590109,-7.170065030006794,-7.327664036350348,-1.889531493023223,           6,-3.069555374149221,0.001885221312980777,  305.977208587717,      0.4002259184595621,   1.327060329681449,     1.321392713847089, 1.324226521764269,   0.303523771457974
0.08720187699999826,-7.410254453653569,-7.169614779303042, -7.32939607836038,-1.894106533806272,           6,-3.065250962323628,0.001859987412698124, 306.0943690124413,      0.4003791672548199,   1.331504502045471,     1.327723967201417, 1.329614234623444,   0.304758680213895
0.08746592600000014,-7.414530453683679,-7.169173993627283,-7.331203230769537,-1.898660325769107,           6,-3.061200626232335,0.001835411378241428, 306.2118763632747,      0.4005328698381924,   1.335760311167278,     1.333867546859356, 1.334813929013317,  0.3059504935673538
0.08784025799999995,-7.418787363328228,-7.168761990520149, -7.33308780356509,-1.903189063329648,           6,-3.057411817941835,0.001811492648429152, 306.3296548363842,      0.4006869270563512,   1.339850120120403,     1.339789781223403, 1.339819950671903,  0.3070979155143105
0.08704320200000026, -7.42302097528999,-7.168397368314085,-7.335052180074502,-1.907688888397949,           6,-3.053867039362621,0.001788232112103433, 306.4476262725304,      0.4008412366750366,   1.343794650351219,     1.345460354704179, 1.344627502527699,  0.3081998465259375
0.08974439800000056,-7.427226937961218,-7.168097811426307,-7.337098743456585,-1.912155882715695,           6, -3.05057391684073,0.001765631723043462,  306.565711902213,      0.4009956956617524,   1.347612273120578,     1.350852898242981,  1.34923258568178,  0.3092553700212243
0.08852373500000255,-7.431400773415909, -7.16787992000449,-7.339229814513517,-1.916586070037949,           6,-3.047536639351137,0.001743694155718915, 306.6838329920487,      0.4011502010312443,   1.351318474151961,     1.355945452640858,  1.35363196339641,  0.3102637441128666
0.08580241900000019,  -7.4355379040975,-7.167759097503727,-7.341447481113549,-1.920975428094499,           6, -3.04474088468531,0.001722422498244929, 306.8019107770575,      0.4013046497569286,    1.35492549060007,     1.360720794619249, 1.357823142609659,  0.3112243973702616
0.08672456700000097,-7.439633695303116,-7.167749374228839,-7.343753512917399,-1.925319920357376,           6, -3.04219438743136,0.001701819987630632, 306.9198668069871,      0.4014589392238936,   1.358442110000635,     1.365166618630571, 1.361804364315603,  0.3121369266145698
0.0855935059999986,-7.443683492982638,-7.167863459949221,-7.346149318474121,-1.929615517691608,           6,-3.039904381062994,0.001681889776815417, 307.0376233634355,      0.4016129677745059,   1.361873618758169,     1.369275578075075, 1.365574598416622,   0.313001095738819
0.08700710200000117,-7.447682666149315,-7.168112696811243,-7.348635896510593,-1.933858221242181,           6,-3.037889339409929,0.00166263473078621, 307.1551038784958,      0.4017666352560093,   1.365221886208196,     1.373045192064105, 1.369133539136151,  0.3138168346564685
0.0862245030000004,-7.451626645425511,-7.168507126883614,-7.351213880912534,-1.938044078834154,           6,-3.036150026419993,0.001644057243315473, 307.2722333255086,       0.401919843531638,   1.368485570542316,     1.376477628637124,  1.37248159958972,  0.3145842380570459
0.08791081400000067, -7.45551096237868,-7.169055318302919,-7.353883529416549,-1.942169220391756,           6,-3.034678962814573,0.00162615908823264, 307.3889386003229,      0.4020724969793153,   1.371660426826644,     1.379579379524282, 1.375619903175463,  0.3153035634327798
0.08840715099999841,-7.459331291274466,-7.169764342360936,-7.356644566799075,-1.946229904642632,           6,-3.033487358152937,0.001608941314171899, 307.5051488883036,      0.4022245029717099,   1.374739702236769,     1.382360844113433, 1.378550273175101,  0.3159752286950587
0.08629249400000205,-7.463083483722373,-7.170640013803046,-7.359496183383974,-1.950222532039988,           6,-3.032598743054911,0.001592404157775046, 307.6207942750331,      0.4023757700589975,   1.377714603477139,     1.384835844934642,  1.38127522420589,   0.316599810215146
0.08675922400000147,-7.466763596618757, -7.17168697064858,-7.362437139654592,-1.954143653633512,           6,-3.032035007657771,0.001576546967280031, 307.7358088473271,      0.4025262120250676,   1.380574816449969,     1.387021090001635, 1.383797953225802,  0.3171780407624922
0.08688243099999937,-7.470367908116092,-7.172908586285444,-7.365465791350005,-1.957989968967986,           6,-3.031782590141902,0.001561368141758611,  307.850127957595,      0.4026757443092388,   1.383309051249042,     1.388935601145544, 1.386122326197293,  0.3177108064479596
0.08679988300000119,-7.473892916061239,-7.174307105626919,-7.368580073239431, -1.96175833660467,           6,-3.031822832933082,0.001546865094774641, 307.9636935958522,      0.4028242910329858,   1.385905588451026,     1.390600128085893, 1.388252858268459,  0.3181991421811777
0.08937689000000049, -7.47733540466539,-7.175883522736503,-7.371777468828553,-1.965445840779166,           6,-3.032176663151978,0.001533034243612678, 308.0764517628741,      0.4029717815639585,   1.388352808695497,     1.392036565798481, 1.390194687246989,  0.3186442255905512
0.08613668399999952,-7.480692429410726,-7.177637929100536,-7.375055083650182,-1.969049769452212,           6,-3.032844211428262,0.001519871009760536, 308.1883518737621,      0.4031181497358319,   1.390639693570099,     1.393267390927194, 1.391953542248646,  0.3190473698372315
0.08779712499999803,-7.483961329406432,-7.179569625404407,-7.378409650133146,-1.972567610191556,           6,-3.033794467289734,0.001507369820347257, 308.2993471223769,      0.4032633343249931,   1.392756282320079,     1.394315129905276, 1.393535706112677,  0.3194100150004136
0.08941947199999944,-7.487139742487812,-7.181676982950343,-7.381837445861279,-1.975997079917547,           6,-3.035046599582372,0.001495524125312838, 308.4093946525271,      0.4034072792744611,   1.394694066594131,     1.395201871325746, 1.394947968959938,  0.3197337174324714
0.08986786599999874,-7.490229209344452,-7.183956756299801,-7.385334310425083,-1.979332298293542,           6,-3.036602265070998,0.001484321732288489, 308.5184494947162,      0.4035499257629989,   1.396446816816331,     1.395949061080473, 1.396197938948402,  0.3200202209867141
0.08931704499999782,-7.493225151743154,-7.186403545657226, -7.38889223178432,-1.982574712674958,           6,-3.038428585889126,0.001473752376775836, 308.6264757892629,       0.403691226885237,   1.398009823657323,      1.39657667031104, 1.397293246984182,   0.320271274730514
0.08752356800000172,-7.496125783730208,-7.189013576733403,-7.392506182867658,-1.985724539245367,           6,-3.040505366769598,0.001463806381667778, 308.7334428210626,      0.4038311424650428,   1.399380472248315,     1.397103101011335, 1.398241786629825,  0.3204886879342909
0.08529749600000258,-7.498930282192106,-7.191782720975411, -7.39617150350718,-1.988780502259461,           6,-3.042815173820384,0.001454473700031129, 308.8393240023469,      0.4039696377249437,   1.400558436074701,     1.397544992161681, 1.399051714118191,  0.3206743300746921
0.08597103399999995,-7.501638083167234, -7.19470624329473,-7.399883173183905,-1.991741584619894,           6,-3.045341836718865,0.00144574371271836, 308.9440968246461,      0.4041066832232926,   1.401545701524674,     1.397917047243358, 1.399731374384016,  0.3208301138804102
0.08835344599999928,-7.504248926041678,-7.197778946077462,-7.403635834142621,-1.994607129579197,           6, -3.04807711792028,0.00143760517821326, 309.0477426468348,      0.4042422545770266,   1.402346529829034,     1.398231928846269, 1.400289229337652,  0.3209579788919253
0.08719399299999964, -7.50676287334915,-7.200995286101738,-7.407423792914456, -1.99737678561667,           6,-3.051011187402569,0.00143004623808203, 309.1502466786044,      0.4043763324400482,   1.402967362194714,     1.398500217335865,  1.40073378976529,  0.3210598758524679
0.08563904400000055,-7.509180307381951,-7.204349386908811,-7.411241122405573,-2.000050482621656,           6,-3.054132303792398,0.001423054441827562, 309.2515978813161,      0.4045089023735393,   1.403416673069774,     1.398730434086227,    1.401073553578,  0.3211377525541831
0.08873903000000283,-7.511501924790003,-7.207835034617038, -7.41508175157816,-2.002628427596564,           6,-3.057441878731146,0.001416616787141071, 309.3517886140822,      0.4046399543830258,   1.403704776963574,     1.398929118756597, 1.401316947860086,  0.3211935405551298
0.08784762200000173,-7.513728722109882,-7.211445830479302,-7.418939498774157,-2.005111096672167,           6,-3.060922887245473,0.001410719764288007, 309.4508131032774,      0.4047694809164595,   1.403843595695032,     1.399100954840475, 1.401472275267754,   0.321229142893409
0.09012714600000038,-7.515861983578181,-7.215175208160227,-7.422808134354745,-2.007499236420142,           6,-3.064575254692842,0.001405349405123651, 309.5486699298399,      0.4048974801176723,   1.403846396629332,     1.399248937089304, 1.401547666859318,  0.3212464232754524
0.08702006699999743,-7.517903241740644,-7.219016438724744,-7.426681398027038,-2.009793814381732,           6,-3.068399613416779,0.001400491334230984, 309.6453613086535,      0.4050239548837878,   1.403727505126326,     1.399374573030902, 1.401551039078614,  0.3212471962162611
0.08942344999999818,-7.519854259740257,-7.222962515352669,-7.430553120195409,-2.011996006892851,           6, -3.07238898765695,0.001396130822161697, 309.7408915401431,      0.4051489108398704,   1.403502003337565,     1.399478110172881, 1.401490056755223,  0.3212332185587505
0.08636224800000036,-7.521717013625265,  -7.2270063490459,-7.434417279033112, -2.01410720491828,           6,-3.076540693906512,0.001392252841553468, 309.8352672928479,       0.405272356708538,   1.403185425803817,     1.399558780378707, 1.401372103091262,  0.3212061825944691
0.08873038400000155,-7.523493665565243,-7.231140964875753,-7.438268022391672,-2.016128988383185,           6,-3.080856643260144,0.001388842123507363, 309.9284986084821,      0.4053943056246064,   1.402793458598942,     1.399615053029388, 1.401204255814165,  0.3211677105976196
0.08698962800000132,-7.525186588579067,-7.235359423602871,-7.442099782581797,-2.018063155397827,           6,-3.085339065771942,0.001385883212645517, 310.0205982624234,      0.4055147742985922,   1.402341649931783,     1.399644888701828, 1.400993269316805,  0.3211193507314239
0.08860465200000078,-7.526798265531162,-7.239654901289263,-7.445907359448942,-2.019911627664841,           6,-3.089995552013486,0.001383360523733576, 310.1115795848318,      0.4056337801666817,   1.401845139154019,     1.399645985804634, 1.400745562479326,  0.3210625742567861
0.08724247600000012,-7.528331289398752,-7.244020733677814, -7.44968596505081, -2.02167645892608,           6,-3.094832539936797,0.001381258394822585, 310.2014591764289,      0.4057513449430379,   1.401318410025817,     1.399616013718887, 1.400467211872352,  0.3209987739744116
0.08719987400000306,-7.529788391886864,-7.248450366136548,-7.453431318682978,-2.023359862771764,           6,-3.099850364698075,0.001379561142068941,  310.290254764043,      0.4058674918148002,   1.400775073917935,     1.399552825137235, 1.400163949527585,  0.3209292637138089
0.0843889539999978,-7.531172380495863,-7.252937518762812,-7.457139708858195,-2.024964151728898,           6, -3.10503588028498,0.001378253109575288,  310.377983708212,      0.4059822434899905,   1.400227687087362,     1.399454644130781, 1.399841165609071,  0.3208552789455664
0.08737250600000124, -7.53248613140349, -7.25747622748705,-7.460807977475362,  -2.0264917482059,           6,-3.110373540742116,0.001377318723394281, 310.4646675706442,      0.4060956281718683,   1.399687605118999,     1.399320228497299, 1.399503916808149,  0.3207779787055446
0.08775602599999743,-7.533732563186498,-7.262060670466175,-7.464433553074611,-2.027945145030225,           6,-3.115863425442009,0.001376742541447743, 310.5503275375507,      0.4062076735725326,   1.399164876188319,     1.399148995999322,  1.39915693609382,  0.3206984478297426
0.08636364100000193,-7.534914625373883,-7.266685392634621,-7.468014588979777,-2.029326898635555,           6,-3.121499507431696,0.001376509300940867, 310.6349882915809,      0.4063184119775126,   1.398668173552714,     1.398941125735045,  1.39880464964388,  0.3206177008350538
0.08763226700000004,-7.536036186208256,-7.271345187397126,-7.471549940420646, -2.03063877756085,           6,-3.127268191181869,0.001376603427932651, 310.7186745148964,       0.406427875671699,   1.398204740817424,     1.398697615128322, 1.398451177972873,  0.3205366821778043
0.08677637700000318, -7.53710363120704,-7.276034666066203, -7.47503827083867,-2.031880074134728,           6,-3.133126204033818,0.001377007492455403, 310.8014085892084,      0.4065360939309356,   1.397780337548182,     1.398420267985651, 1.398100302766916,  0.3204562586520158
0.08658008799999806, -7.53811576833061,-7.280748156517045,-7.478475802752036,-2.033058437396093,           6,-3.139089434602667,0.001377706586329842,  310.883214168598,      0.4066430976953578,   1.397399503748951,     1.398111814357456, 1.397755659053204,  0.3203772634362607
0.08852509799999808,-7.539075793989359,-7.285482194814457,-7.481863902922819, -2.03417752031876,           6,-3.145153498215334,0.001378686759773811, 310.9641167564136,      0.4067489203239899,   1.397065493096499,     1.397775835933117, 1.397420664514808,  0.3203004798920252
0.08786474500000452,-7.539986837841785,-7.290233501743332,-7.485204615684576,-2.035239753666125,           6, -3.15131526199032,0.001379934625232703, 311.0441425045586,       0.406853596024182,   1.396780368085647,     1.397416722641883, 1.397098545363765,  0.3202266474940356
0.08571572200000332,-7.540851945406702,-7.294999236125036,-7.488500649447316,-2.036247858003883,           6,-3.157550734809471,0.001381437264713895, 311.1233186678006,      0.4069571604458587,   1.396545116927857,     1.397039607700285, 1.396792362314071,  0.3201564677834858
0.08403051399999839,-7.541674102317018,-7.299777013203374,-7.491755319967667,-2.037204610668419,           6,-3.163850603920005,0.001383182210831998, 311.2016725655193,      0.4070596493234588,   1.396359786459896,     1.396650286927629, 1.396505036693763,  0.3200906103531451
0.08607653800000037,-7.542456216225216,-7.304564984337334,-7.494972555013462,-2.038112771078712,           6,-3.170209342812228,0.001385157451480078, 311.2792326008426,       0.407161099808991,     1.3962236258459,     1.396255112695417, 1.396239369270659,  0.3200297171623738
0.08636722900000393,-7.543201134448847,-7.309361836224023,-7.498156860731836,-2.038975083531165,           6,-3.176613556306386,0.001387351439905392, 311.3560258505301,       0.407261547319541,   1.396135236528961,     1.395860878952903, 1.395998057740932,  0.3199744065456514
0.08850551999999823,-7.543911631788751,-7.314166782051363,-7.501313311651754,-2.039794257657691,           6,-3.183058275137602,0.001389753106481408, 311.4320798472058,      0.4073610278684766,   1.396092725160262,     1.395474697976192, 1.395783711568227,  0.3199252766138251
0.08784568800000159,-7.544590395822019,-7.318979485197278,-7.504447425250393,-2.040572951425348,           6,-3.189528139271635,0.001392351868336016, 311.5074197418905,      0.4074595743539681,   1.396093856088151,     1.395103870324644, 1.395598863206398,  0.3198829078264551
0.08793598300000127,-7.545240006090802,-7.323800063139075,-7.507565140696713,-2.041313745024913,           6,-3.196013968212533,0.001395137637915165, 311.5820690920803,      0.4075572175898156,   1.396136199519932,     1.394755752442992, 1.395445975981462,  0.3198478647984251
0.08559170300000574,-7.545862961223233,-7.328629058926238,-7.510672717861882,-2.042019165727766,           6,-3.202493088051441,0.001398100828362347, 311.6560525219606,      0.4076539897850758,   1.396217272767616,      1.39443762724828, 1.395327450007948,  0.3198206976560176
0.08415675700000236,-7.546461674547053,-7.333467330357187,-7.513776644879951,-2.042691680686995,           6,-3.208945070045696,0.001401232355873419, 311.7293935183454,      0.4077499216610947,   1.396334670972506,     1.394156582020774,  1.39524562649664,   0.319801943024285
0.08619638900000126,-7.547038461519613,-7.338316096372917,-7.516883541827246,-2.043333679423682,           6, -3.21534690865373,0.001404523638866606, 311.8021151977327,      0.4078450434548357,   1.396486181586744,     1.393919387471285, 1.395202784529014,  0.3197921232877243
0.08569390999999627,-7.547595549017161,-7.343176889372335,-7.520000107175648,-2.043947480640365,           6,-3.221678095646956,0.001407966593796653, 311.8742404124952,      0.4079393850577794,   1.396669883847318,     1.393732397032449, 1.395201140439884,  0.3197917464487732
0.08688359299999604,-7.548135089869812,-7.348051505311961, -7.52313300914386,-2.044535347591909,           6,-3.227928635051688,0.001411553630675934,  311.945792155889,      0.4080329765456858,    1.39688422928747,     1.393601455160376, 1.395242842223923,  0.3198013048457393
0.08668448999999612,-7.548659172760713,-7.352942084957482,-7.526288861542848, -2.04509949962899,           6, -3.23409215176571,0.001415277642130306, 312.0167930005097,      0.4081258474440801,   1.397128101795513,     1.393531817793321, 1.395329959794418,  0.3198212729200243
0.08719544500000609,-7.549169821758922,-7.357851077074145,-7.529474109536126,-2.045642117004178,           6,-3.240152337036287,0.001419131992681085, 312.0872656776307,      0.4082180274860422,   1.397400856782564,     1.393528088995197,  1.39546447288888,    0.31985210444399
0.08695881899999591,-7.549668992646034,-7.362781169601505,-7.532694965290608,-2.046165337139281,           6,-3.246101362600553,0.001423110502687957, 312.1572330746319,      0.4083095466088432,   1.397702340987128,     1.393594175079051,  1.39564825803309,  0.3198942295330073
0.08619323300000303,-7.550158579657016,-7.367735161667243,-7.535957341971417,-2.046671260124169,           6,-3.251933090213783,0.001427207433402764, 312.2267175516863,      0.4084004340601541,   1.398032895955262,     1.393733253797209, 1.395883074876235,  0.3199480515133574
0.08905908799999906,-7.550640418908591,-7.372715906964064,-7.539266784449627,-2.047161950294179,           6,-3.257640998545658,0.001431417467462755, 312.2957405881187,      0.4084907179354746,   1.398393347081009,     1.393947757411016, 1.396170552246013,  0.3200139437259431
0.08909118899999413,-7.551116287272861,-7.377726227780527,-7.542628406557043,-2.047639431496386,           6,-3.263220226935168,0.001435735689632626, 312.3643239014751,      0.4085804266419032,   1.398784977124779,     1.394239375966409, 1.396512176545594,  0.3200922468667777
0.08725242500000263,-7.551587914087705,-7.382768859824862,-7.546046849099238,-2.048105695320167,           6,-3.268672599807416,0.001440157564941598, 312.4324886432918,       0.408669587846184,   1.399209483175452,      1.39460907971538, 1.396909281445416,  0.3201832666242568
0.08526973200000043,-7.552056982443304,-7.387846417945002,-7.549526241176307,-2.048562701722751,           6,-3.273994539235511,0.001444678916293365, 312.5002554276709,      0.4087582285120832,   1.399668922864898,     1.395057148469375, 1.397363035667136,  0.3202872708791391
0.08618481599999939,-7.552525135233431,-7.392961356624713,-7.553070168629206,-2.049012382549508,           6,-3.279187530879458,0.001449295901635698, 312.5676444138184,      0.4088463750083514,   1.400165652274233,     1.395583217445274, 1.397874434859753,  0.3204044878424853
0.08586955799999885,-7.552993976094778,-7.398115942996546,-7.556681616806544,-2.049456642030031,           6,-3.284254242013659,0.001454004989626346, 312.6346751684119,      0.4089340529286973,     1.4007022581772,     1.396186332743149, 1.398444295460174,  0.3205351046484488
0.08684754300000463,-7.553465075292875,-7.403312195793131,-7.560362942622906,-2.049897361075886,           6,-3.289194021433058,0.001458802936537156, 312.7013666094828,      0.4090212870183838,   1.401281488339203,     1.396865015295593, 1.399073251817398,  0.3206792666951149
0.1085764530000048,-7.553939968305678,-7.408551878369723,-7.564115848197719,-2.050336394930164,           6,-3.294011817991185,0.001463686760994857, 312.7677365446482,      0.4091081005702241,   1.401906177039623,     1.397617331068512, 1.399761754054067,  0.3208370771543502
0.08910352299999857, -7.55442015785517,-7.413836466160524,-7.567941369322364,-2.050775573982218,           6,-3.298711958006187,0.001468653721653943, 312.8338026017175,      0.4091945166418381,   1.402579170959624,     1.398440965900263, 1.400510068429944,  0.3210085970551143
0.09193835800000016,-7.554907117208669,-7.419167104611215,-7.571839873012538,-2.051216705686514,           6, -3.30330142416775,0.001473701292217482, 312.8995816707397,      0.4092805573258366,   1.403303257343842,     1.399333303160942, 1.401318280252392,  0.3211938459505672
0.08538614600000471,-7.555402290739922,-7.424544585525479,-7.575811042350348,-2.051661574618509,           6,-3.307788934642025,0.001478827140378603, 312.9650899271768,      0.4093662437801325,   1.404081092666002,     1.400291497927161, 1.402186295296581,  0.3213928022435916
0.08694987099999452,-7.555907094215866,-7.429969323195565,-7.579853872151014,-2.052111941123603,           6,-3.312181207188396,0.001484029104211506, 313.0303428786074,      0.4094515962890303,   1.404915135462046,     1.401312546070322, 1.403113840766184,  0.3216054034069918
0.08781987900000132,  -7.5564229145275, -7.43544133909782,-7.583966672811191,-2.052569539791732,           6,-3.316486969975393,0.001489305172418971, 313.0953553551373,       0.409536634250683,   1.405807582676998,     1.402393380364586, 1.404100481520792,  0.3218315497029547
0.08599273599999435,-7.556951111876028,-7.440960240045304,-7.588147065953242,-2.053036080258059,           6,-3.320709554278161,0.001494653463253979, 313.1601415015229,      0.4096213761667895,    1.40676032785521,     1.403530928032523, 1.405145627943866,  0.3220711059864481
0.08847530199999909, -7.55749301964369,-7.446525193693761,-7.592392005311161, -2.05351324578668,           6,-3.324852909887421,0.001500072206557199, 313.2247147771154,      0.4097058396425211,   1.407774902538439,     1.404722169956887, 1.406248536247663,  0.3223239017751132
0.08791994100000267,-7.558049944217726,-7.452134927950109,-7.596697792000407,-2.054002692098027,           6,-3.328926018365546,0.001505559725491055, 313.2890879592193,      0.4097900413909147,   1.408852460532571,     1.405964197401159, 1.407408328966865,  0.3225897359465757
0.08925751999999676,-7.558623165940098,-7.457787718205258,-7.601060104218706,-2.054506046851246,           6,-3.332936403573264,0.00151111442074166, 313.3532731503258,      0.4098739972423347,   1.409993750503699,     1.407254256669503, 1.408624003586601,  0.3228683787160592
0.08880815399999875,-7.559213937114746,-7.463481379104696,-7.605474000362751,-2.055024906806515,           6,-3.336884266987195,0.001516734755416764, 313.4172817858455,      0.4099577221545871,   1.411199099576286,     1.408589801570873,  1.40989445057358,  0.3231595757692728
0.08401145700000257,-7.559823481818192,-7.469213269781297,-7.609933948108796,-2.055560835842506,           6,-3.340773655018764,0.001522419241669576,  313.481124642119,      0.4100412302233973,   1.412468406534829,      1.40996851612074, 1.411218461327785,  0.3234630500850054
0.08859101500000577,-7.560452995224766,-7.474980284125344,-7.614433857183871,-2.056115363028169,           6,-3.344607873366522,0.001528166428676015, 313.5448118458423,      0.4101245346947399,    1.41380113531207,     1.411388332616778, 1.412594733964424,  0.3237785032603961
0.08647451499999903,-7.561103831739585, -7.48077886014945,-7.618967108687744,-2.056689843537957,           6,-3.348380763599516,0.001533974866055089, 313.6083528643394,      0.4102076479521137,   1.415196359481554,     1.412847466234898, 1.414021912858225,   0.324105624574818
0.08574833499999812,-7.561777995456227,-7.486604822014084,-7.623526355463238,-2.057285121238881,           6, -3.35205526874659,0.001539843005662554, 313.6717564483927,      0.4102905814417631,   1.416652858259652,     1.414344488280861, 1.415498673270257,  0.3244441103870508
0.08748978199999868,-7.562475459612461,-7.492453161833118,-7.628102725865046,-2.057903570442312,           6,-3.355685937072997,0.001545769445514357, 313.7350308725734,      0.4103733459870363,   1.418168952455425,     1.415878117368058, 1.417023534911741,  0.3247936214025517
0.08961765499999785, -7.56319732442595,-7.498319148368342,-7.632688577554932, -2.05854667527456,           6,-3.359275576876603,0.001551752864894282, 313.7981837938194,      0.4104559516034015,    1.41974263009149,     1.417447312163268, 1.418594971127379,  0.3251538076991836
0.09122550400000051,-7.563944647821137,-7.504197636031558,-7.637275910189914,-2.059215665276996,           6,-3.362825352096686,0.001557791943952197, 313.8612222687062,      0.4105384075210377,   1.421371601494221,     1.419051254311914, 1.420211427903067,  0.3255243130839436
0.08571253499999898,-7.564718439057702,-7.510083081747817,-7.641856413010624,-2.059911788087314,           6,-3.366333704639694,0.001563885345792041, 313.9241527687244,       0.410620722204818,   1.423053334543074,     1.420689325625157, 1.421871330084116,  0.3259047765182297
0.0883192910000048,-7.565519660832131,-7.515969578335103,-7.646421545554642,-2.060636251190624,           6, -3.36980319636917,0.001570031711003648, 313.9869811941124,      0.4107029033724036,   1.424785098086653,      1.42236108442589, 1.423573091256271,  0.3262948343826539
0.08758643899999896,-7.566349228591033,-7.521850878742993,-7.650962610716573,-2.061390208053675,           6,-3.373230444051436,0.001576229655809472, 314.0497128879901,      0.4107849580127299,   1.426564006241522,     1.424066238146819,  1.42531512219417,  0.3266941224134987
0.08645514699999524,-7.567208008882447,-7.527720437882662,-7.655470822670382,-2.062174753060753,           6,-3.376616198158171,0.001582477771363834, 314.1123526494485,      0.4108668924031293,   1.428387068679964,     1.425804610117318, 1.427095839398641,  0.3271022776595368
0.08661073700000088,-7.568096817754101,-7.533571445520335,-7.659937382024885,-2.062990919149147,           6,-3.379964195956519,0.001588774623952472, 314.1749047471381,      0.4109487121271047,   1.430251241629336,     1.427576101081564,  1.42891367135545,  0.3275189399165898
0.09080745800000045,-7.569016419264034,-7.539396864329492,-7.664353556398317,-2.063839676133715,           6,-3.383274103720749,0.001595118755799911, 314.2373729307479,      0.4110304220893439,   1.432153466008289,     1.429380650556263, 1.430767058282276,  0.3279437516695303
0.08477411699999493,-7.569967524634658,-7.545189475935208,-7.668710758174179,-2.064721929244157,           6,-3.386544844058188,0.001601508686069513, 314.2997604519038,      0.4111120265430555,   1.434090712174662,     1.431218201998906, 1.432654457086784,  0.3283763592287162
0.08721164600000009,-7.570950791222736,-7.550941927682184, -7.67300061693994,-2.065638517562794,           6,-3.389780244473161,0.001607942912352715, 314.3620700732961,      0.4111935291019086,   1.436060019877933,      1.43308867071988, 1.434574345298907,  0.3288164136313003
0.08709835700000212,-7.571966822049147,-7.556646775350161,-7.677215068901634, -2.06659021250099,           6,-3.392983613855411,0.001614419912234515, 314.4243040872033,       0.411274932764261,   1.438058534137514,     1.434991914729955, 1.436525224433735,  0.3292635714120347
0.08612934900000369,-7.573016164160316,-7.562296542166485,-7.681346411560306,-2.067577717804061,           6,-3.396151020692774,0.001620938144960538, 314.4864643280343,      0.4113562399295662,   1.440083548801438,     1.436927718151865, 1.438505633476652,  0.3297174976941746
0.08850438800000404,-7.574099307687045, -7.56788375456193,-7.685387388929375,-2.068601668209447,           6,-3.399281684831033,0.001627496053425321, 314.5485521876166,      0.4114374524183696,   1.442132532492658,     1.438895769248985, 1.440514150870822,  0.3301778666450285
0.08711601099999911,-7.575216685658856,-7.573401015539948, -7.68933125671891,-2.069662629708245,           6,  -3.4023767245602,0.001634092066136355, 314.6105686304027,      0.4115185714921994,   1.444203136820894,     1.440895633859294, 1.442549385340094,  0.3306443593724901
0.08672124099999934,-7.576368675056798,-7.578841056740002,-7.693171849971516,-2.070761100194226,           6,-3.405434005549221,0.001640724599102704, 314.6725142091145,      0.4115995978740298,   1.446293206076181,     1.442926723562054, 1.444609964819117,   0.331116661387729
0.08897038599999973,-7.577555596048804,-7.584196799514916,-7.696903648098698,-2.071897508398384,           6,-3.408453483889581,0.001647392057580013, 314.7343890806413,       0.411680531769076,   1.448400787510584,     1.444988303519385, 1.446694545514985,   0.331594464682195
0.08711034099999893,-7.578777711414014,-7.589461405824235,-7.700521820593371,-2.073072213657176,           6,-3.411434515572661,0.001654092838232734, 314.7961930220967,      0.4117613728857971,   1.450524139409997,     1.447079485025011, 1.448801812217504,  0.3320774677987345
0.08865815400000088,-7.580035227050047,-7.594628338312717,-7.704022266709749,-2.074285506965424,           6,-3.414377271040008,0.001660825330380887, 314.8579254469032,      0.4118421204569347,   1.452661731257435,     1.449199229016087, 1.450930480136761,  0.3325653762527757
0.08413507499999895,-7.581328292419336,-7.599691409412518,-7.707401650851256,-2.075537611730778,           6,-3.417281927087001,0.0016675879180418, 314.9195854207938,       0.411922773260444,   1.454812243126103,     1.451346337762083, 1.453079290444093,  0.3330579015102825
0.08797649999999635,-7.582657001091238,-7.604644837075597,-7.710657433352843,-2.076828684323884,           6,-3.420150190542404,0.001674378981374647, 314.9811716780209,      0.4120033296406952,   1.456974551494793,     1.453519451661679, 1.455247001578236,  0.3335547589950502
0.08769742199999797,-7.584021391581748,-7.609483302579053,-7.713787885396304,-2.078158815094602,           6,-3.422979534170846,0.001681196898034639, 315.0426826374269,      0.4120837875294943,    1.45914771438685,     1.455717081025804, 1.457432397706327,  0.3340556700280388
0.08692733699999877,  -7.5854214474794,-7.614201992578999,-7.716792093451576,-2.079528028969382,           6,-3.425769010784258,0.001688040044764992, 315.1041164183647,      0.4121641444669072,   1.461330951921963,     1.457937599118163, 1.459634275520063,  0.3345603588009419
0.08501969999999659,-7.586857099011527,-7.618796636587236,-7.719669953923954, -2.08093628719904,           6,-3.428518200355879,0.001694906798355852, 315.1654708564642,      0.4122443976218833,   1.463523605909565,     1.460179259404836,   1.4618514326572,  0.3350685497222974
0.08637114500000109,-7.588328224120126,-7.623263545653669,-7.722422158622063,-2.082383488848683,           6,-3.431228121879017,0.001701795537148914, 315.2267435192189,      0.4123245438126427,   1.465725146375554,     1.462440224624444, 1.464082685499999,  0.3355799714970405
0.0858754200000007,-7.589834648052743,-7.627599652366445,-7.725050172464179,-2.083869470819364,           6,-3.433897863619364,0.001708704642037895, 315.2879317214903,       0.412404579526956,   1.467935148883793,     1.464718595498331, 1.466326872191062,  0.3360943578177583
0.08537256999999698,-7.591376144984844,-7.631802524894067,-7.727556201368584,-2.085394009666725,           5,-3.002447862493667,0.001715629586584352,  315.349043673331,        0.41248451550378,   1.470151594226946,     1.467011289524042, 1.468581441875494,  0.3366111240072181
0.07930140599999902,-7.592952432651041,-7.635871059857767,-7.729944486233856,  -2.0869570507215,           5,  -3.0063672556111,0.001722573236556659, 315.4100638792265,      0.4125643314745898,   1.472376246715559,     1.469319164408972, 1.470847705562265,   0.337130570559618
0.08358805999999674, -7.59456316252996, -7.63980553601413,-7.732215985257965,-2.088557840646271,           5, -3.01051102264593,0.001729533336335537, 315.4709886437925,      0.4126440226057296,   1.474609661106495,     1.471640237899309, 1.473124949502902,  0.3376525338778507
0.08310536900000187,-7.596208167589218,-7.643603395802447,  -7.7343764809472,-2.090196320270411,           5,-3.013885063645456,0.001736507893247721, 315.5318143281229,      0.4127235841374183,   1.476851788075404,     1.473971873625325, 1.475411830850365,  0.3381767061701667
0.08065325199999762,-7.597887038816848,-7.647263873212997,-7.736429505104574,-2.091871955560826,           5,-3.016616927116404,0.001743495109808073, 315.5925372952826,      0.4128030113124529,   1.479102033194545,     1.476311318378398, 1.477706675786471,  0.3387027037834681
0.08338192300000458,-7.599599265578878,-7.650788068113183,-7.738380251780146,-2.093584219899259,           5,-3.019140793016457,0.001750493292595193,  315.653153751856,      0.4128822991689499,   1.481359568657425,     1.478656011281479, 1.480007789969452,  0.3392301383604792
0.0811757599999936,-7.601344289485105,-7.654178092865227,-7.740234870960027,-2.095332568072642,           5,-3.021770794557068,0.001757500804960733, 315.7136597043531,      0.4129614424833234,   1.483623649158087,     1.481003747901738, 1.482313698529913,  0.3397586718488252
0.07986919100000023,-7.603121520390219,-7.657436462789623,-7.741999738724302,-2.097116405111753,           5,-3.024621006470779,0.00176451604381707, 315.7740509864324,      0.4130404358058938,   1.485893727718617,     1.483352680737072, 1.484623204227844,   0.340288029831103
0.08057355900000118,-7.604931108507359,-7.660565750854129,-7.743681192926812,-2.098934668369607,           5,-3.027628445827628,0.00177153748312236, 315.8343232212233,      0.4131192734116035,   1.488169519109987,      1.48570136653958, 1.486935442824784,  0.3408180142166435
0.08203213100000539,-7.606771984508814,-7.663568409971464,-7.745284587605992,-2.100786986038689,           5,-3.030712960699093,0.001778563594829909, 315.8944719670981,      0.4131979494906914,   1.490450696644923,     1.488048497742795, 1.489249597193859,  0.3413484377131475
0.07961746600000197,-7.608643286118614, -7.66644766204475,-7.746816178799836,-2.102672877196492,           5,-3.033797867251961,0.001785592879748525, 315.9544926922277,      0.4132764581154105,   1.492736845823095,     1.490392875214441, 1.491564860518768,  0.3418791153915847
0.07995004699999697,-7.610544378677302,-7.669207361192735,-7.748282740406031,-2.104591582169537,           5,-3.036842082949154,0.001792623862796305, 316.0143807548704,      0.4133547932142453,   1.495027451473409,     1.492733431032263, 1.493880441252836,  0.3424098658228504
0.08097324899999592,-7.612474589885101,-7.671851836558059,-7.749691134236625,  -2.1065423037746,           5,-3.039846482077347,0.001799655081349319, 316.0741314184263,      0.4134329485916037,   1.497321881334392,     1.495069214871586, 1.496195548102989,  0.3429405076359675
0.08005378700000421,-7.614433210177795,-7.674385843274782,-7.751048252009261,-2.108524231750351,           5,-3.042832142263749,0.001806685085611697, 316.1337398713196,      0.4135109179538228,   1.499619403890531,     1.497399385040236, 1.498509394465384,  0.3434708605347695
0.08114838699999893,-7.616419497403992,-7.676814470763762,-7.752360946568357,-2.110536529244093,           5,-3.045819851299107,0.001813712439926277,  316.193201247394,      0.4135886949358473,   1.501919200223506,     1.499723220642086, 1.500821210432796,  0.3440007480500949
0.08072376900000222,-7.618432683228215,-7.679143045698668,-7.753635963805128,-2.112578332269527,           5, -3.04882044226495,0.001820735724880284, 316.2525106438042,      0.4136662731246318,   1.504220374793279,     1.502040106880376, 1.503130240836827,  0.3445299970910438
0.08177867200000577,-7.620471977803705, -7.68137707115475,-7.754879900249369,-2.114648752284418,           5,-3.051831587812517,0.001827753539573497, 316.3116631359459,      0.4137436460786693,   1.506521975636078,     1.504349545643408, 1.505435760639743,  0.3450584414729155
0.08204376299999439,-7.622536572298295,-7.683522167075957,-7.756099171031618, -2.11674687795783,           5,-3.054843434176547,0.001834764502347597,  316.370653787959,      0.4138208073417302,   1.508823020774763,     1.506651135163812, 1.507737077969288,  0.3455859226128148
0.08054590500000103,-7.624625642157458,-7.685584048134309,-7.757299982824216, -2.11887177838536,           5,-3.057846068716374,0.001841767252727668, 316.4294776600298,      0.4138977504524133,   1.511122511696973,     1.508944558334015, 1.510033535015494,  0.3461122897352065
0.08052024599999896,-7.626738350117918, -7.68756851267483,-7.758488320883421,-2.121022506069079,           5,-3.060830856622625,0.001848760452456039, 316.4881298122517,      0.4139744689491962,   1.513419438734094,     1.511229566095823, 1.512324502414959,  0.3466373985847455
0.08202544800000311,-7.628873849145401,-7.689481433208705,-7.759669933884585,-2.123198100137963,           5,-3.063791023557545,0.001855742786231323, 316.5466053052229,      0.4140509563712162,    1.51571278530335,     1.513505966715791,  1.51460937600957,  0.3471611106833503
0.07954978500000465, -7.63103128485516,-7.691328728392583,-7.760850319515306,-2.125397589062201,           5,-3.066722587435367,0.001862712962694786, 316.6048991984926,      0.4141272062562391,   1.518001536380846,     1.515773614002971, 1.516887575191909,  0.3476832929509541
0.08028559299999927,-7.633209796823678,-7.693116326489993,-7.762034720877892,-2.127619992174655,           5,-3.069622756193483,0.001869669715034683, 316.6630065473503,      0.4142032121364587,   1.520284707745854,     1.518032411445217, 1.519158559595536,  0.3482038215310588
0.08186568899999713,-7.635408519596531,-7.694850101035703,-7.763228113410374,-2.129864320791231,           5, -3.07248867774529,0.00187661180104216, 316.7209223994593,      0.4142789675340932,   1.522561361998074,     1.520282313406311, 1.521421837702193,  0.3487225837635775
0.08423662099999518,-7.637626584188897,-7.696535822542623,-7.764435200366536, -2.13212957992208,           5,-3.075315867781637,0.00188353800366118, 316.7786417918012,      0.4143544659573895,   1.524830621572548,     1.522523317244401, 1.523676969408474,   0.349239478773136
0.08374313899999919,-7.639863120734381,-7.698179111894684, -7.76566040744053,-2.134414771530142,           5,-3.078098732969808,0.001890447131247206, 316.8361597490696,       0.414429700898521,   1.527091670704957,     1.524755468532016, 1.525923569618486,  0.3497544182925414
0.0820041670000009,-7.642117259148734, -7.69978539330744,-7.766907882539429,-2.136718896097634,           5,-3.080833864283041,0.001897338017828295,  316.893471283589,      0.4145046658334821,   1.529343755297579,     1.526978848439269, 1.528161301868424,  0.3502673252014813
0.08023545700000057,-7.644388130582664,-7.701359871845979,-7.768181501328754,-2.139040954920039,           5,-3.083517297927191,0.00190420952254142, 316.9505713972721,      0.4145793542246483,   1.531586186602828,     1.529193564161744, 1.530389875382286,   0.350778132851669
0.0806409489999993,-7.646674868460531, -7.70290750745915,-7.769484870362589,-2.141379951896523,           5,-3.086145131934223,0.001911060530258581, 317.0074549964335,      0.4146537594093507,   1.533818352797847,     1.531399742223678, 1.532609047510762,  0.3512867856258576
0.08111733700000201,-7.648976609371527,-7.704432994215912,-7.770821333905626,-2.143734895243974,           5,-3.088713990011319,0.001917889951047228, 317.0641169638101,      0.4147278746940795,   1.536039718832401,     1.533597523979137, 1.534818621405769,  0.3517932384048231
0.08081323100000048,-7.651292494725747,-7.705940754638373,-7.772193977785865,-2.146104799772352,           5,-3.091221639639444,0.001924696719883673, 317.1205523267947,      0.4148016935745392,   1.538249840310363,     1.535787047702019, 1.537018444006191,  0.3522974561056808
0.08169185500000253,-7.653621671964883,-7.707434925737497,-7.773605637654575,-2.148488688881891,           5,-3.093665123391923,0.001931479796863968, 317.1767561177205,      0.4148752095528958,   1.540448364713839,     1.537968441052044, 1.539208402882941,  0.3527994129587451
0.08108701799999807,-7.655963296999167,-7.708919371298794,-7.775058906029069,-2.150885597027302,           5,-3.096042397194528,0.001938238166401718, 317.2327233687652,      0.4149484161311127,   1.542635034375569,     1.540141813866098, 1.541388424120834,  0.3532990920220386
0.08135334199999988,-7.658316536023354,-7.710397691419326,-7.776556141527612,-2.153294571700323,           5,-3.098350642547799,0.00194497083722217, 317.2884491200783,      0.4150213068215797,   1.544809677673205,     1.542307250219549, 1.543558463946377,  0.3537964832623117
0.08166488199999833, -7.66068056787685,-7.711873234480288,-7.778099475286077,-2.155714676003562,           5,-3.100587530346056,0.001951676841829184, 317.3439283819461,      0.4150938750976254,   1.546972199272724,     1.544464800578577,  1.54571849992565,  0.3542915815375225
0.0833511929999986,-7.663054586228601,-7.713349105023885,-7.779690822993546,-2.158144990837945,           5,-3.102751863199485,0.001958355236406106, 317.3991561977554,      0.4151661144758746,   1.549122571075738,     1.546614476637325, 1.547868523856532,  0.3547843849676763
0.07809761600000087,-7.665437800229713,-7.714828153952851,-7.781331892827371,-2.160584616171267,           5,-3.104842419750382,0.001965005100162621, 317.4541276451617,      0.4152380185177763,   1.551260827637744,     1.548756249233935,  1.55000853843584,  0.3552748941709063
0.08013475299999584,-7.667829435965195,-7.716312987653511,-7.783024195739929, -2.16303267259588,           5,-3.106857935507145,0.001971625534660146, 317.5088378300034,      0.4153095808216433,   1.553387070843975,     1.550890049674903, 1.552138560259439,  0.3557631129511232
0.08189255199999934,-7.670228738642453,-7.717805967639102,-7.784769052249469,-2.165488302291427,           5,-3.108797610240417,0.001978215664073721, 317.5632818819587,       0.415380795016972,   1.555501465087724,     1.553015773326718, 1.554258619207221,  0.3562490481570476
0.0837176199999945,-7.672634972342122,-7.719309219977559,-7.786567605834395,-2.167950671094371,           5,-3.110660946478895,0.001984774634150693, 317.6174549516688,      0.4154516547606783,   1.557604226685527,     1.555133283946905, 1.556368755316216,   0.356732708965501
0.08130853499999802,-7.675047420614508,-7.720824643961382,-7.788420835383707,-2.170418970108082,           5,-3.112448446579942,0.001991301612346026, 317.6713522058549,      0.4155221537307116,    1.55969561150501,     1.557242419053267, 1.558469015279138,   0.357214106078843
0.08008943499999788,-7.677465390462525,-7.722353917570938,-7.790329555988376,-2.172892416675166,           5,-3.114161315217587,0.001997795787314878, 317.7249688257803,      0.4155922856240423,   1.561775904243846,     1.559342995937862, 1.560559450090854,  0.3576932511855229
0.08076941599999543,-7.679888213234151,-7.723898501488002,-7.792294430568187, -2.17537025537263,           5,-3.115800320167578,0.002004256368186766, 317.7783000071414,      0.4156620441565202,   1.563845406612405,     1.561434818219438, 1.562640112415921,  0.3581701563566967
0.08176799200000318,-7.682315244093648,-7.725459644250744,-7.794315984040045,-2.177851759043492,           5,-3.117365751577061,0.002010682584896657,   317.83134095977,      0.4157314230624844,   1.565904432718048,     1.563517682899601, 1.564711057808824,   0.358644834325916
0.07986234799999892,-7.684745863610794,-7.727038387664653,-7.796394603215697,-2.180336230149479,           5,-3.118858419417505,0.00201707368734945, 317.8840869062342,      0.4158004160929329,   1.567953305611883,     1.565591387232967, 1.566772346422425,  0.3591172988807189
0.08297559900000095,-7.687179478087169,-7.728635576000849,-7.798530547552427,-2.182823001124186,           5,-3.120280808835564,0.002023428945397997, 317.9365330795761,      0.4158690170125646,   1.569992350687589,     1.567655734862834, 1.568824042775212,  0.3595875648092813
0.08025987399999934,-7.689615520525848,-7.730251865038997,-7.800723954641523,-2.185311435424162,           5,-3.121634678115342,0.002029747648634509,  317.988674720621,      0.4159372195962586,   1.572021888697343,     1.569710541015971, 1.570866214856657,  0.3600556476953579
0.08352161200000552, -7.69205345135817,-7.731887732027136,-7.802974848305034,-2.187800928411814,           5,-3.122922174435121,0.002036029106112784, 318.0405070749459,      0.4160050176251098,   1.574042230005583,     1.571755636897624, 1.572898933451603,  0.3605215637634251
0.08204900300000162,-7.694492759007409,-7.733543485865047,-7.805283145119254,-2.190290908002021,           5,-3.124146007997666,0.002042272646142683,  318.092025389503,      0.4160724048820112,   1.576053670412503,     1.573790873536484, 1.574922271974493,  0.3609853298406862
0.07973593400000567,  -7.6969329602231,-7.735219276451968,-7.807648659538256,-2.192780835163985,           5,-3.125308538215786,0.002048477616116469, 318.1432249094775,      0.4161393751475452,   1.578056488053066,     1.575816125202702, 1.576936306627884,  0.3614469633934033
0.0791070220000023,-7.699373600292168,-7.736915102817729,-7.810071110725971,-2.195270204316472,           5,-3.126412523598973,0.002054643382706908, 318.1941008750308,      0.4162059221957227,   1.580050940874232,     1.577831292352941, 1.578941116613586,  0.3619064825752923
0.0814566009999993,-7.701814253257548,-7.738630824335528,-7.812550127425866,-2.197758543809652,           5, -3.12746050395217,0.002060769331020916, 318.2446485183461,      0.4162720397901188,   1.582037264504009,     1.579836304007415, 1.580936784255712,  0.3623639062557271
0.08185401699999773,-7.704254521856382,-7.740366168043727,-7.815085252608073,-2.200245416096683,           5,-3.128455035329082,0.002066854865219467, 318.2948630608548,      0.4163377216802449,   1.584015670507983,     1.581831119467213, 1.582923394987598,  0.3628192540167411
0.08402849000000145,-7.706694037683611,-7.742120741609977,-7.817675948701877,-2.202730418076683,           5,-3.129398323670428,0.002072899408126736, 318.3447397106807,      0.4164029615982061,    1.58598634510103,     1.583815729363848, 1.584901037232439,  0.3632725461256691
0.08527506300000454,-7.709132461064319, -7.74389404177993,-7.820321602289902,-2.205213181163075,           5,-3.130293139100856,0.00207890240081135, 318.3942736602879,      0.4164677532556239,   1.587949446464027,     1.585790156083044, 1.586869801273535,  0.3637238032761966
0.08211945899999762,-7.711569481099004,-7.745685466237591,-7.823021527879185, -2.20769337144552,           5,-3.131141632939725,0.002084863303149277, 318.4434600844642,      0.4165320903409989,   1.589905106126256,     1.587754453605807, 1.588829779866031,  0.3641730467285773
0.0791559460000002,-7.714004815365213,-7.747494322106014,-7.825774972010066,-2.210170689569889,           5,-3.131946173851247,0.002090781593074523, 318.4922941385173,      0.4165959665173511,   1.591853430825098,     1.589708706820276, 1.590781068822686,  0.3646202984438949
0.08217465499999577,-7.716438209579297,-7.749319834480453,-7.828581116572195,-2.212644870478092,           5,-3.132708879730741,0.00209665676677809, 318.5407709568026,      0.4166593754202945,    1.59379450355722,     1.591653030336556, 1.592723766946888,  0.3650655810687108
0.08157761399999686,-7.718869437391328,-7.751161154230976,-7.831439081779244,-2.215115683258298,           5,-3.133431928922667,0.00210248833858846, 318.5888856514622,      0.4167223106563874,    1.59572838415018,     1.593587566847493, 1.594657975498837,   0.365508917812708
0.08137443200000405,-7.721298300154762, -7.75301736808877,-7.834347929223189,-2.217582930945284,           5,-3.134117465876535,0.002108275840659412, 318.6366333114391,      0.4167847658018435,   1.597655110216239,      1.59551248507459, 1.596583797645414,   0.365950332322597
0.08000173699999635,-7.723724626487733,-7.754887505056975,-7.837306663142297,-2.220046450076638,           5,-3.134767806594711,0.002114018823016108, 318.6840090017664,      0.4168467344016009,   1.599574698957406,     1.597427977343158, 1.598501338150282,  0.3663898486110833
0.08072908800000533,-7.726148271833826,-7.756770544640677,-7.840314232893109,-2.222506110239507,           5,-3.135384817793314,0.002119716853049742, 318.7310077631417,      0.4169082099687672,   1.601487149731974,     1.599334256830522, 1.600410703281248,  0.3668274910356353
0.0802786810000029,-7.728569117967956,-7.758665422107805,-7.843369533549151,-2.224961813469424,           5,-3.135970405862609,0.002125369515686073, 318.7776246118137,      0.4169691859844697,   1.603392447074368,     1.601231554532695, 1.602312000803531,  0.3672632842969411
0.08397066700000266,-7.731048919341267,-7.760559742239402,-7.846469008445073,-2.227377349042221,           5,-3.134526741868331,0.002130986076776517, 318.8238515992226,      0.4170296520517913,   1.605297350904895,     1.603126950115658, 1.604212150510276,  0.3676988144693451
0.08078984600000183, -7.73353361437242,-7.762425233628242,-7.849554817295817,-2.229787566246701,           5,-3.132777393776258,0.002136569629218964, 318.8696838891267,      0.4170896018448058,    1.60720332186343,     1.605022196207767, 1.606112759035599,  0.3681344498067966
0.07794206599999853,-7.736016186578716,-7.764258536662966,-7.852623751681141,-2.232205262998549,           5,-3.130975733975532,0.002142122363073974,  318.915116805521,      0.4171490292471804,   1.609110823758797,     1.606918070130263,  1.60801444694453,  0.3685703325479803
0.08162748999999536,-7.738497971817019,-7.766060457065514,-7.855679849122103,-2.234627745789566,           5,-3.129121665684915,0.00214764592109199, 318.9601455029409,       0.417207927920925,   1.611020103001423,     1.608815144767175, 1.609917623884299,  0.3690065565874604
0.0818282580000016, -7.74098005588815,-7.767831751458995, -7.85872577999075,-2.237054219042684,           5,-3.127218249237857,0.002153141403084338, 319.0047650437144,      0.4172662914074401,   1.612931249293235,     1.610713825641441, 1.611822537467338,  0.3694431786800728
0.08059214499999712,-7.743463343829756,-7.769572933190099,-7.861763209626599,-2.239484977984188,           5,-3.125273833424051,0.002158609500281158,  319.048970430099,       0.417324113169552,   1.614844266459982,     1.612614409157704, 1.613729337808843,  0.3698802332334734
0.08111403000000195,-7.745948629144183,-7.771284300690659,-7.864793097106751,-2.241920542461757,           5,-3.123300026461783,0.002164050604322363, 319.0927566231036,      0.4173813866161333,   1.616759119464223,     1.614517128852827, 1.615638124158525,  0.3703177429965244
0.0789943440000016,-7.748436635185254,-7.772966001708819,-7.867815884657891,-2.244361483527054,           5,-3.121305399730409,0.002169464883626369, 319.1361185553761,      0.4174381051189592,   1.618675758797836,     1.616422183507297, 1.617548971152566,  0.3707557250764617
0.08139824900000292,-7.750928036655426,-7.774618102366867,-7.870831625264631, -2.24680838305163,           5,-3.119295179268496,0.002174852336966566, 319.1790511407841,      0.4174942620252401,   1.620594126632615,     1.618329749621157, 1.619461938126886,  0.3711941930735734
0.08010134799999946, -7.75342347197744,-7.776240634349446, -7.87384007306904,-2.249261823766431,           5,-3.117273825738544,0.002180212830366134, 319.2215492821479,      0.4175498506677362,   1.622514151441896,     1.620239981134562, 1.621377066288229,  0.3716331564327891
0.07933178500000082,-7.755923550827148, -7.77783363447305,-7.876840747966733, -2.25172238643568,           5,-3.115242247424371,0.002185546124034919, 319.2636078764329,      0.4176048643715494,   1.624435749261741,      1.62215300026887, 1.623294374765305,   0.372072619538569
0.08068209799999693,-7.758428859070647,-7.779397162976195,-7.879832982765413,-2.254190648930189,           5,-3.113203435701001,0.002190851891750947, 319.3052218187804,      0.4176592964593955,   1.626358813740229,     1.624068884930095, 1.625213849335162,  0.3725125791308933
0.07976405800000208,-7.760939962629132, -7.78093131732924,-7.882815956525989,-2.256667186406494,           5,-3.111158226306106,0.002196129735435213, 319.3463860125585,      0.4177131402647513,   1.628283195909084,     1.625987657771363, 1.627135426840223,  0.3729530207335188
0.07972194700000301,-7.763457410270179,-7.782436235419121,-7.885788719004578,-2.259152571775066,           5,-3.109110188420487,0.002201379196161786, 319.3870953722465,      0.4177663891356271,   1.630208704807038,     1.627909278132698, 1.629058991469868,  0.3733939178016843
0.07990619200000282,-7.765981733793792,-7.783912091142872,-7.888750212112861,-2.261647374309122,           5,-3.107061023852783,0.002206599762653619, 319.4273447898273,      0.4178190363906076,    1.63213512733256,      1.62983363784083, 1.630984382586695,  0.3738352335159569
0.08310110100000401,-7.768513447630509,-7.785359080494413,-7.891699286891806,-2.264152158018512,           5, -3.10501263218387,0.002211790877643722, 319.4671292261591,       0.417871075438368,   1.634062238398415,     1.631760560199626, 1.632911399299021,  0.3742769218302858
0.08145175100000301,-7.771053048158804,-7.786777403494494,-7.894634718262257, -2.26666748078693,           5,-3.102969547692277,0.002216951943348623, 319.5064437064149,      0.4179224997717089,   1.635989799900176,     1.633689817333323,  1.63483980861675,  0.3747189293413965
0.08005955799999498,-7.773601014800286,-7.788167270983066,-7.897555218693369,-2.269193894557507,           5, -3.10093399380554,0.002222082325173623, 319.5452833271757,      0.4179733029768344,   1.637917570253348,     1.635621154488036, 1.636769362370692,  0.3751611991668392
0.07934274599999469,-7.776157809821638,-7.789528900313234,-7.900459450621868,-2.271731944383795,           5,-3.098906280136138,0.002227181355447209, 319.5836431246665,      0.4180234785610014,   1.639845317588944,     1.637554297853107, 1.638699807721026,  0.3756036733536167
0.08079734999999744,-7.778723879681324,-7.790862522906435,-7.903346037731607,-2.274282168985493,           5,-3.096886364452573,0.002232248335622071, 319.6215183390493,      0.4180730202982215,     1.6417728330872,     1.639488954115248, 1.640630893601224,  0.3760462943551853
0.08140357799999975,-7.781299655584137,-7.792168381088361,-7.906213566325224,-2.276845101025954,           5,-3.094875851364305,0.002237282539163049, 319.6589043721048,      0.4181219221739078,   1.643699922794089,     1.641424811843158, 1.642562367318624,  0.3764890042522776
0.08181362899999556,-7.783885555235428,-7.793446748040486,-7.909060592900531,-2.279421267996852,           5,-3.092874330795665,0.002242283212894371, 319.6957967334062,      0.4181701783144686,   1.645626386541688,     1.643361551958899, 1.644493969250294,  0.3769317435371508
0.08246471400000388,-7.786481985005854,-7.794697939831985,-7.911885667892546,-2.282011193413722,           5,-3.090883144914084,0.002247249579347753, 319.7321910511603,      0.4182177830014879,   1.647552007890509,     1.645298843854663, 1.646425425872586,  0.3773744495159018
0.08055038399999859,-7.789089340932951,   -7.795922331764,-7.914687319866839,-2.284615397049217,           5,-3.088902151407031,0.002252180837814665, 319.7680830883389,      0.4182647306928257,   1.649476579121931,     1.647236343202283, 1.648356461162107,  0.3778170589216648
0.08023482599999454,-7.791708006573353,-7.797120345586376,-7.917464065654344,-2.287234392316147,           5,-3.086932732310371,0.002257076166374709, 319.8034687568984,      0.4183110160412179,   1.651399900822408,     1.649173673450787, 1.650286787136598,  0.3782595057465027
0.08037326200000194,-7.794338355616429,-7.798292471892173,-7.920214417232724,-2.289868687831731,           5,-3.084972623520116,0.002261934722935843, 319.8383441312664,      0.4183566339119163,   1.653321766605606,     1.651110440415874,  1.65221610351074,  0.3787017211625142
0.08085857799999729,-7.796980751582158, -7.79943926684766,-7.922936873291589,-2.292518786688871,           5,-3.083024889284073,0.002266755647059599, 319.8727054602379,      0.4184015793982503,   1.655241964973739,     1.653046224777814, 1.654144094875777,  0.3791436328753793
0.0826336400000045,-7.799635548551157,-7.800561351472945,-7.925629932762071,-2.295185186399917,           5,-3.081088313036261,0.002271538061192417, 319.9065491788006,      0.4184458478370938,   1.657160297510644,     1.654980603126096,  1.65607045031837,  0.3795851696211663
0.08215385499999428,-7.802303087496669,-7.801659395267657, -7.92829209017214,-2.297868375053072,           5,-3.079163719864892,0.002276281072351386, 319.9398719190974,      0.4184894348232044,   1.659076572795619,     1.656913160395493, 1.657994866595556,  0.3800262618940565
0.08071969000000223,-7.804983698400044,-7.802734114337877,-7.930921837322869,-2.300568832820999,           5,-3.077250230282301,0.002280983773422546, 319.9726705217437,      0.4185323362240274,   1.660990607697852,     1.658843497492064, 1.659917052594958,  0.3804668429686637
0.07847555400000061,-7.807677700589371,-7.803786269958206,-7.933517666332611,-2.303287031716853,           5,-3.075349698286634,0.002285645244996678, 320.0049420468521,      0.4185745481941156,   1.662902224449873,     1.660771214135055, 1.661836719292464,  0.3809068465982489
0.08076242199999939,  -7.8103854039353,-7.804816690633251,-7.936078059569768,-2.306023436430303,           5,-3.073461428276091,0.002290264556820311, 320.0366837855918,      0.4186160671902502,   1.664811255879865,     1.662695923158623, 1.663753589519244,  0.3813462092534029
0.08144698199999567,-7.813107105688826,-7.805826238973949,-7.938601507097244,-2.308778501359674,           5,-3.071586907889545,0.002294840769480902, 320.0678932716733,      0.4186568899864618,    1.66671755116296,     1.664617246465923, 1.665667398814441,  0.3817848703174902
0.08123489400000494,-7.815843089488986,-7.806815811631393,-7.941086500784466,-2.311552669878028,           5,-3.069725562165362,0.002299372936206709, 320.0985682932626,      0.4186970136896161,   1.668620955414915,     1.666534830620535, 1.667577893017725,  0.3822227715348413
0.08007006799999772,-7.818593625818705,-7.807786348678031,-7.943531536617659,-2.314346374511252,           5,-3.067876381933317,0.002303860104439478, 320.1287069053732,      0.4187364357556215,   1.670521295423041,     1.668448345893418,  1.66948482065823,  0.3826598552662352
0.07990350699999738,-7.821358971939429,-7.808738833232115,-7.945935117989235,-2.317160037012146,           5,-3.066038867909679,0.002308301317680513, 320.1583074425797,      0.4187751540060593,   1.672418394866907,      1.67035748081586, 1.671387937841384,  0.3830960656090003
0.08185959799999409, -7.82413936870834,-7.809674278071926,-7.948295763741974,-2.319994065357327,           5,-3.064212181875904,0.002312695617305029, 320.1873685321088,      0.4188131666453075,   1.674312075574629,     1.672261935788786, 1.673287005681707,  0.3835313478085907
0.08021489700000473,-7.826935038697757,-7.810593730740312,-7.950612015018374,-2.322848852269411,           5,-3.062395417890679,0.002317042044128941, 320.2158891072041,      0.4188504722780217,   1.676202154918974,      1.67416143596047, 1.675181795439721,  0.3839656494360087
 0.079372412000005,-7.829746187979581,-7.811498256520535,-7.952882446118913,-2.325724776261087,           5,-3.060588079183618,0.002321339640381725, 320.2438684205572,      0.4188870699267038,   1.678088437860764,     1.676055736760574, 1.677072087310669,  0.3843989201101695
0.08263146599999516,-7.832573004472306,-7.812388947553189, -7.95510567692629,-2.328622199858382,           5,-3.058788285808183,0.00232558745141366, 320.2713060579441,      0.4189229590495383,   1.679970714901292,     1.677944625539763, 1.678957670220527,  0.3848311114511452
0.0843223050000006,-7.835415657275882,-7.813266925308397,  -7.9572803764972, -2.33154146867007,           5,-3.056995997566703,0.002329784527411309, 320.2982019518674,      0.4189581395582367,   1.681848756382525,     1.679827902886861, 1.680838329634693,  0.3852621742858141
0.08061700300000041,-7.838274297683374,-7.814133343835838,-7.959405274444721,-2.334482911974319,           5,-3.055210465612516,0.002333929925084303, 320.3245563950802,      0.4189926118357276,   1.683722318771538,      1.68170539485592, 1.682713856813729,  0.3856920607693551
0.08155344800000108,-7.841149056089519,-7.814989398367909,-7.961479176884824,-2.337446839406334,           5,-3.053430044691794,0.002338022709620672, 320.3503700539425,      0.4190263767536267,   1.685591171813204,      1.68357695117438, 1.684584061493792,  0.3861207272917072
0.08270576900000037,-7.844040040531096,-7.815836326146908,-7.963500978692118, -2.34043353919859,           5, -3.05165303248337,0.002342061955916466, 320.3756439814486,      0.4190594356892772,   1.687455082384178,     1.685442434953942,  1.68644875866906,  0.3865481314479918
0.07931459099999927,-7.846947339930935,-7.816675377431784,-7.965469679871751,-2.343443280560376,           5,-3.049879758327879,0.002346046750623954, 320.4003796295481,      0.4190917905418657,   1.689313809784485,     1.687301710203978, 1.688307759994232,  0.3869742300678939
0.08003724499999976,-7.849871023642326, -7.81750782998089,-7.967384395738006,-2.346476312735187,           5,-3.048107583913081,0.002349976193481223, 320.4245788613835,      0.4191234437484298,   1.691167109634204,     1.689154675076485, 1.690160892355344,  0.3873989834722483
0.08043940000000305,-7.852811137345819,-7.818335012760919,-7.969244366040321,-2.349532860811316,           5,-3.046336163923185,0.002353849398779704, 320.4482439626076,      0.4191543982986612,   1.693014730577687,     1.691001236355323, 1.692007983466505,  0.3878223521716904
0.07904649500000005,-7.855767706259473,-7.819158284124053,-7.971048971946177,-2.352613128080905,           5,-3.044567552593492,0.002357665496791755, 320.4713776521537,      0.4191846577489931,   1.694856427557413,     1.692841307110855, 1.693848867334134,   0.388244298119106
0.0786379269999955,-7.858740732891826,-7.819979026577694,-7.972797739853842,-2.355717293468144,           5,-3.042800315951061,0.002361423635460499, 320.4939830921154,      0.4192142262355238,   1.696691958815544,     1.694674803197003, 1.695683381006274,  0.3886647839645468
0.08041543299999887,-7.861730197064801,-7.820798653943164,-7.974490349617138,-2.358845511248039,           5,-3.041033530223006,0.002365122981385126, 320.5160638969487,      0.4192431084860533,   1.698521083612574,     1.696501642589532, 1.697511363101053,  0.3890837727179407
0.08163547600000243,-7.864736054296944,-7.821618612308072,-7.976126668167216,-2.361997909451829,           5,-3.039265920722835,0.002368762721331762, 320.5376241417267,        0.41927130983088,   1.700343565677409,     1.698321750059936, 1.699332657868672,  0.3895012286801335
0.07987827800000247,-7.867758236049788,-7.822440365310543,-7.977706723227799,-2.365174589723825,           5, -3.03749914514437,0.002372342063169424, 320.5586683695554,      0.4192988362125012,   1.702159177447929,     1.700135055492479, 1.701147116470204,   0.389917117736001
0.08391424900000288,-7.870796648606973,-7.823265393761991,-7.979230712380538,-2.368375625582277,           5,-3.035733030297997,0.002375860237149504, 320.5792015979238,      0.4193256941939196,   1.703967695257073,     1.701941488948941, 1.702954592103008,  0.3903314062371527
0.08392908700000135,-7.873851172848264,-7.824095209084931, -7.98069900961248,-2.371601062061205,           5,-3.033967514449573,0.002379316497111906, 320.5992293240014,      0.4193518909655716,   1.705768904635326,     1.703740980158102, 1.704754942396714,  0.3907440615511114
0.08280646299999717,-7.876921662651689,-7.824931340158597,-7.982112174454019, -2.37485091420607,           5,-3.032202870208959,0.002382710121278151, 320.6187575290212,      0.4193774343510609,    1.70756260926689,     1.705533456347772, 1.706548032807331,  0.3911550528392715
0.07904279700000671, -7.88000794384211,-7.825775317847109,-7.983470956049135,-2.378125165858708,           5,-3.030441099466452,0.002386040413584943, 320.6377926814448,      0.4194023328112989,   1.709348625266587,      1.70731883949519, 1.708333732380888,  0.3915643500858899
0.08154670500000094,-7.883109814296129,-7.826628692596171,-7.984776290767213,-2.381423769469598,           5,-3.028682665586809,0.002389306704430938, 320.6563417390402,      0.4194265954472218,   1.711126778155376,     1.709097043036606, 1.710111910595991,  0.3919719233743732
0.08087846600000148,-7.886227043247946,-7.827493026276899,  -7.9860292979964,-2.384746645336805,           5,-3.026929609626166,0.00239250835175215, 320.6744121500976,      0.4194502320013814,   1.712896907037415,     1.710867972938263, 1.711882439987839,  0.3923777434887256
0.08179459299999792,-7.889359369685495,-7.828369889535616,-7.987231283721582,-2.388093679855794,           5,-3.025182776885837,0.002395644741902756, 320.6920118529763,      0.4194732528573523,   1.714658865605433,     1.712631528332288,  1.71364519696886,  0.3927817821016441
0.08076612900000413,-7.892506501613568,-7.829260854100369,-7.988383731294433,-2.391464724420319,           5,-3.023442306507392,0.002398715290688281, 320.7091492746962,      0.4194956690378892,   1.716412521633381,     1.714387601098205, 1.715400061365793,  0.3931840116684139
0.08017204400000111,-7.895668115663747, -7.83016749941794,-7.989488296239315,-2.394859594927792,           5,-3.021708358975064,0.002401719444029209, 320.7258333282974,      0.4195174922014738,   1.718157757852725,     1.716136072951322, 1.717146915402024,  0.3935844051936522
0.0817246569999952,  -7.8988438566523,-7.831091408347204,-7.990546803055986,-2.398278070949662,           5,-3.019983594458611,0.002404656679301591, 320.7420734090041,      0.4195387346372966,   1.719894469190931,     1.717876814943679, 1.718885642067305,  0.3939829358576339
0.08153771699999623,-7.902033336997293,-7.832034164886138,-7.991561245925068,-2.401719894818032,           5,-3.018269590867779,0.002407526505739791, 320.7578793891972,      0.4195594092586815,   1.721622558694836,     1.719609685973358, 1.720616122334097,   0.394379576378253
0.08161036699999613,-7.905236136595329,-7.832997355147809,-7.992533780071694,-2.405184771054611,           5,-3.016566702516239,0.002410328465741101, 320.7732616121244,      0.4195795295948575,   1.723341933233623,     1.721334536824553, 1.722338235029087,  0.3947742989815753
0.08155992000000367,-7.908451803465626,-7.833982562706334,-7.993466699991374,-2.408672366457839,           5,-3.014875572899268,0.002413062135495603, 320.7882308843926,      0.4195991097811396,   1.725052493235116,     1.723051210773876, 1.724051852004496,  0.3951670742950598
0.08045711400000499,-7.911679852504284,-7.834991377293092,-7.994362435354811,-2.412182308495149,           5,-3.013196085096073,0.002415727126006273, 320.8027984671622,      0.4196181645474099,   1.726754152902904,     1.724759545384567, 1.725756849143736,  0.3955578738701487
0.08264427099999949,-7.914919763732389,-7.836025370023084,-7.995223545139609,-2.415714183094765,           5,-3.011528735894515,0.002418323083868938, 320.8169760662853,      0.4196367092052188,   1.728446835581181,     1.726459374161118, 1.727453104871149,  0.3959466698406869
0.0800686749999997,-7.918170983264724,-7.837086104391723,-7.996052704004918,-2.419267534856133,           5,-3.009873713971653,0.002420849692159601, 320.8307758211832,      0.4196547596332361,   1.730130471047155,     1.728150527791368, 1.729140499419261,  0.3963334347549693
0.08176608699999832,-7.921432924405896,-7.838175133325289,-7.996852687903621,-2.422841867539475,           5,-3.008232273734434,0.002423306671217897, 320.8442102925217,      0.4196723322611298,   1.731804984355964,     1.729832831964143, 1.730818908160054,  0.3967181400472138
0.08148426400000375,-7.924704968678826,-7.839294004491508,-7.997626363286093,-2.426436644483846,           5,-3.006605871658361,0.002425693779401326, 320.8572924487649,      0.4196894440519787,   1.733470302322418,     1.731506110005075, 1.732488206163746,  0.3971007570824723
0.07919975000000079,-7.927986464567247,-7.840444249352541,-7.998376674845732,-2.430051286819906,           5, -3.00499657535247,0.002428010813943188, 320.8700356516392,      0.4197061124832583,   1.735126353599421,     1.733170183462633, 1.734148268531027,  0.3974812572327798
0.08187955599999697,-7.931276727577363,-7.841627380703559,-7.999106635103919,  -2.4336851728876,           5,-3.003401283518299,0.002430257611168101, 320.8824536404786,      0.4197223555263647,   1.736773064595063,     1.734824872722448, 1.735798968658756,  0.3978596114796401
0.07870564800000324,-7.934575041328766,-7.842844894508563,-7.999819302158371, -2.43733763879673,           5, -3.00181989173625,0.002432434047590403, 320.8945605155587,      0.4197381916248146,   1.738410356364275,     1.736470002132344, 1.737440179248309,  0.3982357906451459
0.08046487899999732,-7.937880658193508,-7.844098260653534, -8.00051777270698,-2.441007978284636,           5,-3.000254991394239,0.002434540040214938, 320.9063707204739,      0.4197536396711943,   1.740038142814638,     1.738105393029233, 1.739071767921935,  0.3986097643872119
0.0871584319999954,-7.941192800790018,-7.845388926825705,-8.001205168044599,-2.444695443489949,           6,-3.406020067058374,0.002436575789588519, 320.9179000714234,      0.4197687203534918,   1.741656981137306,     1.739730631493472, 1.740693806315389,  0.3989815491253508
0.08932560099999876,-7.944510863054973,-7.846724783668996,-8.001875294183177,-2.448399429032835,           6,-3.402293245106412,0.002438540887844962, 320.9291625245931,       0.419783451926751,   1.743265248821311,     1.741344061882312, 1.742304655351811,  0.3993507691694659
0.08787105700000097,-7.947834063676428,-7.848098590076744,-8.002544846383616,-2.452119101640122,           6,-3.399163201537563,0.002440435465189528, 320.9401734621272,      0.4197978545112049,   1.744862289653939,     1.742945819533686, 1.743904054593812,  0.3997173648251339
0.08678872000000126,-7.951161343569826,-7.849512700080592,-8.003215692407954,-2.455853414447416,           6,-3.397081298579829,0.002442259647023545, 320.9509485390103,      0.4198119485839691,   1.746448160054067,     1.744536639201259, 1.745492399627663,  0.4000814267640299
0.0843596769999948,-7.954491631922356,-7.850968442190713,-8.003888645995975,-2.459601296487496,           6,-3.395650762890885,0.002444013577226133, 320.9615036349779,      0.4198257549161387,   1.748023347032184,     1.746117330750438, 1.747070338891311,  0.4004431036135435
0.08689744000000132,  -7.9578238918693,-7.852467165084509,-8.004565921016962, -2.46336174080654,           6,-3.394501339380077,0.00244569743079139, 320.9718548393524,      0.4198392945529537,   1.749588291753367,     1.747688373477236, 1.748638332615302,  0.4008025008623571
0.08567726700000122,-7.961157184504084,-7.854010455444752,-8.005250509503783,   -2.467133799075,           6,-3.393417001564298,0.002447311419963299, 320.9820184361272,      0.4198525887942889,   1.751143138043246,     1.749249789526087, 1.750196463784666,  0.4011596375313325
0.08714260300000376,-7.964490633064326,-7.855599952085979,-8.005945641654284,-2.470916529882946,           6,-3.392290337273131,0.002448855797094774, 320.9920108830088,      0.4198656591672403,   1.752687743228772,     1.750801253596338, 1.751744498412555,  0.4015144599887306
0.08583755600000131,  -7.9678233457397,-7.857237109074424,-8.006654462258842,-2.474708940207384,           6,-3.391090273154012,0.002450330855447476, 321.0018487875282,      0.4198785273948777,   1.754221819690535,     1.752342299155334, 1.753282059422934,  0.4018668818055776
0.08737594200000132,-7.971154366113766,-7.858923119534905,-8.007379865687252,-2.478509957488868,           6,-3.389840104559624,0.002451736929240489, 321.0115488828438,      0.4198912153645953,   1.755745073955461,     1.753872466775648, 1.754808770365554,   0.402216816696334
0.08605534600000198,-7.974482671675474,-7.860658957658682,-8.008124494345196,-2.482318431935895,           6,-3.388582466352148,0.002453074393195342, 321.0211280036341,      0.4199037450965778,    1.75725728073381,     1.755391370475702, 1.756324325604756,  0.4025641946067556
0.08388406099999912,-7.977807196360108,-7.862445459260103,-8.008890809341024,-2.486133158349602,           6,-3.387352144711716,0.002454343661886558,  321.030603061825,      0.4199161387120513,   1.758758298975195,     1.756898710943086, 1.757828504959141,  0.4029089650694282
0.08411079799999754,-7.981126852165566,-7.864283379694852,-8.009681173569184,-2.489952894468892,           6,-3.386166664765498,0.002455545188856152, 321.0399910220039,      0.4199284184011249,   1.760248055365168,     1.758394262845406, 1.759321159105287,  0.4032510938581774
0.0859375090000043, -7.98444054267061,-7.866173425547291,-8.010497893702464,-2.493776370955513,           6,-3.385027929671637,0.002456679465480783, 321.0493088765632,       0.419940606390277,   1.761726511381149,     1.759877857912958, 1.760802184647053,  0.4035905572737444
0.08682542100000035,-7.987747169010097,-7.868116270146036,-8.011343221120583,-2.497602295837853,           6,-3.383925551271214,0.002457747019777635, 321.0585736207095,      0.4199527249096672,   1.763193640796191,      1.76134937311488, 1.762271506955535,  0.4039273382105615
0.08785812100000356,-7.991045629434616,-7.870112546612898,-8.012219328151252,-2.501429354160584,           6,-3.382848729584001,0.002458748415102425, 321.0678022275256,      0.4199647961605167,   1.764649404137977,     1.762808724975545, 1.763729064556761,  0.4042614225782812
0.08830958099999719,-7.994334819278322,-7.872162850038836,-8.013128287343729,  -2.5052562082888,           6,-3.381791624936007,0.002459684248876679, 321.0770116231917,      0.4199768422826967,   1.766093735623276,     1.764255867142553, 1.765174801382914,  0.4045927975256921
0.08586781500000029,-7.997613630137864,-7.874267725517228,-8.014072057629205,-2.509081497411249,           6,-3.380752792217461,0.00246055515108704, 321.0862186625588,      0.4199888853227779,   1.767526538663175,     1.765690787281606,  1.76660866297239,  0.4049214505697398
0.08468167800000259,-8.000881524041345, -7.87642761655615,-8.015052457791388,-2.512903337711299,           6,-3.379723971831191,0.002461361839072329,  321.095440100437,      0.4200009471964756,   1.768947720328802,     1.767113528681937,  1.76803062450537,  0.4052473760215144
0.08689573600000244,-8.004137902234966,-7.878642717953575,-8.016070754453635,-2.516719899368273,           6,-3.378700626724413,0.002462105119633713, 321.1046925691135,      0.4200130496592412,   1.770357194130904,     1.768524175305751, 1.769440684718327,  0.4055705735914056
0.08667948000000081,-8.007380600818335,-7.880913109531277, -8.01712783794529,-2.520530836791773,           6,-3.377703078395264,0.002462785739743107, 321.1139925691024,      0.4200252142941642,   1.771754813944015,     1.769922761708236, 1.770838787826126,  0.4058910304929942
0.08667329700000437,-8.010608528575366,-7.883239072743647,-8.018225349028668,-2.524334846373192,           6,-3.376730932192211,0.002463404455527746, 321.1233564369102,      0.4200374624698077,   1.773140430316461,     1.771309309755894, 1.772224870036178,  0.4062087321044869
0.08718810899999596,-8.013820595843971,-7.885620813932618,-8.019364800393548,-2.528130370635655,           6,-3.375783923911996,0.002463962039285895, 321.1328003241571,      0.4200498153128992,   1.774513894609794,     1.772683816911507, 1.773598855760651,  0.4065236611005213
0.08566275900000164,-8.017015714137131,-7.888058465518612,-8.020547573940197,-2.531915926554058,           6,-3.374862024854643,0.002464459282230342, 321.1423401772911,      0.4200622936817951,   1.775875064078407,     1.774046247255733,  1.77496065566707,   0.406835797005349
0.0860797339999948,-8.020192800037844,-7.890552107927876,-8.021774928719651, -2.53569003945181,           6,-3.373966110387709,0.002464896995101537, 321.1519917179376,       0.420074918140779,   1.777223806612279,      1.77539653392434,  1.77631017026831,  0.4071451170156899
0.08750526099998979,-8.023350777678159, -7.89310176633659,-8.023048006641792,-2.539451232111161,           6,-3.373097839327131,0.002465276007909854, 321.1617704239182,      0.4200877089352322,   1.778560003661363,     1.776734583352206, 1.777647293506784,  0.4074515968222605
0.08485243700000922, -8.02648858128399,-7.895707421841423,  -8.0243678415696, -2.54319802454729,           6,-3.372258093979678,0.002465597169194281, 321.1716915109619,      0.4201006859677129,   1.779883551372014,     1.778060283269165,  1.77897191732059,  0.4077552116563702
0.08681365799999696,-8.029605158652933,-7.898369020676668,-8.025735353600661,-2.546928937042308,           6,-3.371450750636376,0.002465861344977861, 321.1817699150894,      0.4201138687749132,   1.781194360119059,     1.779373512191501,  1.78028393615528,  0.4080559373240592
0.08882295200000101,-8.032699473600214,-7.901086481990714,-8.027151354568863,-2.550642492913318,           6,-3.370676523991279,0.002466069417486669, 321.1920202757265,      0.4201272765055722,   1.782492352929885,     1.780674146175501, 1.781583249552693,  0.4083537507994783
0.08614159199998994,-8.035770508913117,-7.903859699139527,-8.028616553992036,-2.554337221980596,           6,-3.369937750059265,0.002466222283774771, 321.2024569196793,       0.420140927899514,   1.783777463433758,     1.781962070885373, 1.782869767159565,  0.4086486313729052
0.09008158700000024,-8.038817268719898,-7.906688536542458,-8.030131564223238,-2.558011663651916,           6,-3.369234725873935,0.002466320854417571, 321.2130938459468,       0.420154841267783,   1.785049634006943,     1.783237195218927, 1.784143414612935,  0.4089405619997286
0.08508399300001201,-8.041838779904317,-7.909572825999148,-8.031696906363477,-2.561664369119857,           6, -3.36856833981021,0.00246636605202688,  321.223944711449,      0.4201690344739755,   1.786308812341615,     1.784499449432181, 1.785404130886898,  0.4092295286923014
0.08602885599999865, -8.04483409675445,-7.912512372585416, -8.03331301276719,-2.565293906813706,           6,-3.367938587968379,0.002466358809800745, 321.2350228178322,       0.420183524916981,   1.787554954763005,     1.785748781932806, 1.786651868347906,  0.4095155205326173
0.08572721400000205,-8.047802303546238,-7.915506954433247,-8.034980229365443, -2.56889886583698,           6,-3.367345575318317,0.002466300069983158,   321.24634109936,      0.4201983295151429,   1.788788025569388,     1.786985159084317, 1.787886592326852,  0.4097985295742277
0.0863477589999917,-8.050742516021336, -7.91855632241011,-8.036698818985057,-2.572477858383019,           6,-3.366790344416208,0.002466190782439568, 321.2579121073776,       0.420213464685938,   1.790007997803329,     1.788208560020553, 1.789108278911941,   0.410078550336349
0.08571721399999888,-8.053653883849149,-7.921660200955651,-8.038468966352969,-2.576029523337473,           6,-3.366273452708477,0.002466031903181429, 321.2697480015565,      0.4202289463345235,   1.791214854373139,     1.789418972174317, 1.790316913273728,  0.4103555794199491
0.08844535300001155,-8.056535592703488,-7.924818294373351,-8.040290780063605, -2.57955252947503,           6,-3.365795959305617,0.002465824392930101, 321.2818605483193,      0.4202447898516776,   1.792408587291527,     1.790616387584234, 1.791512487437881,  0.4106296149972444
0.08662333100001263,-8.059386866122747,-7.928030282962035,-8.042164296995326,-2.583045578655363,           6,-3.365358811894972,0.002465569215678837, 321.2942611111566,       0.420261010101133,   1.793589200266709,     1.791800800174765, 1.792695000220736,  0.4109006567969294
0.08568450100000291,-8.062206966881888,-7.931295826915615, -8.04408948428261,-2.586507408507426,           6,-3.364962933816824,0.002465267337266516, 321.3069606425726,       0.420277621409042,   1.794756708599037,     1.792972203842907, 1.793864456220972,  0.4111687058730592
0.08402734599999917,-8.064995198645594,-7.934614566306627,-8.046066243463899,-2.589936795336516,           6,-3.364610506464486,0.002464919724075623, 321.3199696773623,      0.4202946375551824,   1.795911137429927,     1.794130589515367, 1.795020863472647,  0.4114337640671077
0.08442942199999948,-8.067750907919477, -7.93798612726756,-8.048094411553512,-2.593332557556121,           6,-3.364301887432063,0.002464527341718827, 321.3332983165621,      0.4203120717519652,   1.797052520062241,     1.795275947897335, 1.796164233979788,  0.4116958341304975
0.08533081999999581,-8.070473484849016,-7.941410119465993,-8.050173765949165,-2.596693557952469,           6,-3.364038155202239,0.002464091153790832, 321.3469562336793,      0.4203299366525822,   1.798180896132497,      1.79640826942158, 1.797294582777038,  0.4119549195092945
0.0855927639999976,-8.073162364512301,-7.944886137463512,-8.052304025717476,-2.600018706457082,           6,-3.363820263265699,0.002463612120699952, 321.3609526854762,      0.4203482443651123,   1.799296309601127,     1.797527544992652, 1.798411927296889,  0.4122110241991714
0.08492354400000579,-8.075817027953452,-7.948413762236587,-8.054484854931749,-2.603306962669498,           6,-3.363649637623352,0.002463091198519615, 321.3752964957428,      0.4203670064312957,   1.800398806882769,     1.798633767496738, 1.799516287189754,  0.4124641527041665
0.0866594809999981,-8.078437003023893,-7.951992561501169,-8.056715865643254,-2.606557338141168,           6,-3.363527582935958,0.002462529337988536, 321.3899960529853,      0.4203862338235106,   1.801488435402731,     1.799726933670547, 1.800607684536639,  0.4127143100854312
0.08731203800000742,-8.081021865188733,-7.955622090902134,-8.058996620183686,-2.609768898569797,           6,-3.363454195173517,0.002461927483562317, 321.4050593104162,      0.4204059369447597,   1.802565242638375,     1.800807045880215, 1.801686144259295,  0.4129615020552386
0.08703260000000057,-8.083571237947879,-7.959301889246614,-8.061326634452534,-2.612940765758001,           6,-3.363430326364124,0.002461286572546394,  321.420493786627,      0.4204261256295508,   1.803629275512338,     1.801874112979089, 1.802751694245714,  0.4132057350057491
0.08616918500000281,-8.086084793578317,-7.963031482916771,-8.063705377799078,-2.616072119587809,           6,-3.363456346274181,0.002460607534314181, 321.4363065669111,      0.4204468091456264,   1.804680580109082,     1.802928151612582, 1.803804365860832,  0.4134470161260681
0.08910259099999962,-8.088562253365049,-7.966810382519679,-8.066132277663687,-2.619162199635865,           6, -3.36353247373624,0.002459891289625671, 321.4525043052778,       0.420467996196599,   1.805719201779081,     1.803969188219875, 1.804844194999478,  0.4136853536435898
0.08746915199999705,-8.091003387608861, -7.97063808309235,-8.068606720506651,-2.622210306523473,           6,-3.363658884690217,0.002459138749958531, 321.4690932271804,      0.4204896949255185,   1.806745185634913,     1.804997259156977, 1.805871222395945,  0.4139207568949544
0.08373921099999393,-8.093408015666025,-7.974514066204043,-8.071128052660299,-2.625215803313042,           6,-3.363835825010187,0.002458350817073587, 321.4860791329305,      0.4205119129193393,   1.807758577339008,     1.806012410490425, 1.806885493914716,  0.4141532363926838
0.08604009600000495,-8.095776005708627, -7.97843779830081,-8.073695581295812,-2.628178116568082,           6,-3.364063680681764,0.002457528382571512, 321.5034674017791,      0.4205346572142574,   1.808759424008785,     1.807014697626601, 1.807887060817693,   0.414382803886434
0.08694188500000166,-8.098107274241608, -7.98240873154126,-8.076308574928749,-2.631096737124474,           6,-3.364342639988009,0.002456672327535906, 321.5212629966252,      0.4205579343018703,   1.809747775083248,     1.808004184774497, 1.808875979928873,  0.4146094724007394
0.08808907699999224,-8.100401785356913,-7.986426303890396,-8.078966264675714,-2.633971220614661,           6,-3.364672694582523,0.002455783522267154, 321.5394704693214,      0.4205817501361159,   1.810723683054208,      1.80898094399167, 1.809852313522939,  0.4148332562094774
0.08850300500000685, -8.10265954992181,-7.990489942655903,-8.081667843884796,-2.636801187762402,           6,-3.365054502583817,0.002454862826069985, 321.5580939665355,      0.4206061101409406,   1.811687204018492,      1.80994505438402, 1.810816129201256,  0.4150541708074445
0.08892498800000226,-8.104880624548423,-7.994599061096925, -8.08441246881207,-2.639586324434633,           6,  -3.3654878257949,0.002453911087125317, 321.5771372361255,      0.4206310192186373,   1.812638398038945,     1.810896601440123, 1.811767499739534,  0.4152722328754414
0.0877587899999952, -8.10706511037383,-7.998753060813194,-8.087199258521132, -2.64232638142773,           6,-3.365972682317598,0.002452929142435499, 321.5966036339986,      0.4206564817588174,   1.813577329310792,     1.811835676395954, 1.812706502853373,   0.415487460226532
0.08736511099999689,-8.109213151680541,-8.002951331731124,-8.090027295007488, -2.64502117402163,           6,-3.366509194127136,0.002451917817801214, 321.6164961314061,      0.4206825016479526,   1.814504066111057,     1.812762375549893, 1.813633220830475,  0.4156998717217444
0.08686271300000215,-8.111324934547856,-8.007193252442223,-8.092895624235375,-2.647670581345289,           6,-3.367097318944814,0.002450877927873171,  321.636817322638,        0.42070908227944,   1.815418680320895,     1.813676799580884,  1.81454773995089,  0.4159094871371863
0.08642765399999064,-8.113400685378949,-8.011478189164153,-8.095803255628015,-2.650274545553707,           6,-3.367737104343785,0.002449810276258237, 321.6575694330848,      0.4207362265641463,   1.816321247766052,     1.814579052957319, 1.815450150361685,  0.4161163271353178
0.08583283800000174,-8.115440669128695,-8.015805498902401,-8.098749163140283,-2.652833070599145,           6,-3.368428464258563,0.002448715655674682, 321.6787543276119,      0.4207639369413626,   1.817211848388159,     1.815469243469577, 1.816340545928868,  0.4163204132310115
0.08670523900001115,-8.117445187643636,-8.020174525945071,-8.101732286567614,-2.655346220954085,           6,-3.369171264761943,0.002447594848119948, 321.7003735192283,      0.4207922153901431,   1.818090566306066,     1.816347481858634,  1.81721902408235,   0.416521767756016
0.08442311900000732,-8.119414577968449,-8.024584601298439,-8.104751532419387,-2.657814120152933,           6, -3.36996532662404,0.002446448625113719, 321.7224281780008,      0.4208210634409645,   1.818957489688984,     1.817213880976896,  1.81808568533294,  0.4167204137482478
0.09025420099999337,-8.121349210600295,-8.029035042852083,-8.107805774836088, -2.66023694919543,           6,-3.370810341798556,0.002445277747961073,  321.744919140188,      0.4208504821876742,   1.819812710579542,      1.81806855636118, 1.818940633470361,  0.4169163749971777
0.08606754000000194,-8.123249487602507,-8.033525154218838,-8.110893858229797,-2.662614944661214,           6, -3.37170592350211,0.002444082968041662, 321.7678469175542,      0.4208804722996731,   1.820656324806158,     1.818911626100232, 1.819783975453195,  0.4171096760186053
0.08479557700000839,-8.125115840826075,-8.038054230430896,-8.114014597179787,-2.664948396822778,           6,-3.372651673950289,0.002442865027118722, 321.7912117068417,      0.4209110340343047,   1.821488432028961,      1.81974320970021, 1.820615820864586,   0.417300341929902
0.08677113599999586,-8.126948730094583,-8.042621549668961,-8.117166780145309,-2.667237647612308,           6,   -3.373647138963,0.002441624657685691, 321.8150133993623,      0.4209421672494024,   1.822309135873304,     1.820563427826206, 1.821436281849755,  0.4174883984356884
0.08760800900000731,-8.128748641290112,-8.047226372925476,-8.120349172141967,-2.669483088400396,           6,-3.374691800456667,0.002440362583310265, 321.8392515906854,      0.4209738714159607,   1.823118544042581,     1.821372402090334, 1.822245473066458,   0.417673871816479
0.08523425299999587,-8.130516084470683,-8.051867946415008,-8.123560516008137,-2.671685157698152,           6,-3.375785031328091,0.002439079518994273,  321.863925590395,      0.4210061456308979,   1.823916768399432,     1.822170254814004, 1.823043511606718,  0.4178567889107431
0.08640948900000467,-8.132251591962863, -8.05654550060245,-8.126799536212907,-2.673844338776156,           6,-3.376926241905305,0.002437776171521528, 321.8890344318885,      0.4210389886298734,   1.824703925004154,     1.822957108805573, 1.823830516904863,  0.4180371770938255
0.08777379900000426,-8.133955716506744,-8.061258247710303,-8.130064941665593,-2.675961157255693,           6,-3.378114718364906,0.002436453239826116, 321.9145768821974,      0.4210723988001334,   1.825480134079681,     1.823733087193819,  1.82460661063675,  0.4182150642548478
0.08576657899999418,-8.135629029407662,-8.066005384761944,-8.133355428920638,-2.678036178613045,           6,-3.379349619852285,0.002435111415336537, 321.9405514518055,       0.421106374193353,   1.826245519865521,     1.824498313329942, 1.825371916597732,  0.4183904787687385
0.08590403400000923,-8.137272118679139,-8.070786090356659,-8.136669685400735,-2.680070005653771,           6,-3.380630112496336,0.002433751382316493, 321.9669564044409,      0.4211409125384445,   1.827000210351369,     1.825252910754914, 1.826126560553142,  0.4185634494619616
0.0875367419999975,-8.138885587230563, -8.07559952422821,-8.140006393862956,-2.682063275982465,           6, -3.38195535280404,0.002432373818184948, 321.9937897668269,      0.4211760112543126,   1.827744336891242,     1.825997003224055, 1.826870670057648,  0.4187340055711118
0.08591937499998892,-8.140470051093999,-8.080444826797747,-8.143364235486029,-2.684016659429659,           6,-3.383324399046936,0.002430979393811176, 322.0210493383701,      0.4212116674625251,   1.828478033799401,     1.826730714779005, 1.827604374289203,  0.4189021767048537
0.08696901700000126,-8.142026137702574,-8.085321120336417,-8.146741893904645,-2.685930855535117,           6,-3.384736290751396,0.002429568773808598, 322.0487327007679,      0.4212478779998813,   1.829201437965309,     1.827454169855671,  1.82832780391049,  0.4190679928121651
0.08690622599999642,-8.143554484184058,-8.090227506264487,-8.150138059631743,-2.687806590989388,           6,-3.386190104900786,0.002428142616775819, 322.0768372275224,      0.4212846394308556,   1.829914688476214,     1.828167493415957, 1.829041090946085,  0.4192314841541808
0.08668318700000555, -8.14505573572862, -8.09516306389143,-8.153551434209426, -2.68964461713123,           6,-3.387684795335014,0.002426701575533254, 322.1053600933409,      0.4213219480598936,    1.83061792622031,     1.828870811091696, 1.829744368656003,  0.4193926812752081
0.08860970099999577,-8.146532322562173,-8.100126819178429,-8.156980667217864,-2.691443769696969,           6, -3.38919760713619,0.00242524633354502, 322.1342982362908,      0.4213597998819104,   1.831311324564175,     1.829564280763748, 1.830437802663962,   0.419551622137586
0.08607039500000724,-8.147983592105772, -8.10511754196113,-8.160423679180983,-2.693206322417923,           6,-3.390743014539756,0.002423777545130601, 322.1636484524502,       0.421398190706095,   1.831995035206806,     1.830248038268699, 1.831121536737752,  0.4197083396940919
0.08577096700000197,-8.149409723091903, -8.11013420233421,-8.163879095529737,-2.694934017088114,           6,-3.392325659812933,0.002422295841644353, 322.1934073787522,      0.4214371161334709,   1.832669202896607,     1.830922212813338, 1.831795707854973,  0.4198628653411347
0.08407355500000335,-8.150811398472795,-8.115175818393102,-8.167345802923863,-2.696627572747315,           6,-3.393944437813786,0.002420801844571745, 322.2235714872496,      0.4214765715493943,   1.833333973577068,     1.831586935682864, 1.832460454629966,  0.4200152308502786
0.08455542400000127,-8.152189298111137,-8.120241373169307,-8.170822699365583,-2.698287722759686,           6, -3.39559822106889,0.002419296169364219, 322.2541370945416,      0.4215165521358837,   1.833989493610313,     1.832242339799364, 1.833115916704839,  0.4201654682286601
0.08405403800000499,-8.153544097604239,-8.125329816391774,-8.174308700731109,-2.699915289559453,           6,-3.397285817990858,0.002417779426711456, 322.2851003708783,      0.4215570528835294,   1.834635909018369,     1.832888559206605, 1.833762234112487,  0.4203136095729875
0.08698922600000003,-8.154876468394036,-8.130440065898442,-8.177802748883551,-2.701511122113502,           6,-3.399006058104089,0.002416252223007914, 322.3164573488591,      0.4215980686028714,   1.835273364921423,     1.833525728737531, 1.834399546829477,  0.4204596869670584
0.08584881800000232,-8.156187077243164,-8.135571007257798,-8.181303817318824, -2.70307608098606,           6,-3.400757874384028,0.002414715160562607,  322.348203931787,      0.4216395939353265,   1.835902005166281,     1.834153983894769, 1.835027994530525,  0.4206037324254837
0.08593617600000414,-8.157476585505245,-8.140721489901807, -8.18481091665155,-2.704611032951594,           6,-3.402540038107377,0.002413168837658766,  322.380335901734,      0.4216816233637382,   1.836521972063739,      1.83477346083491, 1.835647716449325,  0.4207457778617875
0.08587214300000312,-8.158745648432927,-8.145890326293376,-8.188323098262272,-2.706116848085473,           6,-3.404351772633917,0.002411613848577853, 322.4128489273334,      0.4217241512225695,   1.837133406188651,     1.835384296339866, 1.836258851264258,   0.420885855062213
0.0902549820000047,-8.159994914551897,-8.151076288891632,-8.191839457839292,-2.707594397698783,           6,-3.406191540671481,0.002410050783574037, 322.4457385713218,      0.4217671717077678,   1.837736446265834,     1.835986627734346,  1.83686153700009,   0.421023995663188
0.08385554599999523,-8.161225024880176,-8.156278110379072,-8.195359138188284,-2.709044552549456,           6,-3.408058143918117,0.00240848022883899, 322.4790002978426,       0.421810678886318,   1.838331229189474,     1.836580592780084, 1.837455910984779,  0.4211602311414271
0.08604614899999774,-8.162436612387397,-8.161494478547597,-8.198881331274515,-2.710468181278258,           6,-3.409950389202789,0.00240690276645388, 322.5126294795132,      0.4218546667054869,   1.838917890197634,      1.83716632961034, 1.838042109903987,  0.4212945928264246
0.08505529800000033,-8.163630301359921,-8.166724034374107,-8.202405280097656,-2.711866148960714,           6,-3.411867320207763,0.002405318974331019, 322.5466214042686,      0.4218991290017744,   1.839496563167238,     1.837743976745887, 1.838620269956563,  0.4214271119360934
0.07987342799999908,-8.164806706798274,-8.171965368276938,-8.205930279834819,-2.713239315744163,           5,-3.001270659276381,0.002403729480158018, 322.5809709428686,      0.4219440590660047,   1.840067187371501,     1.838313825502291, 1.839190506436896,  0.4215578148968701
0.07890164500000196, -8.16596628039073,-8.177205396806244,-8.209462448713042,-2.714586972921977,           5,-3.001621029931496,0.002402134681201931, 322.6156737873652,      0.4219894512632729,   1.840630440954893,     1.838876521982477, 1.839753481468685,  0.4216868534730328
0.08123906100000511,-8.167110029229123,-8.182458088512062,-8.212992587905635,-2.715912825359521,           5,-3.003097245926012,0.002400535191077819, 322.6507250425753,      0.4220352991905561,   1.841186666152033,     1.839432097543404, 1.840309381847719,  0.4218142704797352
0.07950053999999795,-8.168238351479342,-8.187720743312624,-8.216521667731813,-2.717216327164249,           5,-3.005324486076205,0.002398931601653834,  322.686119622611,      0.4220815961953843,   1.841735933188607,     1.839980370455526, 1.840858151822067,  0.4219400531381698
0.08430631400000266,-8.169351728934709,-8.192990735729696,-8.220049531776811,-2.718498528884314,           5,-3.007620265456536,0.002397324487155019, 322.7218524336295,      0.4221283356148823,   1.842278144049758,     1.840521121489092, 1.841399632769425,  0.4220641650907803
0.08148408300000654,-8.170450743200627, -8.19826588054997,-8.223575892409414,-2.719760238929183,           5,-3.009664420381046,0.002395714410065257, 322.7579183841464,        0.42217551078926,   1.842813209709492,     1.841054248639319, 1.841933729174405,  0.4221865844446426
0.08268118200000174,-8.171535981836938,-8.203544132954843,  -8.2271002612286, -2.72100222009227,           5,-3.011513724857779,0.002394101924252034, 322.7943123552178,      0.4222231150228095,    1.84334115025609,     1.841579825100936, 1.842460487678513,  0.4223073218903791
0.08114412800000537,-8.172607983874361,-8.208823404482343,-8.230622130628346,-2.722225217656693,           5, -3.01334138939234,0.002392487576603998, 322.8310291853335,      0.4222711415641451,   1.843862091685613,     1.842098062972622, 1.842980077329118,  0.4224264161750578
0.08083087400000011,-8.173667251717559,-8.214101545146297, -8.23414112060396,-2.723429973726219,           5,-3.015246478052037,0.002390871907953686, 322.8680636724554,      0.4223195836088695,   1.844376210887912,     1.842609238749376, 1.843492724818644,  0.4225439192584746
0.08427401200000872,-8.174714276841684,-8.219376374279486,-8.237656993999492,-2.724617236016226,           5,-3.017225365963951,0.002389255453571229, 322.9054105630761,      0.4223684342852622,   1.844883683063881,     1.843113632170357, 1.843998657617119,  0.4226598832786581
0.08234132500000158,-8.175749549029746,-8.224645699899092,-8.241169601536948,-2.725787755260666,           5,-3.019230828877718,0.002387638743389878, 322.9430645671234,      0.4224176866737753,   1.845384654448631,     1.843611496033624, 1.844498075241128,  0.4227743539664749
0.08168217600000105,-8.176773553557227,-8.229907325068231,-8.244678820154061,-2.726942276660714,           5,-3.021227025260009,0.002386022302107878, 322.9810204105406,      0.4224673338758093,   1.845879238004673,      1.84410304950456, 1.844991143754617,  0.4228873693851677
0.08049212100000602,-8.177786767160347,-8.235159050392092,-8.248184520731728,-2.728081532636185,           5,-3.023205228370212,0.002384406649216581, 323.0192728024083,       0.422517368970708,   1.846367521755836,     1.844588481670806, 1.845478001713321,  0.4229989612928675
0.08073087100000009,-8.178789656014603,  -8.2403986680596,-8.251686568549761,-2.729206239308482,           5,-3.025173696576973,0.002382792298990588, 323.0578164352098,      0.4225677850161055,   1.846849581394886,     1.845067956690318, 1.845958769042602,  0.4231091571774678
0.0805013989999992,-8.179782674977979,-8.245623943331474,-8.255184841934286, -2.73031709586532,           5,-3.027143109125771,0.002381179760439851, 323.0966459893773,      0.4226185750538726,   1.847325492350121,     1.845541617393246, 1.846433554871684,   0.423217982052298
0.08070330900000044,-8.180766266812201,-8.250832582784042,-8.258679252277997,-2.731414785254361,           5,-3.029119841941976,0.00237956953723568,  323.135756116225,      0.4226697320877933,   1.847795338843128,      1.84600958734373, 1.846902463093429,  0.4233254597304691
0.08457153500000913,-8.181740861200934,-8.256022212805179,-8.262169755000354, -2.73249997513772,           5,-3.031105299178768,0.00237796212759762, 323.1751414723104,      0.4227212491285099,   1.848259219034982,     1.846471972360699, 1.847365595697841,   0.423431613588941
0.08402820799999233,-8.182706873755436,-8.261190363597716,-8.265656350348882,-2.733573318680113,           5,-3.033097282537565,0.002376358024157206, 323.2147967217312,      0.4227731191965272,   1.848717246583883,      1.84692886332809, 1.847823054955987,  0.4235364670690963
0.08206467200000134,-8.183664705345098,-8.266334464252607,-8.269139078520146,-2.734635454898543,           5,-3.035093193204807,0.002374757713795339, 323.2547165369165,      0.4228253353232478,   1.849169549685694,     1.847380341012188, 1.848274945348941,   0.423640044118869
0.08162767000000315,-8.184614741675208,-8.271451846023769, -8.27261801362592,-2.735687008641175,           5,-3.037091755121983,0.002373161677449954, 323.2948956001713,      0.4228778905529927,   1.849616268772945,     1.847826481588629, 1.848721375180787,  0.4237423695624591
0.08051687900000104,-8.185557353391044,-8.276539744636853,-8.276093259869535,-2.736728590342003,           5,-3.039092086809139,0.002371570389946971, 323.3353286058463,      0.4229307779458382,   1.850057553612945,     1.848267363463765, 1.849162458538355,  0.4238434695495202
0.0816492219999958,-8.186492896778748,-8.281595309803716,-8.279564950066138,-2.737760795503701,           5,-3.041092422062769,0.002369984319798817,   323.37601026285,      0.4229839905809031,   1.850493560384711,     1.848703073569669,  1.84959831697719,  0.4239433719415979
0.08001684499998873,-8.187421715000132,-8.286615616980146,-8.283033245222096,-2.738784204267803,           5,-3.043091628831434,0.002368403928991213, 323.4169352970525,      0.4230375215594923,   1.850924448935814,     1.849133711802715, 1.850029080369265,  0.4240421065064323
0.08514936900000691, -8.18834413996453, -8.29159766752668,-8.286498335138415,-2.739799381224205,           5,-3.045087865932776,0.002366829672771321, 323.4580984534652,      0.4230913640079479,   1.851350380380145,     1.849559392825705, 1.850454886602925,  0.4241397048491831
0.08028150500000208,-8.189260494184079,-8.296538405992818,-8.289960437385927,-2.740806875473901,           5, -3.04707925270492,0.002365261999421318, 323.4994944981364,      0.4231455110801288,   1.851771514868529,     1.849980245128207, 1.850875879998368,  0.4242362000492441
0.08101976900000807, -8.19017109216321,-8.301434731643456,-8.293419795983807,-2.741807220941783,           5, -3.04906389914624,0.002363701350031073, 323.5411182197131,      0.4231999559594538,   1.852188009859655,     1.850396407834001, 1.851292208846828,  0.4243316260962039
0.08041011299999923,-8.191076241683923,-8.306283515237023,-8.296876678274824,-2.742800936797118,           5,-3.051040430409949,0.002362148158267597, 323.5829644307671,      0.4232546918606356,    1.85260001904113,     1.850808026141541, 1.851704022591336,  0.4244260172436525
0.08180400000000532,-8.191976244400607,-8.311081611551987,-8.300331372467284, -2.74378852788519,           5,-3.053006907048266,0.002360602850137062, 323.6250279689408,      0.4233097120311801,    1.85300769186563,     1.851215246369514, 1.852111469117572,  0.4245194073882224
0.08072866700000247, -8.19287139601591,-8.315825882931396,-8.303784184016257,-2.744770485109258,           5,-3.054962132440175,0.002359065843750757, 323.6673036979288,      0.4233650097526702,    1.85341117351945,     1.851618211570137, 1.852514692544793,  0.4246118295632497
0.0800308320000056,-8.193761985926942,-8.320513204759418,-8.307235433139734,-2.745747285764546,           5,-3.056904661292168,0.002357537549094168, 323.7097865084158,      0.4234205783419921,   1.853810605099694,     1.852017058385443, 1.852913831742568,  0.4247033155987989
0.08033442700001103,-8.194648296889069,-8.325140477814767,-8.310685452258566,-2.746719393829016,           5,-3.058833162265157,0.002356018367805892, 323.7524713189474,      0.4234764111524754,   1.854206123814342,     1.852411915349444, 1.853309019581893,  0.4247938959500114
0.0824832200000003,-8.195530604412157,-8.329704640546861,-8.314134583367744,-2.747687260209675,           5,-3.060747073492146,0.002354508692970918, 323.7953530767633,      0.4235325015749818,   1.854597863081707,     1.852802902603756, 1.853700382842731,  0.4248835996759128
0.08246898200000885,-8.196409176336255,-8.334202677397007,-8.317583176113384,-2.748651322963394,           5,-3.062645818892099,0.00235300890893179, 323.8384267586198,      0.4235888430389819,   1.854985952479516,     1.853190132777301, 1.854088042628409,  0.4249724545343962
0.08023251000000187,-8.197284272563698,-8.338631624196355,-8.321031586045205,-2.749612007504022,           5,-3.064529854533415,0.002351519391127288, 323.8816873716116,       0.423645429013629,    1.85537051755915,     1.853573712675767, 1.854472115117458,  0.4250604871545512
0.08180466100000672,-8.198156144844797,-8.342988588681836,-8.324480170555679,-2.750569726951607,           5,-3.066398070522539,0.002350040505958671, 323.9251299539693,      0.4237022530088037,    1.85575167959649,     1.853953745381077, 1.854852712488783,  0.4251477232487185
0.08089531899999258,-8.199025036620794,-8.347270746778849,-8.327929290393026,-2.751524882081589,           5,-3.068250108022408,0.002348572610682438, 323.9687495757049,      0.4237593085759572,   1.856129555372798,     1.854330332266863, 1.855229943819831,  0.4252341878183595
0.08117854399999658,-8.199891183189482,-8.351475354133484,-8.331379306423711,-2.752477861727904,           5,-3.070085842076837,0.002347116053336578, 324.0125413391933,      0.4238165893088718,   1.856504257084356,     1.854703574972734, 1.855603916028545,  0.4253199053699596
0.08185451699999646,-8.200754812000058,-8.355599756557229,-8.334830576590846, -2.75342904307656,           5,-3.071905818842656,0.002345671172712581, 324.0565003796482,      0.4238740888442845,   1.856875892438928,     1.855073577295221, 1.855974734867074,  0.4254049001427935
0.08245550600000229, -8.20161614276685,-8.359641393425868,-8.338283454657669,-2.754378791962391,           5,-3.073709456937077,0.002344238298352619, 324.1006218656533,      0.4239318008625806,   1.857244564980025,     1.855440446172617, 1.856342505576321,  0.4254891962589548
0.07983823100001075,-8.202475387849699,-8.363597820327863,-8.341738287585695,-2.755327463164067,           5,-3.075496164274578,0.002342817750583392, 324.1449009997141,       0.423989719088516,   1.857610374669567,      1.85580429212766, 1.856707333398613,  0.4255728178408631
0.08242975599999625,-8.203332752611754,-8.367466705710427,-8.345195413995283,-2.756275400733687,           5,-3.077265380034202,0.002341409840572605, 324.1893330188389,      0.4240478372919774,   1.857973418675366,       1.8561652292603, 1.857069323967833,  0.4256557891006862
0.08404805600000032,-8.204188435708145,-8.371245841829388, -8.34865516187703,-2.757222938313661,           5,-3.079016251117726,0.002340014870413882, 324.2339131951172,      0.4241061492887382,   1.858333792267451,     1.856523374869423, 1.857428583568437,  0.4257381343997083
0.08164786899999399,-8.205042629389288,-8.374933155824392, -8.35211784644415, -2.75817039945803,           5,-3.080748650461379,0.002338633133229916, 324.2786368362604,      0.4241646489411666,   1.858691589701181,     1.856878848777718,  1.85778521923945,  0.4258198782721675
0.0810009220000012,-8.205895519827262,-8.378526711254224,-8.355583768330355,-2.759118097978039,           5,-3.082462130446805,0.00233726491329554, 324.3234992860545,       0.424223330158817,   1.859046905040991,     1.857231772472581, 1.858139338756786,  0.4259010454212031
0.08003323699999498,-8.206747287411899,-8.382024736769981,-8.359053210222589,-2.760066338257045,           5,-3.084157177836888,0.002335910486173065, 324.3684959245634,      0.4242821868986963,   1.859399832875058,     1.857582268139678, 1.858491050507368,   0.425981660690002
0.08320579300000475,-8.207598106971576, -8.38542561075667,-8.362526436742723,-2.761015415582101,           5,-3.085832844175522,0.002334570118849247, 324.4136221682717,      0.4243412131654504,   1.859750468842589,     1.857930457579033, 1.858840463210811,  0.4260617489980076
0.08306081300000301,-8.208448147989733, -8.38872787562214,-8.366003691797044,-2.761965616460997,           5,-3.087488953082332,0.00233324406987765, 324.4588734695751,      0.4244004030106981,   1.860098909927375,      1.85827646142479, 1.859187685676083,  0.4261413352851436
0.07957054399999208,  -8.2092975747222,-8.391930246222113,-8.369485197048212,-2.762917218884957,           5,-3.089123952473933,0.002331932589530545, 324.5042453165872,      0.4244597505327781,   1.860445254518064,     1.858620398971406, 1.859532826744735,   0.426220444498802
0.0833502809999942,-8.210146546405911,-8.395031619176059,-8.372971150961503,-2.763870492465773,           5, -3.09073787137487,0.00233063591994506, 324.5497332331732,       0.424519249876793,   1.860789602254999,     1.858962387494777, 1.859875994874888,  0.4262991014984892
0.08041496199999187,-8.210995217454972,-8.398031077169325,-8.376461726469396,-2.764825698931377,           5, -3.09233009158045,0.002329354295266067, 324.5953327793393,      0.4245788952351185,    1.86113205350924,     1.859302541765396, 1.860217297637318,  0.4263773309403251
0.08090119999999956,-8.211843737704058,-8.400927887294749,-8.379957067912917,-2.765783092571613,           5,-3.093899896281479,0.002328087941782755,  324.641039551769,      0.4246386808481056,   1.861472709284553,     1.859640973761421, 1.860556841522987,  0.4264551572329267
0.0809976660000018,-8.212692252348255,-8.403721506882594,-8.383457290057514,-2.766742920214907,           5,-3.095446605535866,0.002326837078055447, 324.6868491843929,      0.4246986010048251,   1.861811671358145,     1.859977792581057, 1.860894731969601,  0.4265326045434966
0.08177283000000557,-8.213540902085677,-8.406411584362704,-8.386962477208993,-2.767705421440987,           5,-3.096970050053361,0.002325601915039869,  324.732757348869,      0.4247586500436966,   1.862149041764949,      1.86031310449469,  1.86123107312982,  0.4266096967446935
0.08142321599999036,-8.214389823258308,-8.408997973518462,-8.390472680039997,-2.768670828860733,           5,-3.098469730924062,0.002324382656202368, 324.7787597549686,      0.4248188223529921,   1.862484922364737,     1.860647013078244,  1.86156596772149,  0.4266864573803054
0.08157252399999493,-8.215239148043915,-8.411480715406231,-8.393987915381526,-2.769639368317829,           5,-3.099945657788667,0.002323179497627639, 324.8248521507554,       0.424879112371072,   1.862819414567372,     1.860979619390237, 1.861899516978804,  0.4267629096540539
0.08217879299999709,-8.216089004463974,-8.413860044057358,-8.397508163468613,-2.770611259084821,           5,-3.101396915259832,0.0023219926281276, 324.8710303226696,      0.4249395145864934,   1.863152619132309,     1.861311022151131,  1.86223182064172,  0.4268390764271699
0.08012591500001065,-8.216939516554339,-8.416136383791972,-8.401033366054591,-2.771586714018319,           5,-3.102823937945916,0.002320822229347754, 324.9172900954367,      0.4250000235378918,    1.86348463646075,     1.861641317588573, 1.862562977024662,  0.4269149802341402
0.0790947870000025,-8.217790804443355,-8.418310362111583,-8.404563422718699,-2.772565939683972,           5,-3.104225686985066,0.002319668475869157, 324.9636273319733,      0.4250606338138576,   1.863815566142012,     1.861970600049167, 1.862893083095589,  0.4269906433008303
0.08141370699999584,-8.218642984513625, -8.42038278486099,-8.408098190339066,-2.773549136461999,           5,-3.105601760390047,0.002318531535307533, 325.0100379331948,      0.4251213400526845,    1.86414550795774,     1.862298962296652, 1.863222235127196,  0.4270660876937453
0.08010145800000146,-8.219496169423127,-8.422354639032104,-8.411637480329212,-2.774536498626742,           5,-3.106952446252449,0.002317411568410381, 325.0565178377888,      0.4251821369420735,   1.864474561335491,     1.862626495497017, 1.863550528416254,  0.4271413352557004
0.08075110999999424,-8.220350468244737,-8.424227091542763,-8.415181056521362,-2.775528214505368,           5,-3.108277928566356,0.002316308729148877, 325.1030630219843,      0.4252430192188303,   1.864802825222948,     1.862953288988114, 1.863878057105531,  0.4272164075650042
0.08112565199999722,-8.221205986557518,-8.426001490471483,-8.418728632635656,-2.776524466632255,           5, -3.10957725567196,0.002315223164809278, 325.1496694993542,      0.4253039816686075,   1.865130398025132,     1.863279430039025, 1.864204914032079,  0.4272913259006834
0.08143456800000592,-8.222062826521828,-8.427679346850807,-8.422279871378974,-2.777525431781489,           5,-3.110850259751667,0.002314155016081197, 325.1963333205697,      0.4253650191255836,   1.865457377567472,     1.863605004758734, 1.864531191163103,  0.4273661113423894
0.08123709800000256,-8.222921086921268,-8.429262329045232,-8.425834382685151,-2.778531280960569,           5,-3.112096206240556,0.002313104417141731, 325.2430505732013,      0.4254261264722016,   1.865783861009153,     1.863930098889606, 1.864856979949379,  0.4274407848514033
0.08060470800000985,-8.223780863194655,-8.430752264428767,-8.429391721552117, -2.77954217945894,           5,-3.113314784173069,0.002312071495736593, 325.2898173815063,      0.4254872986388923,    1.86610994468973,     1.864254797198648, 1.865182370944189,  0.4275153671832927
0.08208086400000525,-8.224642247542201,-8.432151125024847,-8.432951387804353,-2.780558286982863,           5,-3.114506015970963,0.002311056373258224, 325.3366299062279,      0.4255485306038108,   1.866435723936209,     1.864579183513025, 1.865507453724617,  0.4275898788698734
0.07945067400000028,-8.225505328996626,-8.433461016929551,-8.436512825502668,-2.781579757738335,           5,-3.115670092626684,0.002310059164817798, 325.3834843443982,      0.4256098173925791,   1.866761292865571,     1.864903340906061, 1.865832316885816,  0.4276643402178938
0.08162387299999807,-8.226370193416813,-8.434684171031469,-8.440075422436362, -2.78260674042248,           5,-3.116806571987423,0.002309079979314337, 325.4303769291932,      0.4256711540780962,   1.867086744184771,     1.865227351896217, 1.866157048040494,  0.4277387713089178
0.08164714800000183,-8.227236923573553,-8.435822945668219,-8.443638508967732,-2.783639378263385,           5,-3.117914651501497,0.002308118919499718, 325.4773039297892,      0.4257325357803503,   1.867412168989752,     1.865551298552703, 1.866481733771228,  0.4278131919883946
0.08143088100000284, -8.22810559915898,-8.436879800533564,-8.447201359821113,-2.784677809053666,           5,-3.118994041477555,0.002307176082037708, 325.5242616512088,      0.4257939576662177,   1.867737656675596,     1.865875262555774, 1.866806459615685,  0.4278876218622716
0.0818144500000102,-8.228976296811933,-8.437857289316668, -8.45076319418156,-2.785722165178263,           5,-3.120044800348129,0.00230625155755815, 325.5712464341797,      0.4258554149492779,   1.868063294922127,     1.866199325147592,  1.86713131003486,  0.4279620802897137
0.08154996000000381,-8.229849090104004,-8.438758054253263,-8.454323175990007,-2.786772573643121,           5,-3.121066057808248,0.002305345430708907,   325.61825465505,      0.4259169028897027,   1.868389169695482,     1.866523567180076, 1.867456368437779,  0.4280365863887659
0.08089691099999641,-8.230724049564028, -8.43958481541582,-8.457880415113777, -2.78782915607701,           5,-3.122058018530667,0.002304457780202719, 325.6652827256503,      0.4259784167940758,    1.86871536521858,     1.866848069534924, 1.867781717376752,  0.4281111590811065
0.08281478700000378,-8.231601242663565,-8.440340352116401,-8.461433969861762,-2.788892028724573,           5,-3.123019925358731,0.002303588678861073, 325.7123270932281,       0.426039952015307,   1.869041963787159,     1.867172913115776, 1.868107438451467,  0.4281858170700655
0.08013444200000208,-8.232480733834374,-8.441027493701892,-8.464982847666322,-2.789961302492187,           5,-3.123951955738439,0.002302738193657209, 325.7593842403488,      0.4261015039525032,   1.869369045742198,     1.867498178686414, 1.868433612214306,  0.4282605788189206
0.07851698400000373, -8.23336258446861,-8.441649117305474,-8.468526006523174,-2.791037082965144,           5,-3.124854229698312,0.002301906385756324, 325.8064506848239,      0.4261630680508738,   1.869696689653833,     1.867823946725561, 1.868760318189697,  0.4283354625553349
0.08133750100000725,-8.234246852832992,-8.442208127949929,-8.472062358213465,-2.792119470371528,           5,-3.125725327353461,0.002301093310556087, 325.8535229797172,      0.4262246398017393,   1.870024972585945,     1.868150297477819, 1.869087635031882,  0.4284104863075168
0.08162344199999438,-8.235133594108023,-8.442707450569584, -8.47559076964526,-2.793208559549939,           5,-3.126565572037716,0.002300299017728746, 325.9005977132616,       0.426286214742422,   1.870353970236094,      1.86847731098188, 1.869415640608987,   0.428485667923491
0.08301843099999928,-8.236022860314078,-8.443150019894594,-8.479110064746434,-2.794304439977911,           5,-3.127374508254478,0.002299523551262938, 325.9476715088267,      0.4263477884562041,   1.870683756952749,     1.868805067014233, 1.869744411983491,   0.428561025066621
0.08227771300001052,-8.236914700314092,-8.443538775818295,-8.482619027652293,-2.795407195717923,           5,-3.128152169987745,0.002298766949508678,  325.994741024878,      0.4264093565722741,   1.871014405910732,     1.869133644955415, 1.870074025433073,  0.4286365752203871
0.07956967299999462,-8.237809159750086,-8.443876649777103,-8.486116407576031,-2.796516905215468,           5,-3.128897625764274,0.002298029245225416, 326.0418029550308,      0.4264709147657971,   1.871345989211131,     1.869463123645064, 1.870404556428098,  0.4287123356832268
0.08168921899999759,-8.238706281084614,-8.444166552969646,-8.489600918648321,-2.797633641683297,           5,-3.129610618555252,0.002297310465634392, 326.0888540280092,      0.4265324587578617,   1.871678577693876,     1.869793581260736, 1.870736079477306,  0.4287883235331658
0.07967936400000042,-8.239606103595865,-8.444411378210505,-8.493071240498024,-2.798757472984752,           5,-3.130290852285762,0.002296610632473805, 326.1358910076755,      0.4265939843155181,   1.872012241151906,     1.870125095218468, 1.871068668185187,  0.4288645556409669
0.08155658299999402,-8.240508663246047, -8.44461398695308,-8.496526024475601,-2.799888461502569,           5,-3.130939227660889,0.002295929762058912, 326.1829106930076,      0.4266554872517485,   1.872347048538402,     1.870457742081658,  1.87140239531003,  0.4289410486834376
0.08277774699999441,-8.241413992636161, -8.44477720225264,-8.499963896335935,-2.801026664131276,           5, -3.13155501491934,0.002295267865348361,  326.229909918201,      0.4267169634256006,    1.87268306803981,     1.870791597470122, 1.871737332754966,  0.4290178191413757
0.08095178700000361,-8.242322121177722, -8.44490380446568, -8.50338345774615, -2.80217213234758,           5,-3.132137741750265,0.002294624948013752, 326.2768855526904,      0.4267784087422159,   1.873020367070223,     1.871126735970617,  1.87207355152042,  0.4290948832886709
0.0820084940000072,-8.243233074707936,-8.444996527165653,-8.506783290796999,-2.803324912075079,           5,-3.132686681434946,0.002294001010514317, 326.3238345011597,      0.4268398191528428,   1.873359012271347,     1.871463231049968, 1.872411121660658,  0.4291722571823459
0.08282311499999651,-8.244146875683473,-8.445058051319011,-8.510161961589347, -2.80448504369933,           5,-3.133201707772495,0.002293396048177381, 326.3707537036125,      0.4269011906549287,   1.873699069511724,     1.871801154971126, 1.872750112241425,   0.429249956652846
0.08161930400000017, -8.24506354304982,-8.445091002372756, -8.51351802965155,-2.805652561845218,           5,-3.133682564825541,0.002292810051282994, 326.4176401354314,      0.4269625192921975,    1.87404060397078,     1.872140578715456, 1.873090591343118,  0.4293279973047662
0.08139759699999161,-8.245983092614976,-8.445097944047692,-8.516850035879919,-2.806827495971054,           5, -3.13412900300426,0.002292243005152128, 326.4644908074184,      0.4270238011547029,   1.874383679781766,     1.872481571913008, 1.873432625847387,  0.4294063944679389
0.08041378000000066,-8.246905536821716,-8.445081377744931,-8.520156513698709,-2.808009870122431,           5,-3.134540784905981,0.002291694890239899, 326.5113027658625,      0.4270850323789162,   1.874728361069051,     1.872824202782722, 1.873776281925887,  0.4294851633094598
0.08210577200000557,-8.247830884568579,-8.445043736094425,-8.523435994252928,-2.809199702727003,           5,-3.134917726797396,0.002291165682232257, 326.5580730926143,      0.4271462091478241,    1.87507471168305,      1.87316853808308, 1.874121624883065,  0.4295643187976535
0.08426531499999612,-8.248759141298992,-8.444987382968339,-8.526687009438936, -2.81039700669076,           5,-3.135260137933483,0.002290655352145453, 326.6047989051274,      0.4272073276909835,    1.87542279499541,     1.873514643074075, 1.874468719034743,  0.4296438756742427
0.08326230100000487,-8.249690309031344,-8.444914612497067,-8.529908094786528,-2.811601789448792,           5,-3.135567372175757,0.002290163866428056, 326.6514773565718,      0.4272683842846685,   1.875772673730639,     1.873862581492482, 1.874817627611561,  0.4297238484322183
 0.081743012000004,-8.250624386443356,-8.444827649779818,-8.533097792575559,  -2.8128140529781,           5,-3.135839285556608,0.002289691187066305, 326.6981056358816,      0.4273293752519339,    1.87612440984457,     1.874212415541795, 1.875168412693182,  0.4298042513007571
0.08095732799999666, -8.25156136878833,-8.444728647975397, -8.53625465530553,-2.814033793814211,           5,-3.136075668343816,0.002289237271690696, 326.7446809678269,       0.427390296962709,    1.87647806444078,     1.874564205897521, 1.875521135169151,  0.4298850982362507
0.08053360099999907,-8.252501247922099,-8.444619687751834,-8.539377249895015,-2.815261003043913,           5,-3.136276444804256,0.002288802073682994, 326.7912006130859,      0.4274511458338918,   1.876833697829895,     1.874918011726611, 1.875875854778253,  0.4299664029313275
0.08095473200000924,-8.253444012348263,-8.444502776939492, -8.54246416157271,-2.816495666308862,           5,-3.136441375182551,0.002288385542285643, 326.8376618683185,      0.4275119183294448,   1.877191369582801,     1.875273890718312, 1.876232630150557,  0.4300481788244886
0.08422028799999737,-8.254389647195906,-8.444379850785904,-8.545513997931598,-2.817737763837972,           5,-3.136570269589574,0.002287987622710964, 326.8840620662402,      0.4275726109604928,   1.877551138508839,     1.875631899123495, 1.876591518816167,  0.4301304391021143
0.0811963490000096,-8.255338134259162,-8.444252772108346,-8.548525392589216,-2.818987270473522,           5,-3.136663076175161,0.002287608256250612, 326.9303985756915,      0.4276332202854127,   1.877913062567755,     1.875992091789153, 1.876952577178454,  0.4302131966923277
0.08275797900000725,-8.256289452047733,-8.444123331747953,-8.551497009655552,-2.820244155701645,           5,-3.136719709512708,0.002287247380384434, 326.9766688017109,      0.4276937429099291,   1.878277198760399,     1.876354522011377, 1.877315860385888,  0.4302964642356183
0.0800608100000062,-8.257243575836245,-8.443993249189949,-8.554427547431958,-2.821508383703995,           5,-3.136740113455437,0.002286904928889461, 327.0228701856011,      0.4277541754872014,   1.878643603033352,     1.876719241376272, 1.877681422204812,   0.430380254055681
0.08105350400001043,-8.258200477698082,-8.443864173519113,-8.557315742833927,-2.822779913372628,           5,-3.136724196043566,0.002286580831948163, 327.0690002050119,       0.427814514717932,   1.879012330206966,     1.877086300825813, 1.878049315516389,  0.4304645782733196
0.07903195599999435, -8.25916012696865,-8.443737687357777, -8.56016037613233,-2.824058698062976,           5,-3.136671791993645,0.002286275016251886, 327.1150563739419,      0.4278747573503679,   1.879383433902262,      1.87745574984094, 1.878419591871601,  0.4305494487044494
0.08383787100000006,-8.260122489279595,-8.443615303816378,-8.562960276126978,-2.825344686187521,           5,-3.136582821173665,0.002285987405109148, 327.1610362428571,      0.4279349001804571,   1.879756966445983,     1.877827636932559, 1.878792301689271,  0.4306348769054855
0.08268549000000291,-8.261087527012167,-8.443498467789192, -8.56571432177363,-2.826637821161612,           5, -3.13645730557975,0.002285717918551946, 327.2069373987532,      0.4279949400519288,   1.880132978656789,     1.878202009729373, 1.879167494193081,  0.4307208741589066
0.08007255200000429,-8.262055199619791,-8.443388557654339,-8.568421445633467,-2.827938041181252,           5,-3.136295989876662,0.002285466473438423, 327.2527574651835,      0.4280548738563308,   1.880511519529612,     1.878578914932486, 1.879545217231049,  0.4308074514318779
0.08159082899999248,-8.263025463791168,-8.443286886994008,-8.571080638359437,-2.829245279182235,           5,-3.136098145072216,0.002285232983551536, 327.2984941023462,       0.428114698533143,   1.880892637686265,     1.878958398185136, 1.879925517935701,  0.4308946195275677
0.08093810100000098,-8.263998273238361,-8.443194710245278,  -8.5736909528471,-2.830559462784318,           5, -3.13586395735037,0.002285017359696478, 327.3441450071057,      0.4281744110698062,   1.881276380426252,     1.879340504052354, 1.880308442239303,  0.4309823889740347
0.08149897199999145,-8.264973578811743,-8.443113219177551,-8.576251508578499,-2.831880514736405,           5,-3.135593831320152,0.002284819509797713, 327.3897079130226,      0.4282340085017602,   1.881662793639912,     1.879725276113836, 1.880694034876874,  0.4310707700249187
0.08003650199999868,-8.265951328512791,-8.443043545079149, -8.57876149577414,-2.833208352922235,           5,-3.135287282553209,0.002284639338992886, 327.4351805904651,      0.4282934879125903,   1.882051921765276,     1.880112757047643,  1.88108233940646,  0.4311597726640873
0.08071462899999915,-8.266931467559667,-8.442986761976243,-8.581220178510984,-2.834542890283172,           5,-3.134944448730641,0.002284476749724461, 327.4805608466381,      0.4283528464340651,   1.882443807738243,     1.880502988730736,  1.88147339823449,  0.4312494066114482
0.0816916429999992, -8.26791393848386,-8.442943887332092,-8.583626897538156,-2.835884034835885,           5,-3.134565798924208,0.002284331641829254, 327.5258465256112,      0.4284120812461732,   1.882838492805833,     1.880896012274081, 1.881867252539957,  0.4313396813055702
0.08180677599999342,-8.268898681251173,-8.442915884018239,-8.585981073065504,-2.837231689793028,           5,-3.134151092065856,0.002284203912624962, 327.5710355083548,      0.4284711895771705,   1.883236016683108,     1.881291867984542, 1.882263942333825,  0.4314306059172999
0.0806185450000072,-8.269885633296996,-8.442903661791247,-8.588282207535677,-2.838585753653208,           5,-3.133700272990908,0.0022840934569947, 327.6161257127917,      0.4285301687036472,   1.883636417878268,     1.881690595090459, 1.882663506484364,  0.4315221893555694
0.07966985600000953,-8.270874729612519,-8.442908078462844,-8.590529887660528,-2.839946120295854,           5,-3.133213547270095,0.00228400016746868,    327.6611150938,      0.4285890159505324,   1.884039733231775,     1.882092231778025,   1.8830659825049,  0.4316144402187463
0.08178251799999714,-8.271865902871179,-8.442929943287986,-8.592723786101006,-2.841312679118711,           5,-3.132691138329617,0.00228392393430367, 327.7060016432701,      0.4286477286911677,   1.884445998596434,     1.882496815258998, 1.883471406927716,  0.4317073668803347
0.08177107699999908,-8.272859083416007,-8.442970015780181,-8.594863663131068, -2.84268531495123,           5,-3.132133145055318,0.002283864645560534, 327.7507833901252,      0.4287063043473351,   1.884855248706937,     1.882904381915198, 1.883879815311067,  0.4318009774905834
0.08565711800000031, -8.27385419935872,-8.443029007914989,-8.596949368023383,-2.844063908166405,           5,-3.131539789849758,0.002283822187179006, 327.7954584003426,      0.4287647403892841,   1.885267517070085,     1.883314967243134,  1.88429124215661,  0.4318952799575598
0.08018815500000187,-8.274851176734602,-8.443107586730498,-8.598980839216969,-2.845448334869097,           5,-3.130911162907059,0.002283796443049821, 327.8400247769676,      0.4288230343357498,   1.885682835833008,     1.883728605821559, 1.884705720827283,  0.4319902819283286
0.0817280229999966,-8.275849939601057,-8.443206376429195,-8.600958104074488, -2.84683846699963,           5,-3.130247480926648,0.002283787295085394, 327.8844806601355,      0.4288811837539824,   1.886101235781749,      1.88414533128084, 1.885123283531294,   0.432085990785279
0.08010507499999164,-8.276850410085103, -8.44332595886083,-8.602881279434252,-2.848234172385792,           5,-3.129549007805417,0.002283794623288273, 327.9288242270915,      0.4289391862597725,   1.886522746376253,     1.884565176255636, 1.885543961315944,  0.4321824136447121
0.08188226100000406,-8.277852508483045,-8.443466875390447, -8.60475057099957,-2.849635314835636,           5,-3.128816022135448,0.002283818305818132, 327.9730536921868,      0.4289970395174463,   1.886947395862226,     1.884988172235497, 1.885967784048861,  0.4322795573525372
0.08252025100000537,-8.278856153355827, -8.44362962759841,-8.606566272648587,-2.851041754253619,           5,-3.128048818480082,0.00228385821905614, 328.0171673068912,      0.4290547412398822,   1.887375211456378,     1.885414349306072, 1.886394780381225,  0.4323774284758441
0.08133952500000419,-8.279861261626394,-8.443814679774109,-8.608328764277625,-2.852453346750789,           5,-3.127247777842002,0.002283914237668422, 328.0611633597935,       0.429112289188511,   1.887806219470387,     1.885843736219233,  1.88682497784481,  0.4324760333251451
0.08307132299999864,-8.280867748641729,-8.444022458881735,  -8.6100385106384,-2.853869944725945,           5,-3.126413130518239,0.002283986234667925, 328.1050401765957,      0.4291696811733089,   1.888240445334623,     1.886276360909407, 1.887258403122015,  0.4325753780162688
0.08283670999999515,-8.281875528214178,-8.444253355568023,-8.611696058783437,-2.855291396905122,           5,-3.125545166776851,0.002284074081475051, 328.1487961201071,      0.4292269150527889,   1.888677913553881,     1.886712250245782, 1.887695081899832,  0.4326754684368881
0.08098110299999917,-8.282884512809909,-8.444507726793683,-8.613302036110888,-2.856717548577694,           5,-3.124644351743995,0.0022841776479765, 328.1924295902289,      0.4292839887339813,   1.889118647660398,     1.887151429907733, 1.888135038784065,  0.4327763102268589
       0.083113204,-8.283910776206588,-8.444785124423795,-8.614857028025263,-2.858120727734281,           5,-3.123512616399482,0.002284296667211453, 328.2359386024236,      0.4293408996210609,    1.88956284010207,     1.887594097295866, 1.888578468698968,  0.4328779480644467
 0.083892414999994,-8.284953087955712,-8.445082079856387,-8.616355781398354,-2.859501698783985,           5,-3.122162471746922,0.002284430852521638, 328.2793213007901,      0.4293976452864623,   1.890010684948818,      1.88804045068476, 1.889025567816789,  0.4329804269139683
0.08176047499999584,-8.285995388313218,-8.445396262505442,-8.617794191804887, -2.86089235277548,           5,-3.120782136607657,0.002284580041451457, 328.3225763068523,      0.4294542239271041,   1.890462222462572,     1.888490530680329, 1.889476376571451,  0.4330837560432165
0.08108780899999601,-8.287037752041906,-8.445728274087108, -8.61917390471544,-2.862294913328526,           5,-3.119367674602058,0.002284744101762558,  328.365702230389,      0.4295106337245414,   1.890917497941107,     1.888944382575088, 1.889930940258097,  0.4331879458342162
0.07903187599998773,-8.288080265537326,-8.446078776624818,-8.620496407786643, -2.86370561544563,           5,-3.117920641320941,0.002284922915459843, 328.4086976921472,      0.4295668728746768,   1.891376559151375,     1.889402053947756, 1.890389306549566,  0.4332930072139794
0.07988829699999656,-8.289122976999881,-8.446448351044033,-8.621763149184638,-2.865123259293723,           5,-3.116440786985772,0.002285116371914684,  328.451561336186,      0.4296229396039052,   1.891839453553703,     1.889863591415551, 1.890851522484627,  0.4333989509641853
0.08068595500000697,-8.290165912978273,-8.446837509044364,-8.622975577579746,-2.866547252305994,           5,-3.114928771262887,0.002285324364260358, 328.4942918362544,      0.4296788321774569,   1.892306226429114,     1.890329038390318, 1.891317632409716,  0.4335057872494067
0.08197343700000204,-8.291209084057655,-8.447246706688583,-8.624135159282641,-2.867977196347229,           5,-3.113386181722439,0.00228554678734637, 328.5368878991001,       0.429734548903725,   1.892776919834997,     1.890798434160822,  1.89178767699791,  0.4336135253922525
0.08297893499999986,-8.292252487592433,-8.447676356254716,-8.625243383724081,-2.869412772283293,           5,-3.111814559696553,0.00228578353651615, 328.5793482662396,      0.4297900881365815,    1.89325157171051,     1.891271814484434, 1.892261693097472,  0.4337221738386522
0.08316860099999701,-8.293296109818746,-8.448126830708759, -8.62630176758786,-2.870853699907152,           5,-3.110215046747133,0.002286034506848678, 328.6216717149209,      0.4298454482766358,   1.893730214744738,     1.891749211084539, 1.892739712914639,  0.4338317399705439
0.07945910000000822,-8.294339927988876, -8.44859847246753,-8.627311857022223,-2.872299721273525,           5,-3.108588265959587,0.002286299592675923, 328.6638570586222,      0.4299006277718875,   1.894212875272735,     1.892230650857276, 1.893221763065005,  0.4339422298884442
0.08064611800000421,-8.295383911988456,-8.449091599744609,-8.628275227988119,-2.873750592621442,           5,-3.106934466486589,0.002286578687271974, 328.7059031472542,      0.4299556251179907,   1.894699573137235,      1.89271615493112, 1.893707864034178,  0.4340536482878249
0.08124330900000132,-8.296428025370931,-8.449606505371245,-8.629193485753168,-2.875206079863415,           5,-3.105254223337169,0.002286871682652724, 328.7478088671446,      0.4300104388582338,   1.895190322914229,     1.893205738218558, 1.894198030566394,  0.4341659985481887
0.07916927099999782,-8.297472225968047,-8.450143454792924,-8.630068263240405,-2.876665955576406,           5,  -3.1035483047619,0.002287178469449501, 328.7895731408976,       0.430065067583356,   1.895685136370854,     1.893699409977353, 1.894692273174103,  0.4342792830790764
0.08021418500000266,-8.298516466287023,-8.450702678695921,-8.630901218805644,-2.878129996705712,           5,-3.101817614744621,0.002287498936831373, 328.8311949272055,      0.4301195099313004,   1.896184025458176,     1.894197175481063,  1.89519060046962,  0.4343935038545024
0.08043045200000165,-8.299560693845262,-8.451284365674727,-8.631694033468987, -2.87959798281187,           5, -3.10006301172286,0.002287832972460552, 328.8726732206226,      0.4301737645869187,   1.896687004929155,     1.894699038554803, 1.895693021741979,  0.4345086630035913
0.08024995399999568,-8.300604851544913,-8.451888659601172,-8.632448406923555, -2.88106969492226,           5,-3.098285157676484,0.002288180462469082, 328.9140070513677,      0.4302278302817127,   1.897194093847162,     1.895205004419163, 1.896199549133162,  0.4346247633093863
0.08151187599999332,-8.301648878147793,  -8.4525156579464,-8.633166053980272,-2.882544914944118,           5,-3.096484473046266,0.002288541291450971, 328.9551954851548,      0.4302817057936126,   1.897705315694073,     1.895715082030076, 1.896710198862074,  0.4347418084893959
0.07873637699999847,-8.302692708867161,-8.453165417074016,-8.633848699799438,-2.884023425532241,           5,-3.094661118236632,0.002288915342464474, 328.9962376230362,      0.4303353899467721,   1.898220697123909,     1.896229285343082, 1.897224991233496,  0.4348598031976452
0.07932360799999572,-8.303736276038435,-8.453837960880056,-8.634498075351361,-2.885505010234447,           5,-3.092815163821363,0.002289302497040831, 329.0371326012644,      0.4303888816113876,   1.898740265926672,      1.89674763340064, 1.897743949663656,  0.4349787528013296
0.0813864940000002,-8.304779509726758,-8.454533287217668,-8.635115914355179,-2.886989453669401,           5,-3.090946498222133,0.002289702635197241, 329.0778795911544,      0.4304421797035183,   1.899264048889841,     1.897270149466338, 1.898267099178089,  0.4350986630365102
0.08063246099999333,-8.305822338145818,-8.455251376708908,-8.635703949191933,-2.888476541552148,           5,-3.089055298775358,0.002290115635452784, 329.1184777989487,      0.4304952831849092,   1.899792070693846,     1.897796859356765, 1.898794465025305,  0.4352195396903563
0.08613645200000519,-8.306864687868904,-8.455992194057877,-8.636263907301261, -2.88996606053328,           5,-3.087141761897709,0.002290541374846609, 329.1589264656631,      0.4305481910627899,   1.900324352307977,     1.898327789713135, 1.899326071010556,  0.4353413882192303
0.08083230599999069,-8.307906484057559,-8.456755692147004,-8.636797508050163,-2.891457798117631,           5,-3.085206478072857,0.00229097972895728, 329.1992248669575,      0.4306009023897051,    1.90086091008187,     1.898862966401615, 1.899861938241742,  0.4354642134612393
0.08076739199999849,-8.308947650614371,-8.457541814568685, -8.63730645943221,-2.892951542519633,           5, -3.08325023172426,0.002291430571924452, 329.2393723129804,      0.4306534162633119,    1.90140175578212,      1.89940241314945, 1.900402084465785,  0.4355880194841256
0.08083487100000752, -8.30998811018577,-8.458350489382282,-8.637792455747995,-2.894447082344424,           5,-3.081273928958488,0.002291893776472544, 329.2793681481965,      0.4307057318261533,   1.901946897195807,     1.899946150477368, 1.900946523836587,   0.435712809532082
0.08126376900000309, -8.31102778418869,-8.459181629320165, -8.63825717477342,-2.895944206329816,           5,-3.079278538012703,0.002292369213937488, 329.3192117511998,      0.4307578482654148,   1.902496338522013,     1.900494194971393, 1.901495266746704,  0.4358385859871687
0.08174223999999697,-8.312066592996706,-8.460035131912116,-8.638702274959192,-2.897442703321229,           5,-3.077265172399544,0.002292856754296089, 329.3589025345335,      0.4308097648126877,   1.903050080724542,     1.901046558908891, 1.902048319816716,  0.4359653503668786
0.08075755299999798,-8.313104456134717,-8.460910876595946,-8.639129393969869,-2.898942362284549,           5,-3.075234961499458,0.002293356266199845, 329.3984399444844,      0.4308614807437016,   1.903608121835292,     1.901603250196551, 1.902605686015922,  0.4360931033517988
0.08036042700000223,-8.314141292449756,-8.461808727279069,-8.639540145848867,-2.900442972302278,           5,-3.073188962740085,0.002293867617013209, 329.4378234608565,      0.4309129953780266,   1.904170457240884,       1.9021642725182, 1.903167364879542,  0.4362218448353987
0.08125393899999267,-8.315177020298034,-8.462728531222382,-8.639936119218218, -2.90194432261239,           5,-3.071128240660283,0.002294390672856784, 329.4770525967297,      0.4309643080787591,      1.904737079937,     1.902729625625088, 1.903733352781044,  0.4363515739864465
0.08022123800000713,-8.316211557729741,-8.463670116673294,-8.640318876370442,-2.903446202664588,           5,-3.069053863870495,0.002294925298655727, 329.5161268982084,      0.4310154182521921,   1.905307980730553,     1.903299305761671, 1.904303643246112,   0.436482289320975
0.08153766700000631,-8.317244822674349, -8.46463329722971,-8.640689950668166,-2.904948402183099,           5,-3.066966848879252,0.002295471358193713, 329.5550459441508,      0.4310663253474616,   1.905883148397561,     1.903873306156523, 1.904878227277042,  0.4366139887766355
0.0831951420000081,-8.318276733133088,-8.465617869874016,-8.641050845962676,-2.906450711270502,           5,-3.064868207724533,0.002296028714171878, 329.5938093458746,      0.4311170288561613,   1.906462569829037,     1.904451617449872, 1.905457093639455,  0.4367466697784141
0.08093719800000088,-8.319307207388579,-8.466623614883712,-8.641403035274442,-2.907952920518928,           5,-3.062758928256402,0.00229659722827285,  329.632416746853,       0.431167528311945,   1.907046230202706,     1.905034228115622, 1.906040229159164,  0.4368803293066779
0.08047415599999397,-8.320336164168175,-8.467650297533156,-8.641747960305747,-2.909454821114364,           5,-3.060639933700008,0.002297176761229961,  329.670867822383,      0.4312178232900932,   1.907634112565179,     1.905621124926094, 1.906627618745637,  0.4370149639025503
0.07955514399999686,  -8.3213635229212,-8.468697664529534,-8.642087031079473,-2.910956205092595,           5,-3.058512007449723,0.002297767172899861, 329.7091622792747,       0.431267913407106,   1.908226199636344,     1.906212293269128, 1.907219246452736,   0.437150569911044
0.08002919899999483,-8.322389203602944, -8.46976545135955,-8.642421625661584,-2.912456864939273,           5,-3.056376006577298,0.00229836832233913, 329.7472998554823,      0.4313177983202207,   1.908822473105439,     1.906807717421604, 1.907815095263522,  0.4372871434317339
0.08035277300000132,-8.323413127261004,-8.470853376113592,-8.642753089895121,-2.913956594311566,           5,-3.054232820107029,0.002298980067883531, 329.7852803197518,      0.4313674777269516,   1.909422913848224,     1.907407380708899, 1.908415147278561,   0.437424680361921
0.08269573900000182,-8.324435216084265,-8.471961139830844,-8.643082737990563,-2.915455188041736,           5,-3.052083353601088,0.00229960226722991, 329.8231034712539,      0.4314169513646086,   1.910027502327896,     1.908011265334529, 1.909019383831213,   0.437563176423055
0.08070975999999064,-8.325455393555291,-8.473088429629188,-8.643411852291589,-2.916952442306973,           5,-3.049928169915507,0.002300234777519847, 329.8607691391924,      0.4314662190097859,   1.910636218898723,     1.908619352793902, 1.909627785846313,  0.4377026272429493
0.08171659099998863,-8.326473584491596,-8.474234917968667,-8.643741683495298,-2.918448154667013,           5,-3.047768151011803,0.002300877455423491, 329.8982771824219,       0.431515280477862,   1.911249043968492,      1.90923162324207, 1.910240333605281,  0.4378430283019407
0.07966250200000502,-8.327489715370277,-8.475400264450087,-8.644073451167811,-2.919942124496445,           5,-3.045603873441673,0.002301530157224107,  329.935627489055,      0.4315641356224853,   1.911865958070261,     1.909848056294049, 1.910857007182155,  0.4379843750328322
0.0794496219999985, -8.32850371431145, -8.47658411479533,-8.644408343622107,-2.921434152980552,           5,-3.043436067749726,0.002302192738902111, 329.9728199760486,      0.4316127843350333,   1.912486941863505,      1.91046863034491, 1.911477786104208,  0.4381266627431041
0.0784486510000022, -8.32951551128386,-8.477786104480822,-8.644747518000493,-2.922924043419404,           5,-3.041265531849851,0.002302865056217636, 330.0098545887939,      0.4316612265440762,   1.913111976068453,     1.911093321983155, 1.912102649025804,  0.4382698865401584
0.0805096340000091,-8.330525038401229,-8.479005856886921,-8.645092100448464,-2.924411601682469,           5,-3.039092836073929,0.00230354696479159, 330.0467313006932,      0.4317094622148238,   1.913741041331921,     1.911722106749394, 1.912731574040658,  0.4384140414028916
0.07929291899999669,-8.331532229764125,-8.480242989177214,-8.645443185764167,-2.925896636034004,           5,-3.036918576024245,0.00230423832018364,  330.083450112736,      0.4317574913485699,    1.91437411804181,     1.912354959028981, 1.913364538535395,  0.4385591221481299
0.08324000900000783,-8.332537021654721,-8.481497109802033,-8.645801837102827, -2.92737895746279,           5,-3.034743433230751,0.002304938977966947,  330.120011053065,      0.4318053139821265,   1.915011186121273,     1.912991851701263, 1.914001518911268,  0.4387051233668428
0.08040597500000501,-8.333539352690332,-8.482767817537896,-8.646169085488451,-2.928858379958888,           5,-3.032568116733959,0.002305648793799203, 330.1564141765377,      0.4318529301872481,   1.915652224831665,     1.913632756302204, 1.914642490566934,  0.4388520394201977
0.08093816999999603,-8.334539163803132,-8.484054704306594,-8.646545929586713,-2.930334720575509,           5,-3.030393342210877,0.002306367623488832, 330.1926595642774,      0.4319003400700462,   1.916297212601678,     1.914277643255043,  1.91528742792836,  0.4389998644464125
0.08016387799999336,-8.335536398288589,-8.485357354134029,-8.646933334785606,-2.931807799563458,           5,-3.028219682370049,0.002307095323056148, 330.2287473232319,      0.4319475437704112,   1.916946126889508,     1.914926482077441, 1.915936304483474,  0.4391485923686992
0.07993929500000263,-8.336531001845273,-8.486675344042334, -8.64733223231681,-2.933277440515509,           5,-3.026047760849233,0.002307831748789178, 330.2646775857141,      0.4319945414614119,   1.917598944078498,     1.915579241550246, 1.916589092814372,  0.4392982169026452
0.08170663200000661, -8.33752292262538,-8.488008244883833,-8.647743518119571, -2.93474347053006,           5,-3.023878212158983,0.0023085767572934, 330.3004505089328,      0.4320413333486811,   1.918255639405988,     1.916235889853993,  1.91724576462999,  0.4394487315637026
0.07889287799999067,-8.338512111280288,-8.489355621721405,-8.648168052363475,-2.936205720372191,           5,-3.021711583321503,0.002309330205535125, 330.3360662745254,      0.4320879196698053,   1.918916186925458,     1.916896394689057, 1.917906290807257,  0.4396001296766203
0.08347560299999657,-8.339498520996932,-8.490717033704474,-8.648606658302105, -2.93766402462297,           5,-3.019548507651558,0.002310091950878555, 330.3715250880891,      0.4321343006937107,   1.919580559499889,     1.917560723390214, 1.918570641445052,  0.4397524043878119
0.08064202999999281,-8.340482107521726,-8.492092034981228,-8.649060121485119,-2.939118221817311,           5,-3.017389505802166,0.00231086185111652,  330.406827178699,      0.4321804767200334,   1.920248728823506,     1.918228843036088, 1.919238785929797,    0.43990554868039
0.07956796899999574,-8.341462829177146,-8.493480174983905,-8.649529188962324,-2.940568154575508,           5,-3.015235093769368,0.002311639764495063, 330.4419727984165,       0.432226448078476,   1.920920665408553,     1.918900720545021, 1.919910692976787,  0.4400595553836388
0.08272538600000701,-8.342440646904308,-8.494880998858985,-8.650014568561632,-2.942013669767177,           5,-3.013085833614061,0.002312425549732235, 330.4769622217981,      0.4322722151281654,   1.921596338621824,     1.919576322750194, 1.920586330686009,  0.4402144171858092
0.08294098199999667,-8.343415524276377,-8.496294047500434,-8.650516928316137,-2.943454618634001,           5,-3.010942238645329,0.002313219066031412, 330.5117957454062,      0.4323177782570128,   1.922275716844184,     1.920255616451171, 1.921265666647677,  0.4403701266583079
0.08157153199999811,-8.344387427480502,-8.497718858305044,-8.651036895885676,-2.944890856881621,           5,-3.008804900362728,0.002314020173089636, 330.5464736872975,      0.4323631378810443,   1.922958767623012,      1.92093856844282, 1.921948668032916,  0.4405266762764824
0.08019667099999594,-8.345356325351323,-8.499154963635387,-8.651575058253448,-2.946322244833621,           5, -3.00667418725001,0.002314828731101202, 330.5809963865211,      0.4324082944437446,   1.923645457757411,     1.921625145526439, 1.922635301641925,  0.4406840584306614
0.07943733700000166,-8.346322189407465, -8.50060189283446, -8.65213196214771,-2.947748647595539,           5,-3.004550596035337,0.002315644600758188, 330.6153642026048,      0.4324532484153852,   1.924335753327123,     1.922315314505899, 1.923325533916511,  0.4408422654290268
0.08191154699999004,-8.347284993873259, -8.50205917228068,-8.652708113754843,-2.949169935211297,           5,-3.002434572662135,0.002316467643247852, 330.6495775150424,      0.4324980002923537,   1.925029619706672,     1.923009042172805, 1.924019330939739,  0.4410012894975343
0.08574667099999544,-8.348244715706784,-8.503526325575963,-8.653303979151746,-2.950585982809974,           5,-3.000326521568077,0.002317297720248178, 330.6836367227694,      0.4325425505964678,   1.925727021594725,     1.923706295282999, 1.924716658438862,  0.4411611227805842
0.08881648899999561,-8.349201334613726,-8.505002873805108,-8.653919984867265,-2.951996670741375,           6,-3.398626644579362,0.002318135441408489, 330.7175401481651,      0.4325868971333571,   1.926427969377475,     1.924406669334028, 1.925417319355752,  0.4413217201108084
0.08570603200000448,-8.350154541977178,-8.506495830721907, -8.65455514750446,-2.953401572316319,           6,-3.395335431617388,0.002318979561748193, 330.7512904903172,      0.4326310434334966,   1.927131985095269,     1.925109746205576, 1.926120865650422,  0.4414829787937029
0.0884679669999997,-8.351104771493057, -8.50799825929602,-8.655209720679908,-2.954801361474074,           6,-3.391790500435245,0.002319830098978423, 330.7848879775619,      0.4326749897955557,   1.927838854799685,      1.92581565523656, 1.926827255018122,  0.4416448891326655
0.08681177300000797,-8.352051823202803,-8.509508865284277,-8.655886518885604,-2.956195272066461,           6,-3.388966446175863,0.002320687011465764,   330.81833304014,      0.4327187367823003,   1.928548653242157,     1.926524753522167, 1.927536703382162,  0.4418075006191211
0.08838920399999495,-8.352995550196901,-8.511024150070165, -8.65658401798691,-2.957583071868294,           6,-3.386781024735153,0.002321550211146387, 330.8516261510179,      0.4327622850123826,   1.929261607138741,     1.927237394328303, 1.928249500733522,  0.4419708797214229
0.08726923599999736,-8.353935900608347,-8.512542082816713,-8.657302604276142, -2.95896463475854,           6,-3.384901724170164,0.00232241958733123, 330.8847678002175,      0.4328056351267633,   1.929977909779387,     1.927953779251277, 1.928965844515332,  0.4421350716951841
0.08607082499999308,-8.354872931274468,-8.514062632351594,-8.658043287170013,-2.960339971784633,           6,-3.383076610246596,0.002323295018829611,  330.917758499778,      0.4328487877952027,   1.930697623047068,     1.928673924672351, 1.929685773859709,  0.4423000855098128
0.0851118470000074,-8.355806754367764,-8.515586948502357, -8.65880696075422,-2.961709168630681,           6,-3.381185664204708,0.002324176379406721, 330.9505987845411,      0.4328917437172874,   1.931420686797177,     1.929397711904165, 1.930409199350671,   0.442465900670419
0.08415495100000214,-8.356737466938421,-8.517116251152874,-8.659594132493828, -2.96307229855311,           6, -3.37920701025284,0.002325063540373603,  330.983289208181,      0.4329345036172372,   1.932146981188349,     1.930124963814283, 1.931135972501316,  0.4426324831425662
0.08964823200000183,-8.357665115722297,-8.518651170768107,-8.660404851981822,-2.964429374168073,           6,-3.377170583324721,0.002325956371914488, 331.0158303394792,      0.4329770682390325,    1.93287638651915,     1.930855503713728, 1.931865945116439,  0.4427997989586759
0.08614283400000033,-8.358589703265267,-8.520191643590225, -8.66123882225029,-2.965780348558409,           6,-3.375120225158925,0.002326854743785314, 331.0482227606156,      0.4330194383441796,   1.933608816348837,     1.931589183294227, 1.932598999821532,  0.4429678212155314
0.08801294899998879,-8.359511211675599,-8.521737109685768,-8.662095613002316,-2.967125142029972,           6,-3.373089913155132,0.002327758525675979, 331.0804670668037,      0.4330616147112325,   1.934344225128969,     1.932325887804093, 1.933335056466531,  0.4431365315420692
0.08723075200001063, -8.36042962220813,-8.523286762815564,-8.662974849493807,-2.968463669165296,           6,-3.371094876202415,0.002328667587396271, 331.1125638662401,      0.4331035981357279,   1.935082600483293,     1.933065531241616, 1.934074065862454,  0.4433059186637639
0.08955343799999582,-8.361344924298207,-8.524839734241466,-8.663876300575192,-2.969795855140667,           6,-3.369133916565501,0.002329581798973296, 331.1445137798079,      0.4331453894297965,   1.935823949453731,     1.933808049924079, 1.934815999688905,  0.4434759760893444
0.08661903300000517,-8.362257117440898,-8.526395197450707,-8.664799873082004,-2.971121641537851,           6,-3.367197300325556,0.002330501030705976, 331.1763174404145,      0.4331869894212971,   1.936568284847819,     1.934553397637287, 1.935560841242553,  0.4436466999902678
0.08496199700000773,-8.363166210512242,-8.527952412709132,-8.665745552509444,-2.972440985995473,           6,-3.365274488364965,0.002331425153199132, 331.2079754920811,      0.4332283989526259,   1.937315615058381,     1.935301542654182, 1.936308578856281,  0.4438180876923336
0.08824818300000459,-8.364072220649726,-8.529510730967793,-8.666713339968911,-2.973753859367333,           6,-3.363359077867261,0.002332354037390341, 331.2394885889247,      0.4332696188793844,    1.93806593844677,     1.936052465792546, 1.937059202119658,  0.4439901368093839
0.08726666100000102,-8.364975172299211,-8.531069578400151,-8.667703210411858,-2.975060242727676,           6,-3.361449761435272,0.0023332875545764, 331.2708573941654,      0.4333106500690811,   1.938819241633842,     1.936806158437501, 1.937812700035671,   0.444162844820812
0.08544783499999653,-8.365875096525233,-8.532628432518946,-8.668715098354292, -2.97636012520828,           6,-3.359548649751647,0.002334225576443526, 331.3020825792365,      0.4333514933999679,   1.939575500181147,     1.937562619675612,  1.93856905992838,   0.444336208821186
0.08701685799999836,-8.366772030557604,-8.534186798464781,  -8.6697489059202,-2.977653502863892,           6,-3.357659002424274,0.002335167975103641, 331.3331648230197,       0.433392149760039,   1.940334680227712,     1.938321852227556, 1.939328266227634,  0.4445102252416978
0.08708674300000041,-8.367666017411794,-8.535744193437459,-8.670804518327387, -2.97894037849154,           6,-3.355783433279509,0.002336114623137073,   331.36410481121,       0.433432620046201,   1.941096740019717,     1.939083857519266, 1.940090298769491,  0.4446848894606036
0.08770055600000148,-8.368557105287378,-8.537300138532993,-8.671881817059235,-2.980220762027849,           6,-3.353922913687717,0.002337065393641577, 331.3949032357824,      0.4334729051635745,   1.941861631851847,     1.939848630728928, 1.940855131290387,  0.4448601954580751
0.08644027800001197,-8.369445346291245,-8.538854148681466,-8.672980685714489,-2.981494670556936,           6, -3.35207733551844,0.002338020160286771, 331.4255607945523,      0.4335130060249199,   1.942629303847925,     1.940616156803942, 1.941622730325934,  0.4450361355637952
0.08696916699999235,-8.370330794971439,-8.540405726623817,-8.674101008816367,-2.982762128108415,           6,-3.350246100289847,0.002338978797373425, 331.4560781907952,      0.4335529235501391,   1.943399701522734,     1.941386408240103, 1.942393054881419,  0.4452127003814338
0.08893408499999111, -8.37121350688987,-8.541954357720355,-8.675242666751149,-2.984023165044702,           6,-3.348428708349222,0.002339941179896665, 331.4864561329069,      0.4335926586658318,   1.944172769144416,     1.942159344973858, 1.943166057059137,  0.4453898789324369
0.0860241750000057,-8.372093537441874,-8.543499505273459,-8.676405530233449,-2.985277817120201,           6,-3.346625152584338,0.002340907183613102, 331.5166953340938,      0.4336322123048901,   1.944948450811939,     1.942934916237105, 1.943941683524522,  0.4455676589920772
0.08672772100000259,-8.372970941075682,-8.545040606744537,-8.677589456205833,-2.986526124521016,           6, -3.34483589176892,0.002341876685111682, 331.5467965120727,      0.4336715854061053,   1.945726691136626,     1.943713063818188, 1.944719877477407,  0.4457460275412818
0.08895680800000605, -8.37384577098036,  -8.5465770725468,-8.678794285947392,-2.987768131187719,           6,-3.343061634024565,0.002342849561887177, 331.5767603887695,      0.4337107789137753,   1.946507435441989,     1.944493725959376, 1.945500580700682,  0.4459249712362036
0.08561633899999777,-8.374718079240056,-8.548108288703249,-8.680019844768166,-2.989003884594706,           6,-3.341303145909868,0.002343825692415643, 331.6065876900083,      0.4337497937772958,   1.947290629503016,     1.945276841117357, 1.946283735310187,  0.4461044768093096
0.08575058800001045,-8.375587917328277,-8.549633623454842,-8.681265942476704,-2.990233435903129,           6,-3.339560728235636,0.002344804956231119, 331.6362791451763,      0.4337886309507241,   1.948076219396768,     1.946062350977072,  1.94706928518692,  0.4462845313976566
0.08669217299998877,-8.376455336609332,-8.551152433925251,-8.682532373896564,-2.991456840079949,           6, -3.33783449205741,0.002345787234001518, 331.6658354868661,      0.4338272913923096,   1.948864151282283,     1.946850202366383, 1.947857176824333,   0.446465122737097
0.08683131099999741,-8.377320389010732,-8.552664074809762,-8.683818918949912,-2.992674156294382,           6,-3.336124243645768,0.002346772407602559, 331.6952574504832,      0.4338657760639814,   1.949654371219177,     1.947640347988928, 1.948647359604053,  0.4466462392254769
0.08509657700000162,-8.378183127619103,-8.554167909079942,-8.685125342396244, -2.99388544829042,           6,-3.334429660854882,0.002347760360187892, 331.7245457738312,      0.4339040859308051,   1.950446825173642,     1.948432746114146, 1.949439785643894,  0.4468278698878003
0.08525670500000615,-8.379043607127427,-8.555663317478263,-8.686451393326063,  -2.9950907846222,           6,-3.332750385533425,0.002348750976253868, 331.7537011966755,      0.4339422219604127,   1.951241459299784,     1.949227359502207, 1.950234409400996,  0.4470100042852629
0.08697628100000543,-8.379901884099834,-8.557149703965512,-8.687796804880941,-2.996290238688917,           6,-3.331086283170201,0.002349744141697567, 331.7827244602873,      0.4339801851224055,   1.952038220461038,     1.950024153783373, 1.951031187122206,  0.4471926323892773
0.08522407299999202,-8.380758017100039, -8.55862650024563,-8.689161294158435,-2.997483888676168,           6,-3.329437184289166,0.002350739743866996, 331.8116163069791,      0.4340179763877471,   1.952837056851805,     1.950823095847084, 1.951830076349444,  0.4473757444680971
0.08465772099999924,-8.381612066655444,-8.560093166669409,-8.690544562513484,-2.998671817289086,           6, -3.32780300520992,0.00235173767160276, 331.8403774796328,      0.4340555967281457,   1.953637918530834,     1.951624152455583, 1.952631035493208,  0.4475593309890611
0.0856266990000023, -8.38246409518147,  -8.5615491919965,-8.691946296139101,-2.999854111511834,           6,-3.326183808638276,0.002352737815270742, 331.8690087212259,      0.4340930471154348,   1.954440757835747,     1.952427289066148, 1.953434023450948,  0.4477433825311218
0.08865117000000566, -8.38331416689666,-8.562994092631989,-8.693366167029762,-3.001030862429368,           6,-3.324579680982587,0.002353740066785773, 331.8975107743672,      0.4341303285209654,   1.955245529532221,     1.953232468910404, 1.954238999221313,  0.4479278896964276
0.08674375199998963,-8.384162347706653,-8.564427412527088,-8.694803834285953,-3.002202165065758,           6,-3.322990812298679,0.002354744319627147,   331.92588438084,      0.4341674419150087,   1.956052190937229,     1.954039652400189, 1.955045921668709,  0.4481128430563569
 0.085157083999988,-8.385008705040898,-8.565848720724048,-8.696258945534797,-3.003368118155413,           6,-3.321417434105241,0.002355750468846573, 331.9541302811448,      0.4342043882661581,   1.956860701789079,     1.954848796888167, 1.955854749338623,  0.4482982331091893
0.08762265699999716,-8.385853307723817,-8.567257609757352,-8.697731138515371,-3.004528824013041,           6,-3.319859826000253,0.002356758411069419, 331.9822492140596,       0.434241168540754,   1.957671023790083,     1.955659856745883, 1.956665440267983,  0.4484840502366383
0.08399133599999686,-8.386696225862389,-8.568653695197149,-8.699220042995941, -3.00568438844564,           6,-3.318318233808536,0.00235776804449042, 332.0102419162101,      0.4342777837023213,    1.95848311989502,     1.956472783520221, 1.957477951707621,   0.448670284640238
0.08744938200000263,-8.387537530780525,-8.570036616164407,-8.700725282963957,-3.006834920736333,           6,-3.316792909721384,0.00235877926886507, 332.0381091216474,      0.4343142347110173,   1.959296953525685,     1.957287526412709, 1.958292239969197,  0.4488569263062562
0.08815593500000318,-8.388377294826109,-8.571406032522033,-8.702246478942184,-3.007980533417786,           6,-3.315283925316328,0.002359791985497493, 332.0658515614445,      0.4343505225231042,   1.960112487876015,     1.958104033218574, 1.959108260547294,  0.4490439650336799
0.08664401999999427,-8.389215591015615,-8.572761621181561,-8.703783250152343,-3.009121341790193,           6,-3.313791540797164,0.002360806097226086, 332.0934699633049,      0.4343866480904365,   1.960929685393135,     1.958922250836203, 1.959925968114669,  0.4492313904331263
0.08563609700000541,-8.390052492956723,-8.574103074325741,-8.705335217248804,-3.010257463846839,           6, -3.31231543858148,0.002361821508407115, 332.1209650511846,      0.4344226123599668,   1.961748507448936,     1.959742125684598, 1.960745316566767,  0.4494191919370471
0.08652290599999901,-8.390888074700415,-8.575430098517643,-8.706902004561409,-3.011389020055365,           6,-3.310855572052227,0.002362838124897563, 332.1483375449172,      0.4344584162732558,   1.962568914181254,     1.960563604094347, 1.961566259137801,  0.4496073588263332
0.08703981300000407,-8.391722410565738,-8.576742411594653,-8.708483242251125,-3.012516133083741,           6,-3.309411844082806,0.002363855854036998,  332.175588159864,      0.4344940607660139,   1.963390864470786,     1.961386632673868, 1.962388748572327,  0.4497958802696426
0.08603745099999571,-8.392555574986647,-8.578039740236353,-8.710078568481052,-3.013638927535965,           6,-3.307984151657023,0.002364874604628905, 332.2027176065714,      0.4345295467676539,   1.964214315958073,     1.962211158605468,  1.96321273728177,  0.4499847453592769
0.08783701999999494,-8.393387642419915, -8.57932181877041,-8.711687631344361,-3.014757529763556,           6,-3.306572166016275,0.002365894286921736, 332.2297265904422,      0.4345648752008606,   1.965039225241887,     1.963037129841385, 1.964038177541636,  0.4501739431563834
0.08565090499999428,-8.394218687211888,-8.580588387973309,-8.713310088772989,-3.015872067606754,           6,-3.305175627268645,0.002366914812589319, 332.2566158114144,      0.4346000469811704,   1.965865548187527,     1.963864495201336, 1.964865021694431,  0.4503634627374668
0.0885255669999907, -8.39504878352918, -8.58183919282758,-8.714945612993075,-3.016982670203176,           6,-3.303794239450642,0.002367936094710769, 332.2833859636519,      0.4346350630165674,   1.966693240217937,     1.964693204392082, 1.965693222305009,  0.4505532932299958
 0.086264498999995,-8.395878005327312,-8.583073982814321,-8.716593890729381, -3.01808946785748,           6,-3.302427696065961,0.00236895804774956, 332.3100377352461,      0.4346699242070923,   1.967522256497006,     1.965523207975002, 1.966522732236004,  0.4507434238296926
0.08603572799999881,-8.396706426359929,-8.584292513410574,-8.718254621885988,-3.019192591983505,           6, -3.30107569701104,0.002369980587531724,  332.336571807928,      0.4347046314444666,   1.968352552001079,     1.966354457305713, 1.967353504653396,  0.4509338438018088
0.08783375299999818, -8.39753412019089,-8.585494548256959,-8.719927519713723,-3.020292175051171,           6,-3.299737953669252,0.002371003631223028, 332.3629888567916,      0.4347391856117302,   1.969184081519729,     1.967186904465381, 1.968185492992555,   0.451124542473343
0.09382079499999918,-8.398361160192485,-8.586679859299389,-8.721612310882271,-3.021388350501712,           6,-3.298414210458363,0.00237202709730519, 332.3892895500243,      0.4347735875828894,   1.970016799622853,     1.968020502182429, 1.969018650902641,  0.4513155092202952
0.08898623499999303,-8.399187619524035,-8.587848229300036,-8.723308734461041,-3.022481252654541,           6,-3.297104349235371,0.002373050905550986, 332.4154745486504,      0.4348078382225805,   1.970850660611261,      1.96885520364694, 1.969852932129101,  0.4515067334407362
0.09083590099999128,-8.400013571148461,-8.588999453662224,-8.725016539881631,-3.023571016676212,           6,-3.295808026032616,0.002374074976998589, 332.4415445062835,      0.4348419383857464,   1.971685618457031,     1.969690962602152, 1.970688290529591,  0.4516982045584557
0.08647425200000214,-8.400839087690981,-8.590133339126448,-8.726735487285019,-3.024657778293321,           6,-3.294525049209011,0.002375099233925075, 332.4675000688844,      0.4348758889173203,    1.97252162674271,     1.970527733425855, 1.971524680084283,  0.4518899120253246
0.08691945000001056,-8.401664241395533,-8.591249704296949,-8.728465345967777,-3.025741673668858,           6,-3.293255171590157,0.002376123599819468, 332.4933418745362,      0.4349096906519312,   1.973358638612019,     1.971365471099574, 1.972362054855796,  0.4520818453121122
0.08677171600000122,-8.402489104129108,-8.592348381734714,-8.730205891104214,-3.026822839366414,           6,-3.291998340472146,0.00237714799935575, 332.5190705532238,       0.434943344413615,     1.9741966067451,     1.972204130432355, 1.973200368588728,  0.4522739938166939
0.08410801100001208,-8.403313747583722,-8.593429224496896,-8.731956902079695,-3.027901412657315,           6,-3.290754284055726,0.002378172358366039, 332.5446867266293,      0.4349768510155478,   1.975035483368449,     1.973043667105242, 1.974039575236845,  0.4524663469848889
0.08666038100000151,-8.404138242787123,-8.594492095065483,-8.733718160763372,-3.028977530682969,           6,-3.289522800824614,0.002379196603814878, 332.5701910079286,       0.435010211259779,   1.975875220303587,     1.973884037655848, 1.974879628979718,  0.4526588943142721
0.08553765699998905,-8.404962659919912,-8.595536869913785,  -8.7354894496215,-3.030051330112815,           6,-3.288303703726327,0.002380220663774238, 332.5955840015985,      0.4350434259369796,    1.97671576905228,     1.974725199349807, 1.975720484201044,  0.4528516253492063
0.0853030050000001,-8.405787068642878,-8.596563439994242,-8.737270549949244,-3.031122947647814,           6,-3.287096711104903,0.002381244467399673,  332.620866303236,      0.4350764958262054,   1.977557080911152,      1.97556711007249, 1.976562095491821,  0.4530445296815693
0.08392110100000139,-8.406611538060226,-8.597571712237695, -8.73906124016888,-3.032192519923241,           6,-3.285901551621701,0.002382267944908634, 332.6460384993882,      0.4351094216946751,   1.978399107106089,     1.976409727986191,  1.97740441754614,  0.4532375969268684
0.08856649699998798,-8.407436136706005,-8.598561613065661,-8.740861294260844,-3.033260183447022,           6,-3.284718052314839,0.002383291027561003, 332.6711011673904,      0.4351422042975575,   1.979241798935116,     1.977253011410883,    1.978247405173,  0.4534308167269492
0.08437487499999463,-8.408260932430649,-8.599533087674136,-8.742670480279809,-3.034326074382169,           6,-3.283546093503547,0.002384313647641768,  332.696054875211,      0.4351748443777699,   1.980085107908658,     1.978096918767273, 1.979091013337966,  0.4536241787595432
0.08675656699999479,-8.409085992324368,-8.600486097493858,-8.744488559442484,-3.035390328377747,           6,-3.282385598462496,0.002385335738446352, 332.7209001813121,      0.4352073426657948,   1.980928985877586,     1.978941408500957, 1.979935197189271,  0.4538176727442512
0.08670476700000052,-8.409911382681292,-8.601420620798725,-8.746315285091839,-3.036453080487157,           6,-3.281236514536158,0.002386357234268276, 332.7456376345166,      0.4352396998795063,    1.98177338476163,     1.979786438983417, 1.980779911872524,  0.4540112884000719
0.08733396999998888,-8.410737169107614,-8.602336656811207,-8.748150401838753,-3.037514465301779,           6,-3.280098577502129,0.002387378070389724,  332.770267773879,      0.4352719167240014,    1.98261825708819,     1.980631968351181, 1.981625112719686,  0.4542050154887186
0.08788435099999958,-8.411563416340901,-8.603234221479921,-8.749993644731006,-3.038574616613668,           6,-3.278971911980272,0.002388398183074317, 332.7947911285818,      0.4353039938914641,   1.983463556359846,     1.981477954049796, 1.982470755204821,  0.4543988438044748
0.08679443999999137,-8.412390188214243, -8.60411334850132,-8.751844739443753,-3.039633667335027,           6,-3.277856245375351,0.002389417509562375, 332.8192082178208,      0.4353359320610156,   1.984309236723076,     1.982324353782075, 1.983316795252576,  0.4545927632449018
0.08592770899998925,-8.413217547337501, -8.60497408130332,-8.753703402215884,-3.040691748957213,           6, -3.27675123883017,0.002390435988068331, 332.8435195507122,      0.4353677318985928,   1.985155252890112,     1.983171125145367,  1.98416318901774,  0.4547867637603112
0.0851681950000085,-8.414045555608874,-8.605816480519975,-8.755569340002751,-3.041748992311235,           6,-3.275656702760438,0.002391453557779991, 332.8677256262063,      0.4353993940568354,   1.986001559923877,     1.984018225433095, 1.985009892678486,  0.4549808353063747
0.08988915599999814,-8.414874274185474,-8.606640628432979,-8.757442250493787,-3.042805527508619,           6,-3.274572524151155,0.002392470158859203, 332.8918269330171,      0.4354309191749935,   1.986848113615087,     1.984865611578774,  1.98585686259693,  0.4551749678809248
0.08644643899999949,-8.415703763176435,-8.607446620749165,-8.759321822816458,-3.043861483398229,           6,-3.273498549957014,0.002393485732443934, 332.9158239495533,      0.4354623078788381,   1.987694870560123,     1.985713240220989, 1.986704055390556,  0.4553691515403269
0.08763430899999491,-8.416534081618012,-8.608234565688623,-8.761207738107343,-3.044916987496814,           6,-3.272434783485033,0.00239450022065122, 332.9397171438562,      0.4354935607805785,   1.988541787997091,     1.986561067785352, 1.987551427891221,  0.4555633763900821
0.08620969199999706,-8.417365287579488,-8.609004585439594,-8.763099670395013,-3.045972166145656,           6,-3.271381099087545,0.00239551356658116, 332.9635069735562,       0.435524678478807,   1.989388823601315,     1.987409050522851, 1.988398937062083,  0.4557576325657871
0.08460183299999358,-8.418197438187105,-8.609756816686499,-8.764997287534275, -3.04702714452801,           6, -3.27033733482501,0.002396525714321174, 332.9871938858267,      0.4355556615584381,   1.990235935436384,      1.98825714451146, 1.989246539973922,  0.4559519102277068
0.08637045300000068,-8.419030589603716,-8.610491409231994,-8.766900251999497,-3.048082046607746,           6,-3.269303250855248,0.002397536608949808,  333.010778317366,      0.4355865105906837,   1.991083081995731,     1.989105305653229,  1.99009419382448,  0.4561461995652056
 0.088906331000004,-8.419864796918363,-8.611208524984526,-8.768808222210392,-3.049136994931498,           6,-3.268278664453899,0.002398546196540693, 333.0342606943681,      0.4356172261330167,   1.991930222215259,     1.989953489688706, 1.990941855951983,  0.4563404907998496
0.08664817800000435,-8.420700114187174,-8.611908335583669,-8.770720853963949,  -3.0501921106179,           6,-3.267263386356367,0.002399554424166341, 333.0576414325127,      0.4356478087291563,   1.992777315413804,     1.990801652233751, 1.991789483823778,  0.4565347741827993
0.08700829199999305,-8.421536594431364,-8.612591022577332,-8.772637800582556,-3.051247513377831,           6,-3.266257338506595,0.002400561239901336, 333.0809209369602,      0.4356782589090628,   1.993624321074361,       1.9916497488324,  1.99263703495338,   0.456729039975798
0.08708576099999732,-8.422374289678986,-8.613256778484132,-8.774558714615404,-3.052303321589617,           6,-3.265260378636047,0.00240156659282489, 333.1040996023596,       0.435708577188947,   1.994471198464754,     1.992497735017803, 1.993484466741278,  0.4569232784146819
0.08775045299999817,-8.423213251051958,-8.613905810938371,-8.776483249228066,-3.053359652372208,           6,-3.264272442293512,0.002402570433022655, 333.1271778128542,       0.435738764071278,   1.995317907540884,     1.993345566376345, 1.994331736958615,  0.4571174798202445
0.08690261799999632,-8.424053528309956,-8.614538325972227,-8.778411058887482,-3.054416620771695,           6,-3.263293223951595,0.002403572711587544, 333.1501559421179,      0.4357688200448308,   1.996164408424812,     1.994193198613697, 1.995178803519255,  0.4573116345459926
0.08631584699999451,-8.424895170093139,-8.615154539702711,-8.780341800615131,-3.055474340149576,           6, -3.26232259135001,0.002404573380620244, 333.1730343533759,      0.4357987455847129,    1.99701066129669,      1.99504058762105,  1.99602562445887,  0.4575057329733516
0.08628489800000239,-8.425738224083249,-8.615754677289074, -8.78227513510944,-3.056532922443828,           6,-3.261360377535661,0.002405572393228682, 333.1958133994426,      0.4358285411524146,   1.997856626383451,     1.995887689538034, 1.996872157960742,   0.457699765517581
0.08913983099999712, -8.42658273693127,-8.616338970689512,-8.784210727076108,-3.057592478020461,           6,-3.260406642495585,0.002406569703526385, 333.2184934227715,      0.4358582071958739,   1.998702263978245,     1.996734460811725, 1.997718362394985,  0.4578937226367629
0.08681255500000873,-8.427428754144293,-8.616907657632648, -8.78614824621768,-3.058653115454167,           6,-3.259461181400933,0.002407565266630701, 333.2410747555094,       0.435887744149547,    1.99954753440854,     1.997580858208616, 1.998564196308578,  0.4580875948295194
0.08738091000000736,-8.428276320133437,-8.617460983505271,-8.788087367715109,-3.059714941566272,           6,-3.258524042534754,0.002408559038660038, 333.2635577195585,        0.43591715243449,   2.000392397967922,     1.998426838385419,  1.99940961817667,  0.4582813725780081
0.08422745199999326, -8.42912547845118,-8.617999204263976,-8.790027772740848,-3.060778061793123,           6,-3.257594505601399,0.002409550976730384, 333.2859426266395,      0.4359464324584418,   2.001236814863751,      1.99927235895236, 2.000254586908055,  0.4584750464637813
0.08419302400000106,-8.429976271191009,-8.618522574802661,-8.791969148707874,-3.061842579177339,           6,-3.256672532916054,0.002410541038951194,  333.308229778372,      0.4359755846159282,   2.002080745203244,     2.000117378167613, 2.001099061685428,  0.4586686071311722
0.08647461299999293,-8.430828739365307,-8.619031356033764,-8.793911189811775,-3.062908594967161,           6,-3.255758021998252,0.002411529184420787, 333.3304194663582,      0.4360046092883722,   2.002924149007512,     2.000961854763041, 2.001943001885276,  0.4588620452689324
0.08543108199999949,-8.431682923019348,-8.619525816476406,-8.795853597128035,-3.063976208756597,           6,-3.254850778193084,0.002412515373221263,  333.352511972272,      0.4360335068442105,   2.003766986237391,     2.001805747915943, 2.002786367076667,  0.4590553516099551
0.08614087999998787,-8.432538861169947, -8.62000623046915,-8.797796078037139,-3.065045518350679,           6, -3.25395062825507,0.002413499566412953, 333.3745075679593,      0.4360622776390244,   2.004609216821829,      2.00264901733394, 2.003629117077884,  0.4592485169442552
0.08430843799999366,-8.433396591688748,-8.620472877455921,-8.799738346636593, -3.06611661956212,           6,-3.253057434060409,0.00241448172602843, 333.3964065155399,      0.4360909220156733,   2.005450800686828,     2.003491623317909, 2.004471212002368,  0.4594415321295004
0.08859882800000207,-8.434256151327967,-8.620926041229307,-8.801680123202493,-3.067189606232568,           6, -3.25217114553826,0.002415461815066007, 333.4182090675162,      0.4361194403044365,   2.006291697736602,     2.004333526744403, 2.005312612240503,  0.4596343880868361
0.08611436900000058,-8.435117575795015,-8.621366010152892,-8.803621133565644,-3.068264570349406,           6,-3.251291581305832,0.002416439797482667, 333.4399154668895,       0.436147832823166,   2.007131867865443,     2.005174688999593, 2.006153278432518,  0.4598270757946747
0.08642388600000572,-8.435980899727598,-8.621793078468368,-8.805561108829227, -3.06934160198309,           6,-3.250418578724961,0.002417415638186936, 333.4615259472916,      0.4361760998774581,   2.007971271030591,     2.006015071913463, 2.006993171472027,  0.4600195862895055
0.08890448799999717,-8.436846156699088,-8.622207545084089,-8.807499785313464,-3.070420789270473,           6,-3.249552063683045,0.002418389303030905, 333.4830407331077,      0.4362042417608142,   2.008809867352539,      2.00685463771509, 2.007832252533815,  0.4602119106722656
0.08594909999999345,-8.437713379215236,-8.622609712561124,-8.809436904183167,-3.071502218391996,           6,-3.248691747150809,0.002419360758802062, 333.5044600396178,      0.4362322587548261,   2.009647617189641,      2.00769334900394, 2.008670483096791,  0.4604040401135992
0.08669566899999381,-8.438582598682055,-8.622999887125925,-8.811372210546145,-3.072585973501714,           6,-3.247837581115053,0.002420329973214348, 333.5257840731363,      0.4362601511293582,   2.010484481160925,     2.008531168725723, 2.009507824943324,  0.4605959658537066
0.08580284800000015,-8.439453845451172,-8.623378378713136,-8.813305452445064,-3.073672136798408,           6, -3.24698926455002,0.002421296914899127, 333.5470130311579,      0.4362879191427385,   2.011320420136519,     2.009368060146962,  2.01034424014174,  0.4607876791983312
0.08657525699999269,-8.440327148838101,-8.623745501570919,-8.815236380581926,-3.074760788529738,           6,-3.246146647005077,0.002422261553395458, 333.5681471025056,      0.4363155630419523,   2.012155395227897,     2.010203986827563,  2.01117969102773,  0.4609791715144991
0.08419087100000411,-8.441202537131057,-8.624101573192826,-8.817164749380364,  -3.0758520069963,           6,-3.245309658733911,0.002423223859139845, 333.5891864674883,      0.4363430830628482,   2.012989367784257,     2.011038912594182, 2.012014140189219,  0.4611704342270504
0.08642176099999688,-8.442080037616629,-8.624446914940988,-8.819090314996817,-3.076945868583677,           6,-3.244478265285726,0.00242418380345555, 333.6101312980687,      0.4363704794303577,   2.013822299416238,     2.011872801318033, 2.012847550367136,  0.4613614587958951
0.08710769299999299,-8.442959676585316,-8.624781853007503,-8.821012835166032,-3.078042447763327,           6,-3.243652425465708,0.002425141358541893, 333.6309817580264,      0.4363977523587089,   2.014654152063711,      2.01270561676918, 2.013679884416445,  0.4615522367070811
0.08816553299999441,-8.443841479335509, -8.62510671679199,-8.822932068584528,-3.079141817104504,           6,-3.242831822131068,0.002426096497461671, 333.6517380031356,      0.4364249020516581,   2.015484888088765,     2.013537323250397, 2.014511105669581,  0.4617427595560962
0.08703863000000922,-8.444725469797781,-8.625421832220979,-8.824847774310431,-3.080244046616487,           6,-3.242016295689537,0.002427049194129258, 333.6724001813327,      0.4364519287027099,   2.016314470362525,      2.01436788549101, 2.015341177926767,  0.4619330190456495
0.08506516599999259,-8.445611670813941,-8.625727525596755,-8.826759712281021,-3.081349204190392,           6,-3.241205692552653,0.00242799942329854, 333.6929684328976,       0.436478832495354,   2.017142862318209,     2.015197268476491,  2.01617006539735,  0.4621230069722244
0.09126831400000412,-8.446500104254881,-8.626024124880027,-8.828667642747327, -3.08245735580126,           6,-3.240399754354946,0.002428947160550116,  333.713442890633,      0.4365056136032997,   2.017970027965384,     2.016025437332072, 2.016997732648728,  0.4623127152143731
0.08685706100000345,-8.447390791027823,-8.626311959492812,-8.830571326140436,-3.083568565512988,           6,-3.239598360449087,0.002429892382278206, 333.7338236800531,      0.4365322721907227,   2.018795931880097,     2.016852357306592, 2.017824144593344,  0.4625021357297344
0.08677396000000215,-8.448283751063975,-8.626591362910178,-8.832470523604227,-3.084682895440269,           6,-3.238801501822691,0.002430835065677472, 333.7541109195744,      0.4365588084125148,   2.019620539188167,     2.017677993809831, 2.018649266498999,  0.4626912605573985
0.08718159599999353,-8.449179003282746,-8.626862664953636,-8.834364996948816,-3.085800405696048,           6,-3.238009038916679,0.002431775188729889, 333.7743047207007,      0.4365852224145259,   2.020443815551034,     2.018502312454064, 2.019473064002549,  0.4628800818210461
0.09465230800000768, -8.45007656557747, -8.62712619579125,-8.836254509169525,-3.086921154344904,           6,-3.237220752792513,0.002432712730191193, 333.7944051882233,      0.4366115143338254,   2.021265727153454,     2.019325279073133, 2.020295503113293,  0.4630685917297248
0.08932957700000088,-8.450976454870951,-8.627382287119858, -8.83813882243196,-3.088045197479682,           6, -3.23643638454135,0.002433647669577908, 333.8144124204119,      0.4366376842989529,   2.022086240689972,     2.020146859722304, 2.021116550206138,  0.4632567825762824
0.08519761099999812,-8.451878687108902,-8.627631270864788,-8.840017699142232,-3.089172589193729,           6,-3.235655934548084,0.002434579987153877, 333.8343265092131,      0.4366637324301765,   2.022905323346954,     2.020967020664874, 2.021936172005914,  0.4634446467337723
0.08558346500001335,-8.452783277287383,-8.627873477705627,-8.841890902725257,-3.090303381642716,           6,-3.234879402518648,0.002435509663917207, 333.8541475404529,       0.436689658839759,   2.023722942780394,     2.021785728287768, 2.022754335534081,  0.4636321766432382
0.08742641799999262,-8.453690239488132,-8.628109238223786, -8.84375819836931,-3.091437625098698,           6,-3.234106521322947,0.002436436681587663, 333.8738755940329,      0.4367154636322137,   2.024539067089937,      2.02260294908848, 2.023571008089209,  0.4638193648092389
0.08582106299999737,-8.454599586869596,-8.628338882767306, -8.84561935307342,-3.092575367915044,           6, -3.23333727896453,0.002437361022593996, 333.8935107441346,      0.4367411469045719,    2.02535366478984,     2.023418649806097, 2.024386157297968,  0.4640062038115374
0.08528820600000131,-8.455511331611431,-8.628562739497962,-8.847474135785189,-3.093716656434115,           6,-3.232571541348581,0.002438282670062073,  333.913053059426,      0.4367667087466529,    2.02616670477886,     2.024232797558819,  2.02519975116884,  0.4641926863174103
0.08542997899999705, -8.45642548490183,-8.628781133659272,-8.849322317354384,-3.094861534962258,           6,-3.231809080934269,0.002439201607803059, 333.9325026032676,       0.436792149241334,   2.026978156309792,     2.025045359901123, 2.026011758105458,   0.464378805084707
0.08764757499999121,-8.457342056973543,-8.628994387434362,-8.851163672214666,-3.096010045824627,           6,-3.231049766695651,0.002440117820301994, 333.9518594339171,      0.4368174684648178,   2.027787988954528,     2.025856304797287, 2.026822146875908,  0.4645645529548119
0.0878977859999992,-8.458261057187787,-8.629202820790269, -8.85299797857102,-3.097162229502931,           6,-3.230293529430761,0.002441031292706992, 333.9711236047366,      0.4368426664869031,   2.028596172524197,     2.026665600568898, 2.027630886546548,  0.4647499228374762
0.08743990400000712,-8.459182494090788,-8.629406752363993,-8.854825018420017, -3.09831812472976,           6,  -3.2295404970732,0.002441942010818854, 333.9902951643994,      0.4368677433712559,   2.029402676929677,     2.027473215864038, 2.028437946396858,  0.4649349076913002
0.08644378400001074,-8.460106375426902,-8.629606499632855,-8.856644578514251,-3.099477768521432,           6,-3.228790349282403,0.002442849961081012, 334.0093741571037,      0.4368926991756885,   2.030207472163376,      2.02827911965942, 2.029243295911398,  0.4651195005218904
0.08716239900000744,-8.461032708088124,-8.629802378747289,-8.858456449419679,-3.100641196057498,           6,-3.228043256252644,0.002443755130569879, 334.0283606227764,      0.4369175339524264,   2.031010528562173,     2.029083281284034, 2.030046904923104,  0.4653036944147038
0.09125889599999937,-8.461961497947593,-8.629994699534972,-8.860260427314596,-3.101808440431183,           6,-3.227298929783383,0.002444657506985499, 334.0472545972774,      0.4369422477483753,   2.031811816914628,     2.029885670448501, 2.030848743681565,  0.4654874825506981
0.08721517099999687,-8.462892749924542,-8.630183766991244,-8.862056313896911, -3.10297953270809,           6,-3.226557212358695,0.002445557078643014, 334.0660561126159,      0.4369668406054037,   2.032611308500939,     2.030686257271457, 2.031648782886198,  0.4656708582139352
0.0844750690000069, -8.46382646802085,-8.630369881322617,-8.863843916647374,-3.104154502001195,           6,-3.225818017453375,0.002446453834463871, 334.0847651971554,      0.4369913125606121,   2.033408975020733,     2.031485012106292, 2.032446993563513,  0.4658538147634488
0.08536874100001057,-8.464762655519463,-8.630553336632898, -8.86562304919347,-3.105333375814873,           6,-3.225081267995097,0.00244734776396773, 334.1033818758219,      0.4370156636466043,   2.034204788477705,     2.032281905356411, 2.033243346917058,  0.4660363455988526
0.0872929110000058,-8.465701315039917,-8.630734423786741,-8.867393532712988,-3.106516180134035,           6,-3.224346744729822,0.002448238857264429, 334.1219061703103,      0.4370398938917578,   2.034998721091318,     2.033076908871093, 2.034037814981206,  0.4662184443101906
0.08708578099999897,-8.466642447905913,-8.630913442631666,-8.869155195533368,-3.107702938326267,           6,-3.223614379868228,0.002449127105046175, 334.1403380992931,      0.4370640033204965,   2.035790745266269,     2.033869994799078, 2.034830370032673,  0.4664001045430555
0.08490386500000113,-8.467586055055893,-8.631090680620659,-8.870907872615456,-3.108893672721538,           6,-3.222884342478507,0.00245001249857973, 334.1586776786272,      0.4370879919535618,   2.036580833608875,     2.034661135607743, 2.035620984608309,  0.4665813200026635
0.08851485600000331,-8.468532136712152,-8.631266418303117,-8.872651405963142,-3.110088404057074,           6,-3.222156332228608,0.002450895029698905,  334.176924921558,      0.4371118598082789,   2.037368958918667,     2.035450304186836, 2.036409631552751,  0.4667620844647791
0.08564648699999111,-8.469480692284709,-8.631440934253531,-8.874385645363732,-3.111287151255187,           6,-3.221430279513548,0.002451774690797092, 334.1950798389252,      0.4371356068988266,    2.03815509420787,     2.036237473897564, 2.037196284052717,  0.4669423917835739
0.08471724499999311,-8.470431720375446,-8.631614503776438,-8.876110447956812, -3.11248993145654,           6, -3.22070628794986,0.002452651474819713, 334.2131424393648,      0.4371592332365008,   2.038939212769358,     2.037022618573876, 2.037980915671617,  0.4671222358995613
0.08848627099999362, -8.47138521882145,-8.631787396903444,-8.877825678095673,-3.113696760092149,           6,-3.219984284269459,0.002453525375256742, 334.2311127295113,      0.4371827388299797,   2.039721288249831,     2.037805712508089,  2.03876350037896,  0.4673016108463352
0.08641276399998787,-8.472341184702698,-8.631959878823553,-8.879531207349682,-3.114907650906432,           6,-3.219264126247262,0.002454396386134841, 334.2489907142024,       0.437206123685591,   2.040501294638102,     2.038586730435868, 2.039544012536985,   0.467480510747507
0.08530426699999794,-8.473299614399551, -8.63213221028043,-8.881226914513896,-3.116122616027369,           6,-3.218545646850016,0.002455264502009416, 334.2667763966782,      0.4372293878075731,   2.041279206244521,      2.03936564749844, 2.040322426871481,  0.4676589298100163
0.08679907799999853,-8.474260503643803,-8.632304649486041, -8.88291268471998,  -3.1173416660416,           6,-3.217828953112258,0.002456129717956669, 334.2844697787746,      0.4372525311983272,   2.042054997717737,     2.040142439125094, 2.041098718421415,  0.4678368623125861
0.08545104000000947,-8.475223847548268,-8.632477451563323,-8.884588410717814,-3.118564810078326,           6,-3.217113822086432,0.002456992029565544, 334.3020708611276,      0.4372755538586853,   2.042828644106935,     2.040917081110049, 2.041872862608492,  0.4680143026216662
0.08765590000000145, -8.47618964046549,-8.632650866292897,-8.886253991946241,-3.119792055537252,           6,-3.216400186770465,0.00245785143292919, 334.3195796433665,      0.4372984557881623,   2.043600120923676,     2.041689549712434, 2.042644835318055,  0.4681912452099758
0.08442067299999678,-8.477157876015008,-8.632825136987297,-8.887909335435214,-3.121023408131722,           6,-3.215687964340177,0.002458707924636623, 334.3369961243085,      0.4373212369852113,   2.044369404162983,     2.042459821685061, 2.043414612924022,  0.4683676846622198
0.08714830200000279,-8.478128547159784,-8.633000501404629,-8.889554355046787,-3.122258872009803,           6,-3.214977143063238,0.002459561501763752, 334.3543203021508,      0.4373438974474742,   2.045136469457471,     2.043227874223232, 2.044182171840351,  0.4685436155722804
0.08401523199999872,-8.479101646615979,-8.633177187223318,-8.891188971176904,-3.123498450460417,           6,-3.214267532822323,0.002460412161862662, 334.3715521746585,      0.4373664371720276,   2.045901294086107,     2.043993684890594,  2.04494748948835,   0.468719032764933
0.08510364999999354,-8.480077165811215,-8.633355434616924,-8.892813109654828,-3.124742144082065,           6,-3.213559054242566,0.002461259902953255, 334.3886917393555,      0.4373888561556326,   2.046663855598263,     2.044757231568226, 2.045710543583245,  0.4688939311323213
0.08618698899999799,-8.481055096004509,-8.633535471283349, -8.89442670317592,-3.125989952754457,           6,-3.212851663008121,0.00246210472351372,  334.405738993708,      0.4374111543949751,    2.04742413178299,     2.045518492436885, 2.046471312109937,  0.4690683056284012
0.08731811899998831,-8.482035428021771,-8.633717519101209,-8.896029690918201,-3.127241875166103,           6,-3.212145409675185,0.002462946622470812,  334.422693935307,       0.437433331886904,   2.048182100753471,     2.046277445979783, 2.047229773366626,  0.4692421512789386
0.08730988399999262, -8.48301815210626,-8.633901796637385,-8.897622017863927,-3.128497908544062,           6,-3.211440262269392,0.0024637855991897, 334.4395565620525,      0.4374553886286726,   2.048937741019698,     2.047034070984487, 2.047985906002093,  0.4694154631900559
0.08456123499999535,-8.484003257892196,-8.634088518620338,-8.899203634416496,-3.129758048607465,           6,-3.210736421363031,0.002464621653463919, 334.4563268723285,      0.4374773246181668,   2.049691031524872,     2.047788346527755, 2.048739689026314,  0.4695882365506647
0.08736000000000388,-8.484990734459572,-8.634277896393119, -8.90077449582501,-3.131022289654496,           6,-3.210033599360948,0.002465454785505302, 334.4730048651799,      0.4374991398541375,   2.050441951659945,     2.048540251971027, 2.049491101815486,  0.4697604666336171
0.0861488249999951,-8.485980570342493,-8.634470136954082,-8.902334563427472,-3.132290624572477,           6,-3.209331765667844,0.002466284995933326, 334.4895905404895,      0.4375208343364315,   2.051190481085168,     2.049289766986455, 2.050240124035811,  0.4699321487782371
0.08859544099999539,-8.486972753653438,-8.634665445838067,-8.903883803909389,-3.133563045074484,           6,-3.208630893743244,0.002467112285765275, 334.5060838991448,      0.4375424080662094,   2.051936599865981,     2.050036871600828, 2.050986735733404,  0.4701032784109272
0.08608992099999568,-8.487967271926419,-8.634864022567251,-8.905422186903737,-3.134839541412811,           6,-3.207931061884857,0.002467936656405849, 334.5224849432063,      0.4375638610461667,   2.052680288655412,     2.050781546232436, 2.051730917443924,  0.4702738510702982
0.0869374150000084,-8.488964112086892,-8.635066057615285,-8.906949692092159,-3.136120102295168,           6,-3.207232348291143,0.002468758109637398, 334.5387936760752,      0.4375851932807521,   2.053421528693551,     2.051523771700753, 2.052472650197152,  0.4704438624082178
0.08653831599998796,-8.489963260606205,-8.635271735936504,-8.908466304390817,-3.137404715159072,           6,-3.206534693568207,0.002469576647609923, 334.5550101026541,      0.4376064047763784,   2.054160301712118,      2.05226352921093, 2.053211915461524,  0.4706133081770967
0.08681542999998726,-8.490964703547636, -8.63548124133021,-8.909972013173032,-3.138693366241612,           6,-3.205837704121977,0.002470392272831182, 334.5711342295056,      0.4376274955416294,   2.054896589843318,     2.053000800330413, 2.053948695086866,  0.4707821842167632
0.08632248000000686,-8.491968426596465, -8.63569475422166,-8.911466812203058,-3.139986040623814,           6,-3.205141426490254,0.002471204988157461,  334.587166065006,      0.4376484655874618,   2.055630375575864,     2.053735566972386, 2.054682971274125,  0.4709504864475264
0.08538156599999525,-8.492974415061413,-8.635912452347322, -8.91295070022824,-3.141282722251025,           6, -3.20444588690313,0.002472014796784174, 334.6031056194999,      0.4376693149274063,   2.056361641748206,     2.054467811391793,     2.05541472657,  0.4711182108689436
0.08945687199999952,-8.493982653858712,-8.636134509019387,-8.914423681940242,-3.142583393887499,           6,-3.203751139107786,0.002472821702236669, 334.6189529054504,      0.4376900435777653,   2.057090371555053,     2.055197516191674, 2.056143943873364,  0.4712853535612941
0.08745418200000188,-8.494993127508634,-8.636361093669484, -8.91588576804547,-3.143888037099841,           6,-3.203057021444051,0.002473625708361651, 334.6347079375859,      0.4377106515578038,   2.057816548554142,     2.055924664334628, 2.056870606444385,  0.4714519106876685
0.08812577599999827,-8.496005820122033,-8.636592372389808,-8.917336973379562,-3.145196632209509,           6,-3.202363481427483,0.00247442681931845, 334.6503707330405,      0.4377311388899335,   2.058540156670632,     2.056649239155209,  2.05759469791292,  0.4716178784958932
0.08862131100001136,-8.497020715426169,-8.636828507116407,-8.918777318693648,-3.146509158353123,           6,-3.201670787443849,0.002475225039570927, 334.6659413114978,      0.4377515055999012,   2.059261180199569,     2.057371224370559, 2.058316202285064,  0.4717832533200318
 0.087025856000011,-8.498037796784299,-8.637069655215871,-8.920206831092878,-3.147825593531483,           6,  -3.2009787219917,0.0024760203738797, 334.6814196953173,      0.4377717517169535,   2.059979603806975,     2.058090604090296, 2.059035103948636,  0.4719480315816423
0.08658031699999924, -8.49905704720469,-8.637315969461563,-8.921625543390507,-3.149145914605856,           6,-3.200287269057815,0.002476812827293985, 334.6968059096739,        0.43779187727402,   2.060695412527236,     2.058807362823524,  2.05975138767538,  0.4721122097902811
0.08539224700000148,-8.500078449360167,-8.637567599266058,-8.923033493842057,-3.150470097333721,           6,-3.199596484654458,0.002477602405144725, 334.7120999826859,      0.4378118823078802,   2.061408591756793,     2.059521485484092, 2.060465038620443,   0.472275784543384
0.0854375239999996,-8.501101985605739,-8.637824690067033,-8.924430726132957,  -3.1517981164069,           6,-3.198906333352861,0.002478389113037134, 334.7273019455414,      0.4378317668593286,   2.062119127245558,     2.060232957394405, 2.061176042319981,  0.4724387525257177
0.08651143400000194,-8.502127637968792,-8.638087383428186,-8.925817288967556,-3.153129945432349,           6,-3.198216743735481,0.002479172956844156, 334.7424118326187,      0.4378515309733332,   2.062827005087522,     2.060941764288282, 2.061884384687902,  0.4726011105086316
0.09663957899999787,-8.503155388191985,-8.638355816837638, -8.92719323673313,-3.154465557006066,           6,-3.197527669271353,0.002479953942699674, 334.7574296816064,      0.4378711746991916,   2.063532211712533,     2.061647892313532, 2.062590052013032,  0.4727628553494106
0.08496872999999994,-8.504185217739778,-8.638630123969639,-8.928558629593009,-3.155804922729296,           6,-3.196839099309183,0.002480732076992548, 334.7723555336191,      0.4378906980906825,   2.064234733880672,     2.062351328034334, 2.063293030957503,   0.472923983990904
0.0848468150000059, -8.50521710779787,-8.638910434531464, -8.92991353340261,-3.157148013211478,           6, -3.19615104006136,0.002481507366360096, 334.7871894333089,      0.4379101012062123,   2.064934558680209,     2.063052058433084, 2.063993308556647,  0.4730844934615016
0.08464225100000533,-8.506251039276792,-8.639196874290748,-8.931258019519079,-3.158494798082209,           6,-3.195463578554285,0.002482279817682549, 334.8019314289745,      0.4379293841089565,   2.065631673529307,     2.063750070865348, 2.064690872197327,  0.4732443808701673
0.08515769500000658,-8.507286992851334,-8.639489565533374,-8.932592164635347,-3.159845246070384,           6,-3.194776781383654,0.00248304943807707,  334.816581572664,      0.4379485468669959,    2.06632606618018,      2.06444535302668,  2.06538570960343,  0.4734036434031133
0.08788311899999712,-8.508324948943736,-8.639788627648535, -8.93391604891343,-3.161199324986314,           6,-3.194090744353129,0.002483816234892757, 334.8311399202803,      0.4379675895534525,   2.067017724698792,     2.065137893005643, 2.066077808852218,  0.4735622783275485
0.08522916200000452,-8.509364887708328,-8.640094175793163,-8.935229755764169,-3.162557001711849,           6,-3.193405402675137,0.002484580215704784, 334.8456065316772,      0.4379865122466165,   2.067706637443729,     2.065827679344284, 2.066767158394006,  0.4737202829961891
0.08543275499999936,-8.510406789043486,-8.640406319086493,-8.936533379058501,-3.163918242208776,           6,-3.192720655775067,0.002485341388310838, 334.8599814707524,      0.4380053150300681,   2.068392793084754,      2.06651470105059, 2.067453747067672,  0.4738776548508124
0.08570897699999591,-8.511450632613185,-8.640725164818614,-8.937827017099542, -3.16528301153218,           6,-3.192036494117971,0.002486099760721899, 334.8742648055411,      0.4380239979927987,   2.069076180655709,     2.067198947564203, 2.068137564109956,  0.4740343914243894
0.08430175399999484,-8.512496397861781, -8.64105081623998,-8.939110771615873,-3.166651273858597,           6,-3.191352919374637,0.002486855341159559, 334.8884566083017,      0.4380425612293243,   2.069756789605377,     2.067880408715413, 2.068818599160395,  0.4741904903422159
0.08469656599999098,-8.513544064027295,-8.641383373098943,-8.940384747475328,-3.168022992521935,           6,-3.190670141278362,0.002487608138050757, 334.9025569556014,      0.4380610048397967,   2.070434609815469,     2.068559074602294, 2.069496842208881,  0.4743459493098911
 0.086617418000003,-8.514593610224825,-8.641722932339453,-8.941649053359583,-3.169398130168922,           6,-3.189988205325241,0.002488358160022824, 334.9165659283954,      0.4380793289301074,   2.071109631583084,     2.069234935644036,  2.07017228361356,  0.4745007661174218
0.08818933899999593,-8.515645015372717,-8.642069587492964,-8.942903798916825,-3.170776648630302,           6,-3.189306944644674,0.002489105415897985, 334.9304836121001,       0.438097533611983,   2.071781845589024,     2.069907982683596,  2.07084491413631,  0.4746549386473533
0.08414203700002076,-8.516698258191306,-8.642423430966156,-8.944149100459391, -3.17215850889384,           6,-3.188626553302873,0.002489849914688215, 334.9443100966689,      0.4381156190030849,   2.072451242845425,     2.070578206710068, 2.071514724777747,  0.4748084648369517
0.08571423699999059, -8.51775331741328,-8.642784550988054, -8.94538508019185, -3.17354367150162,           6,-3.187946985984047,0.002490591665590145, 334.9580454766611,      0.4381335852270994,   2.073117814663923,     2.071245599243361, 2.072181706953642,    0.47496134271864
0.08627097999999478,-8.518810171588338,-8.643153031486662,-8.946611862608748, -3.17493209618944,           6,-3.187268112739766,0.002491330677979161,  334.971689851308,       0.438151432413823,   2.073781552677407,     2.071910152525804, 2.072845852601605,  0.4751135704444514
0.08470196599998303,-8.519868798922019,-8.643528952106221,-8.947829574594858, -3.17632374157679,           6,-3.186589992284058,0.002492066961404558, 334.9852433245778,      0.4381691606992491,   2.074442448893547,     2.072571859149337, 2.073507154021442,  0.4752651462494368
0.08641722199999435,-8.520929177567897,-8.643912391042136,-8.949038344765672,-3.177718565716833,           6,-3.185912704922024,0.002492800525583197, 334.9987060052343,      0.4381867702256435,   2.075100495669219,     2.073230711965581, 2.074165603817399,  0.4754160684384278
0.08424304100000768,-8.521991285766749,-8.644303423002105,-8.950238303914141,-3.179116526382389,           6,-3.185236428287785,0.002493531380394834, 335.0120780068919,      0.4382042611416164,   2.075755685666605,     2.073886704077631, 2.074821194872118,  0.4755663353800666
0.0854365019999932,-8.523055101725578,-8.644702124740325,-8.951429580549686,-3.180517580823342,           6,-3.184561017532349,0.002494259535875532, 335.0253594480694,      0.4382216336021937,   2.076408011965041,     2.074539828866538, 2.075473920415789,  0.4757159455226561
0.0852324880000026,-8.524120603424903,-8.645108567596493, -8.95261230872997,-3.181921685421216,           6, -3.18388650208583,0.002494985002212635,   335.03855045224,      0.4382388877688813,   2.077057468133447,      2.07519008001062, 2.076123774072034,  0.4758648974046772
0.08510864999999512,-8.525187768714662,-8.645522817785846,-8.953786628558381,-3.183328795851152,           6,-3.183212927785225,0.002495707789738369, 335.0516511478763,      0.4382560238097247,   2.077704048218086,      2.07583745149303, 2.076770749855558,  0.4760131896542506
0.08476472599997464,-8.526256575394825,-8.645944938670146,-8.954952680715236,-3.184738867252836,           6,-3.182540341351257,0.002496427908923908, 335.0646616684946,      0.4382730418993664,   2.078347746680555,     2.076481937603849, 2.077414842142202,   0.476160820982272
0.08476051799999595,-8.527327001255752,-8.646374991432277,-8.956110606114891,-3.186151854301615,           6,-3.181868784778012,0.002497145370373558, 335.0775821526942,      0.4382899422190981,   2.078988558337551,     2.077123532800691, 2.078056045569121,  0.4763077901595325
0.08483845899999665,-8.528399024135979,-8.646813034537182,-8.957260545914593,-3.187567711314834,           6,-3.181198363115492,0.002497860184818203, 335.0904127441955,      0.4383067249569095,   2.079626478325536,     2.077762231498573, 2.078694354912055,  0.4764540959885881
0.08404640200001268,-8.529472621935229,-8.647259122808286,-8.958402641774208,-3.188986392304701,           6,-3.180529273125372,0.002498572363108495, 335.1031535918743,      0.4383233903075339,   2.080261502088128,     2.078398029226944, 2.079329765657536,  0.4765997374349144
0.08683040900001515,-8.530547772090355,-8.647713316773247,-8.959537036937625,-3.190407849970088,           6,-3.179861434724046,0.002499281916211081, 335.1158048497894,      0.4383399384724843,    2.08089362537723,     2.079030921696156, 2.079962273536693,  0.4767447135200504
0.08701133799999639,-8.531624452314801,-8.648175669661555,-8.960663874590974,-3.191832037085535,           6,-3.179194775799916,0.002499988855201224, 335.1283666772104,      0.4383563696600891,   2.081522844259987,     2.079660904804943, 2.080591874532465,  0.4768890233232522
0.08548184900001843, -8.53270264036124,-8.648646231972663,-8.961783297947115,-3.193258906054617,           6,-3.178529488676654,0.002500693191256809, 335.1408392386413,      0.4383726840855238,   2.082149155127151,     2.080287974713067, 2.081218564920109,  0.4770326659907776
0.08646714900001484,-8.533782313958753,-8.649125052317087,-8.962895448109968,-3.194688408821879,           6,-3.177865586621129,0.002501394935651869, 335.1532227038435,      0.4383888819708405,   2.082772554699394,     2.080912127883542, 2.081842341291468,  0.4771756407414487
0.08571037900000533,-8.534863450785613,-8.649612175869859, -8.96400046968469,-3.196120496802923,           6,-3.177203011602894,0.00250209409975107, 335.1655172478524,      0.4384049635449903,   2.083393040029736,     2.081533361095497, 2.082463200562617,   0.477317946868404
0.08744741900000008,-8.535946028553225,-8.650107646683882, -8.96509850799117,-3.197555121022119,           6, -3.17654226149274,0.002502790695003218, 335.1777230509947,      0.4384209290438446,   2.084010608500785,      2.08215167144799, 2.083081139974388,  0.4774595837392192
0.08583633200001373,-8.537030024974829,-8.650611506703981,-8.966189708952813,-3.198992232295133,           6,-3.175882991400115,0.002503484732936694, 335.1898402988953,      0.4384367787102057,   2.084625257818249,     2.082767056364874, 2.083696157091562,  0.4776005507957219
0.08573043800001301,  -8.5381154177949,-8.651123795800391,-8.967274217100311,-3.200431780920808,           6,-3.175225276750864,0.002504176225151595, 335.2018691824899,      0.4384525127938223,    2.08523698600185,     2.083379513598565, 2.084308249800208,  0.4777408475533813
0.08430295699997714,-8.539202184823512,-8.651644551524843, -8.96835217635472,-3.201873716774605,           6,-3.174569250131391,0.002504865183316773, 335.2138098980288,      0.4384681315513947,   2.085845791375882,     2.083989041231372, 2.084917416303627,  0.4778804736003791
0.08620866999999066,-8.540290303942225,-8.652173810089966,-8.969423728567333,-3.203317989429109,           6,-3.173914850315944,0.002505551619162346, 335.2256626470834,      0.4384836352465835,   2.086451672561381,     2.084595637674336, 2.085523655117858,  0.4780194285965792
0.08464040699999487, -8.54137975307872,-8.652711605549792,-8.970489016390951,-3.204764548212023,           6,-3.173262250564572,0.002506235544476586, 335.2374276365459,      0.4384990241500087,   2.087054628469777,     2.085199301664212, 2.086126965066994,  0.4781577122724536
0.08803639399999952,-8.542470510223227,-8.653257969363228,-8.971548182745247,-3.206213342263356,           6,-3.172611554899724,0.002506916971098224, 335.2491050786242,      0.4385142985392438,   2.087654658298474,     2.085800032260491, 2.086727345279482,   0.478295324428235
0.08417705300001899,  -8.5435625534412,-8.653812931332187,-8.972601370352303,-3.207664320480009,           6,-3.171962755441042,0.00250759591091316, 335.2606951908386,      0.4385294586988108,   2.088251761528243,     2.086397828843361, 2.087324795185802,  0.4784322649333851
0.08468099499998516,-8.544655860879789,-8.654376519649919, -8.97364872100524,-3.209117431475482,           6,-3.171315973943345,0.002508272375848694, 335.2721981960129,      0.4385445049201689,   2.088845937922646,     2.086992691113213,  2.08791931451793,  0.4785685337264702
0.08682576000001063,-8.545750410775407,-8.654948761010402,-8.974690375522925,-3.210572623622922,           6, -3.17067123239123,0.002508946377868824, 335.2836143222627,       0.438559437501699,   2.089437187529481,     2.087584619090836, 2.088510903310159,  0.4787041308153506
0.08420314399998574,-8.546846181427004,-8.655529680425996,-8.975726473473987,-3.212029845050726,           6,-3.170028776305086,0.002509617928970532, 335.2949438029818,       0.438574256748686,   2.090025510683455,     2.088173613116849, 2.089099561900152,  0.4788390562774218
0.08838718999999173,-8.547943151221995,-8.656119299393843,-8.976757153617022,-3.213489043723087,           6,-3.169388434520898,0.0025102870411775, 335.3061868768274,      0.4385889629732997,   2.090610908009511,     2.088759673849756, 2.089685290929634,   0.478973310259772
0.08482950100000153,-8.549041298627646,-8.656717640276373,-8.977782553058907,-3.214950167397203,           6,-3.168750214438027,0.002510953726537851, 335.3173437876991,      0.4386035564945669,   2.091193380422088,      2.08934280225665, 2.090268091339369,  0.4791068929780327
0.08536575499999799,-8.550140602217455,-8.657324723040311,-8.978802807189354,-3.216413163680201,           6,-3.168114235136251,0.002511617997119212, 335.3284147847181,      0.4386180376383444,   2.091772929116595,     2.089922999594672, 2.090847964355634,  0.4792398047132764
0.08577088600000593,-8.551241040664758,-8.657940566364244,-8.979818050850501,-3.217877980005906,           6,-3.167480595291541,0.002512279865004094, 335.3394001222057,      0.4386324067372909,    2.09234955556074,     2.090500267399872, 2.091424911480306,  0.4793720458097461
0.08550106600000618,-8.552342592746808,-8.658565187832153,-8.980828418084666,-3.219344563672615,           6,-3.166849295220829,0.002512939342287131, 335.3503000596559,       0.438646664130831,   2.092923261495333,     2.091074607495798, 2.091998934495566,  0.4795036166759323
0.08675896200000466,-8.553445237427479, -8.65919860325133,-8.981834038997242,-3.220812862063966,           6, -3.16622054826429,0.002513596441070722, 335.3611148617074,       0.438660810165119,   2.093494048944597,      2.09164602201329, 2.092570035478944,  0.4796345177880225
0.08412699699999848,-8.554548953790269, -8.65984082536213,-8.982835046829669,-3.222282822439277,           6,-3.165594414326954,0.00251425117346218, 335.3718447981119,      0.4386748451929968,   2.094061920229582,     2.092214513407469, 2.093138216818526,  0.4797647496933857
0.08423878300001775,-8.555653721035577,-8.660491865248879,-8.983831572786311, -3.22375439193942,           6,-3.164970869927126,0.002514903551568721, 335.3824901436976,      0.4386887695739468,    2.09462687797436,      2.09278008445787, 2.093703481216115,   0.479894313011298
0.08443795599998793,-8.556759518499703,-8.661151732919768,-8.984823744338872,-3.225227517652705,           6,-3.164350103104249,0.002515553587496819,  335.393051178337,       0.438702583674049,   2.095188925099962,     2.093342738250837,   2.0942658316754,  0.4800232084302297
0.08436067700000649,-8.557866325678674,-8.661820437226723,-8.985811688056687,-3.226702146674124,           6,-3.163732038930572,0.002516201293346456, 335.4035281869088,      0.4387162878659321,   2.095748064809259,       2.0939024781541, 2.094825271481679,  0.4801514367031988
0.08441307900000083,-8.558974122236565,-8.662497985795225, -8.98679552812033,-3.228178226119912,           6,-3.163116765216975,0.002516846681208923, 335.4139214592559,       0.438729882528718,   2.096304300570318,     2.094459307794557, 2.095381804182437,  0.4802789986433182
0.08813419200001249,-8.560082888010191,-8.663184385380081,-8.987775386561086,-3.229655703160956,           6,-3.162504357567493,0.002517489763164022, 335.4242312901454,      0.4387433680479694,   2.096857636104154,     2.095013231043894, 2.095935433574024,  0.4804058951207429
0.08531406500000571,-8.561192603011586,-8.663879641835042,-8.988751383528859,-3.231134525023761,           6, -3.16189485170711,0.002518130551277018, 335.4344579792242,      0.4387567448156321,   2.097408075378486,     2.095564252010957, 2.096486163694721,  0.4805321270610812
0.08545403600001578,-8.562303247410956,-8.664583759827561,-8.989723637116059,-3.232614638980701,           6,-3.161288316344881,0.002518769057595633, 335.4446018309742,      0.4387700132299762,   2.097955622605673,     2.096112375037984, 2.097033998821829,  0.4806576954447254
0.08625754400000574,-8.563414801541565,-8.665296742698308,-8.990692263501298,-3.234095992370827,           6, -3.16068481455323,0.002519405294146185, 335.4546631546648,      0.4387831736955337,   2.098500282242137,     2.096657604698335, 2.097578943470237,  0.4807826013065263
 0.083991095000016,-8.564527245899354,-8.666018592440336, -8.99165737690439, -3.23557853260971,           6,  -3.1600844451316,0.00252003927293187, 335.4646422643037,      0.4387962266230345,   2.099042058987978,     2.097199945794652, 2.098121002391315,  0.4809068457355376
0.08441438200000562,-8.565640561150245, -8.66674930984224,-8.992619089409802,-3.237062207213381,           6,-3.159487297505594,0.00252067100592964,  335.474539478585,       0.438809172429339,   2.099580957787091,     2.097739403357488, 2.098660180572289,  0.4810304298748728
0.08694195399999671,-8.566754728133787,-8.667488894469976,-8.993577510878653,-3.238546963813665,           6,  -3.1588934646149,0.002521300505087604, 335.4843551208371,      0.4388220115373684,   2.100116983827645,     2.098275982644349, 2.099196483235997,    0.48115335492165
0.0870000859999891,-8.567869727869377,-8.668237344248935,-8.994532748682802,-3.240032750178296,           6,-3.158303120532173,0.002521927782321622, 335.4940895189672,      0.4388347443760339,   2.100650142539723,     2.098809689139108, 2.099729915839416,  0.4812756221266541
0.08391445699999167,-8.568985541568514,-8.668994657214117,-8.995484907727054,-3.241519514263141,           6, -3.15771632954638,0.002522552849512381, 335.5037430054089,      0.4388473713801669,   2.101180439583916,     2.099340528551273, 2.100260484067594,  0.4813972327929456
0.08558717200000387,-8.570102150616934,-8.669760829219928,-8.996434090853231,-3.243007204167458,           6,-3.157133313514689,0.002523175718504461, 335.5133159170612,        0.43885989299044,   2.101707880822061,     2.099868506814342, 2.100788193818202,  0.4815181882723194
0.0848281479999855, -8.57121953663202,-8.670535855380278,-8.997380398802875,-3.244495768254296,           6,-3.156553977871019,0.002523796401101994, 335.5228085952322,      0.4388723096532927,   2.102232472316187,     2.100393630063487, 2.101313051189837,  0.4816384899626254
0.08622940000000767,-8.572337681428436,-8.671319730185543,-8.998323929530423,-3.245985155056679,           6,-3.155978595481892,0.002524414909066975, 335.5322213855754,      0.4388846218208485,   2.102754220364728,     2.100915904595582, 2.101835062480155,  0.4817581393073386
0.08637833700001352,-8.573456567041834,-8.672112447360334,-8.999264778328543,-3.247475313395467,           6,-3.155407139507143,0.002525031254116102, 335.5415546380297,      0.4388968299508362,   2.103273131549245,     2.101435336820655,  2.10235423418495,  0.4818771377953493
0.08492164900002308,-8.574576175679155,-8.672914000171962,-9.000203037656478,-3.248966192228657,           6,-3.154839627529953,0.002525645447918248, 335.5508087067578,      0.4389089345065099,   2.103789212755039,     2.101951933336866, 2.102870573045952,  0.4819954869719183
0.08404179300001147, -8.57569648970477,-8.673724380228052,-9.001138796798919,-3.250457740664428,           6,-3.154276106811376,0.002526257502093169, 335.5599839500811,      0.4389209359565626,   2.104302471155036,     2.102465701029887, 2.103384086092461,  0.4821131884482198
0.08531060900000398,-8.576817491653028,-8.674543577861627,-9.002072142524153,-3.251949907967837,           6,-3.153716623576428,0.00252686742820822, 335.5690807304132,      0.4389328347750408,   2.104812914172133,     2.102976647121447,  2.10389478064679,  0.4822302439025891
0.08637044200000332,-8.577939164257133,-8.675371581992719,-9.003003160161297,-3.253442643653827,           6,-3.153161655537803,0.002527475237775786, 335.5780994141972,      0.4389446314412611,   2.105320549442379,     2.103484779152449, 2.104402664297414,  0.4823466550743679
0.08479933300000653,-8.579061490528559,-8.676208380000462,-9.003931932773588,-3.254935897679128,           6,-3.152611034097542,0.002528080942251245, 335.5870403718336,      0.4389563264397169,   2.105825384776877,     2.103990104932454, 2.104907744854666,  0.4824624237537499
0.08773881999999844,-8.580184453722133,-8.677053959961949,-9.004858541253434,-3.256429620336466,           6,-3.152064761558368,0.002528684553030717, 335.5959039776128,      0.4389679202599894,   2.106327428137491,      2.10449263248811,   2.1054100303128,  0.4825775517730848
0.08714346200000023,-8.581308037351675,-8.677908309660696,-9.005783063481958,-3.257923762318522,           6,-3.151523336585744,0.002529286081449248, 335.6046906096482,      0.4389794133966604,    2.10682668764668,     2.104992370029036, 2.105909528837858,  0.4826920410040973
0.08819376700000703,-8.582432225189635,-8.678771417823789,-9.006705574662842,-3.259418274733765,           6,-3.150986654036504,0.002529885538778766, 335.6134006498024,      0.4389908063492161,   2.107323171621863,     2.105489325933632, 2.106406248777748,  0.4828058933601979
0.08390207399997962,-8.583557001200511,-8.679643268715061,-9.007626147907663,-3.260913108990588,           6,-3.150454801695909,0.002530482936225544, 335.6220344836185,      0.4390020996219563,    2.10781688860411,     2.105983508747669,  2.10690019867589,  0.4829191107996096
0.08540493099999935,-8.584682349556658,-8.680523849467795,-9.008544853331554,-3.262408216802228,           6,-3.149927738476725,0.002531078284928418, 335.6305925002459,      0.4390132937238984,   2.108307847361562,     2.106474927190774, 2.107391387276168,   0.483031695326504
0.08760601399998791,-8.585808254640082,-8.681413145319182,-9.009461758082509,-3.263903550211717,           6,-3.149405518380579,0.002531671595956779, 335.6390750923695,      0.4390243891686842,   2.108796056868635,     2.106963590164947, 2.107879823516791,  0.4831436489895925
0.08761052200000563,-8.586934701066046,-8.682311140057539, -9.01037692819121,-3.265399061651627,           6,-3.148888599595835,0.002532262880307965, 335.6474826561366,      0.4390353864744843,   2.109281526277457,      2.10744950676138, 2.108365516519418,  0.4832549738796361
0.0854906959999937,-8.588061673708618,-8.683217816488144,-9.011290427552662,-3.266894704037383,           6,-3.148376760425373,0.002532852148908149,  335.655815591082,      0.4390462861639002,   2.109764264897342,     2.107932686242813, 2.108848475570078,  0.4833656721250696
0.08743233899997449,-8.589189157668613,-8.684133157213315,-9.012202318250738,-3.268390430680654,           6,-3.147870168219947,0.002533439412608267, 335.6640743000553,      0.4390570887638697,   2.110244282186641,     2.108413137720757, 2.109328709953699,  0.4834757458540765
0.08435676999999941,-8.590317138438673,-8.685057144394651, -9.01311265967608,-3.269886195654998,           6,-3.147368648958399,0.002534024682183537, 335.6722591891432,      0.4390677948055641,   2.110721587754193,     2.108890870524899, 2.109806229139546,  0.4835851972370914
0.08432697300000314,-8.591445601566019,-8.685989758154756,-9.014021508076521,-3.271381953100398,           6, -3.14687225643937,0.002534607968331431, 335.6803706675957,       0.439078404824293,   2.111196191364287,      2.10936589476858, 2.110281043066434,  0.4836940285521731
0.08407903399998418,-8.592574532570534,-8.686930982414815,-9.014928917336471,-3.272877657057629,           6,-3.146381271248991,0.00253518928167065, 335.6884091477517,      0.4390889193594059,    2.11166810294141,     2.109838220694417, 2.110753161817914,  0.4838022421105561
0.08655404499998554,-8.593703917464602,-8.687880796869361,-9.015834940095953,-3.274373262564629,           6,-3.145895636182759,0.002535768632739369, 335.6963750449602,      0.4390993389541899,   2.112137332573544,     2.110307858618097,  2.11122259559582,  0.4839098402505859
0.09074126800001636,-8.594833742556958,-8.688839180112055, -9.01673962719387,-3.275868725264268,           6, -3.14541583644767,0.002536346031994844, 335.7042687775049,      0.4391096641557707,   2.112603890513537,     2.110774818961719, 2.111689354737628,  0.4840168253416979
0.08596232499999701,-8.595963994404217,-8.689806110804147,-9.017643028438117,-3.277364001311104,           6, -3.14494162839025,0.002536921489812499,  335.712090766525,      0.4391198955150088,   2.113067787178078,     2.111239112284053, 2.112153449731066,  0.4841231997877673
0.08449550800000338,-8.597094659759273,-8.690781566987329,-9.018545191538841,-3.278859047272268,           6,-3.144472916297529,0.002537495016483978, 335.7198414359411,      0.4391300335864033,   2.113529033143148,     2.111700749291016, 2.112614891217082,  0.4842289660277881
0.0847759490000044,-8.598225725582308,-8.691765526286309, -9.01944616118767,-3.280353820142864,           6,-3.144009808617775,0.002538066622217129, 335.7275212123752,      0.4391400789279864,   2.113987639137821,     2.112159740835488, 2.113073689986654,  0.4843341265351425
0.08436257200000341,-8.599357179068045, -8.69275796663859,-9.020345979777446,-3.281848277434539,           6, -3.14355240172315,0.002538636317134856, 335.7351305250734,      0.4391500321012228,   2.114443616038803,     2.112616097912081, 2.113529856975441,  0.4844386838163747
0.08460489800000914,-8.600489007664901,-8.693758865682113,-9.021244688413923,-3.283342377204698,           6,-3.143100816073602,0.002539204111274767, 335.7426698058288,       0.439159893670909,   2.114896974867417,     2.113069831651976, 2.113983403259696,  0.4845426404102545
0.08703456200001369,-8.601621199079247,-8.694768200402512,-9.022142327258116,-3.284836078088041,           6,-3.142655029475443,0.002539770014588151, 335.7501394889035,      0.4391696642050705,   2.115347726788773,     2.113520953320338, 2.114434340054555,  0.4846459988873845
0.08505719000001477,-8.602753741251128,-8.695785947275912,-9.023038934704585,-3.286329339254438,           6,-3.142215423101443,0.002540334036940989, 335.7575400109505,      0.4391793442748607,   2.115795883111935,     2.113969474316599, 2.114882678714267,  0.4847487618502533
0.08559023800000887, -8.60388662238285,-8.696812080569632,-9.023934548333262,-3.287822120489509,           6,-3.141781907637941,0.002540896188112526,  335.764871810935,      0.4391889344544571,   2.116241455290159,     2.114415406176604, 2.115328430733381,   0.484850931933508
0.08445075100001986,-8.605019830906606,-8.697846575782282,-9.024829204041433,-3.289314382118626,           6,-3.141354418814045,0.002541456477795165, 335.7721353300568,      0.4391984353209602,   2.116684454919463,     2.114858760573359, 2.115771607746411,  0.4849525118038757
 0.084298337000007,-8.606153355472383,-8.698889407708034,-9.025722934472876,-3.290806084994264,           6, -3.14093307635823,0.002542014915594794, 335.7793310116734,      0.4392078474542928,   2.117124893734831,      2.11529954931418, 2.116212221524505,  0.4850535041594021
0.08597900800000957,-8.607287184979651,-8.699940550802301,-9.026615770982254,-3.292297190584339,           6,-3.140518259341866,0.002542571511030113, 335.7864593012232,      0.4392171714370994,    2.11756278360453,     2.115737784334887, 2.116650283969709,  0.4851539117281352
0.08544718199999579,-8.608421308576602, -8.70099997939132,-9.027507743803119,-3.293787660984945,           6,-3.140109740038952,0.002543126273533221, 335.7935206461439,      0.4392264078546401,   2.117998136523638,     2.116173477693801,  2.11708580710872,  0.4852537372666946
0.0847988919999807,-8.609555715646126,-8.702067664841399,-9.028398883023229,-3.295277458897176,           6,-3.139707573125879,0.0025436792124485, 335.8005154957963,        0.43923555729469,    2.11843096460858,     2.116606641565543, 2.117518803087061,  0.4853529835589357
0.08435057799999868,-8.610690395789648,-8.703143579262598,-9.029289218840177,-3.296766547613197,           6,-3.139311919044899,0.002544230337034442, 335.8074443013878,      0.4392446203474398,   2.118861280095287,     2.117037288237101, 2.117949284166194,  0.4854516534152874
0.0874853910000013,-8.611825338807071,-8.704227694671134,-9.030178782232094,-3.298254891000499,           6, -3.13892272940551,0.002544779656462698, 335.8143075158936,      0.4392535976053927,   2.119289095341369,     2.117465430105799, 2.118377262723584,  0.4855497496727684
0.0845001269999841,-8.612960534775524,-8.705319982390712,-9.031067598995586, -3.29974245364958,           6,-3.138540080820931,0.002545327179818035,   335.82110559398,      0.4392624896632634,    2.11971442283033,     2.117891079678019, 2.118802751254175,   0.485647275195324
0.08560498599999278,-8.614095974033512,-8.706420413190781,-9.031955693276897,-3.301229200791004,           6,-3.138164042953966,0.002545872916098635, 335.8278389919265,      0.4392712971178772,   2.120137275174785,     2.118314249567814,   2.1192257623713,  0.4857442328740354
0.0866749990000244,-8.615231647146205,-8.707528957938056,-9.032843087512138,-3.302715098264031,           6,-3.137794690173069,0.002546416874216536, 335.8345081675476,       0.439280020568067,   2.120557665115044,     2.118734952494831, 2.119646308804938,  0.4858406256267201
0.08542500999999447,-8.616367544933139, -8.70864558583623,-9.033729805121485,-3.304200112594843,           6,-3.137432312402929,0.002546959062997502, 335.8411135801182,       0.439288660614576,   2.120975605510023,     2.119153201281937,  2.12006440339598,  0.4859364563966176
0.08454939099999592,-8.617503658453629,-8.709770266801504,-9.034615868714864,-3.305684210993439,           6,-3.137077072257967,0.002547499491181542, 335.8476556902957,      0.4392972178599555,   2.121391109324219,     2.119569008852695, 2.120480059088457,  0.4860317281506078
0.08579694599998788,-8.618639979004298,-8.710902969209847,-9.035501299266087,-3.307167361385406,           6,-3.136728721711186,0.00254803816742248,  335.854134960042,      0.4393056929084637,   2.121804189616722,     2.119982388225154, 2.120893288920938,  0.4861264438772392
0.08777099200000293,-8.619776498105049,-8.712043661294746,-9.036386116311951,-3.308649532333838,           6,-3.136387436126006,0.002548575100289913, 335.8605518525484,      0.4393140863659662,   2.122214859535851,     2.120393352493735, 2.121304106014793,  0.4862206065840396
0.0865031579999993,-8.620913207525877,-8.713192311338336,-9.037270338388348,-3.310130693140273,           6,-3.136053664051125,0.002549110298268064, 335.8669068321596,      0.4393223988398378,   2.122623132319373,     2.120801914823044, 2.121712523571208,  0.4863142192968312
0.08561773099998504, -8.62205009929356,-8.714348886925348,-9.038153984155505,-3.311610813845498,           6,-3.135727174081493,0.002549643769756866, 335.8732003642958,      0.4393306309388598,   2.123029021296522,     2.121208088461491, 2.122118554879007,  0.4864072850615228
0.08587013799998999,-8.623187165641566,-8.715513356041123,-9.039037070790116,-3.313089865117096,           6,-3.135407847912787,0.002550175523071789, 335.8794329153774,      0.4393387832731218,   2.123432539879242,     2.121611886762386, 2.122522213320814,  0.4864998069455242
0.08662676599999486,-8.624324399026886,-8.716685686902689,-9.039919613705347,-3.314567818288306,           6,-3.135095765688078,0.002550705566444697, 335.8856049527502,       0.439346856453924,   2.123833701547105,     2.122013323196176,  2.12292351237164,    0.48659178803742
0.08438587599999892,-8.625461792145245,-8.717865846827344,-9.040801627445598, -3.31604464540535,           6,-3.134791298550322,0.002551233908024292, 335.8917169446099,      0.4393548510936783,   2.124232519840823,     2.122412411331844, 2.123322465586334,  0.4866832314440947
0.08821553799998583,-8.626599337960917,-8.719053801628364,-9.041683125472392,-3.317520319322863,           6,-3.134494252799149,0.002551760555876683, 335.8977693599295,      0.4393627678058131,   2.124629008368639,      2.12280916480849, 2.123719086588564,   0.486774140288207
0.08780335400001604,-8.627737029654268,-8.720249518937379,-9.042564120502572,-3.318994813582917,           6,-3.134204773087481,0.002552285517985299, 335.9037626683839,      0.4393706072046751,   2.125023180817424,     2.123203597324951, 2.124113389071187,  0.4868645177082737
0.08610073200000556,-8.628874860651528,-8.721452963407685,-9.043444626904368, -3.32046810251069,           6,-3.133922842816023,0.002552808802252799, 335.9096973402755,      0.4393783699054315,   2.125415050957217,     2.123595722651252, 2.124505386804234,  0.4869543668605009
0.08474136200001681,-8.630012824595036,-8.722664099842127,-9.044324660658972,-3.321940161100932,           6,-3.133648481282456,0.002553330416500732, 335.9155738464601,      0.4393860565239739,   2.125804632634004,     2.123985554644729, 2.124895093639366,  0.4870436909198052
0.0840672219999874,-8.631150915350554, -8.72388289263686,-9.045204236354522,-3.323410965072604,           6,-3.133381773762285,0.002553850368469915, 335.9213926582765,      0.4393936676768251,   2.126191939755563,     2.124373107254027, 2.125282523504795,  0.4871324930786486
0.08570319500000778,-8.632289127013417,-8.725109306045219,-9.046083366865995,-3.324880490872447,           6,-3.133122911183593,0.002554368665821129, 335.9271542474734,      0.4394012039810445,   2.126576986278084,     2.124758394508625, 2.125667690393354,  0.4872207765443055
0.08470815699999434,-8.633427453922151,-8.726343303717933,-9.046962065324401,-3.326348715727461,           6,-3.132871692598314,0.002554885316135602,  335.932859086136,      0.4394086660541314,   2.126959786198215,     2.125141430502557, 2.126050608350386,  0.4873085445360857
0.08807692100000963,-8.634565890642943,-8.727584849099769,-9.047840343895544,-3.327815617615684,           6, -3.13262831073976,0.002555400326915172, 335.9385076466148,      0.4394160545139322,   2.127340353550629,     2.125522229380977, 2.126431291465803,  0.4873958002835146
0.08711285300000782,-8.635704431977311,-8.728833905395048,-9.048718213936668,-3.329281175301123,           6,-3.132392813402775,0.002555913705583183, 335.9441004014558,       0.439423369978549,   2.127718702409051,     2.125900805333405, 2.126809753871227,  0.4874825470256781
0.08431040099998199, -8.63684307294136, -8.73009043545466,-9.049595687252134,-3.330745368266805,           6, -3.13216507313791,0.002556425459484923, 335.9496378233299,      0.4394306130662471,    2.12809484688824,     2.126277172591923, 2.127186009740082,  0.4875687880112427
0.08631787099997723,-8.637981808769707,-8.731354401746414, -9.05047277586003,-3.332208176733758,           6,-3.131945141510954,0.002556935595887794, 335.9551203849638,      0.4394377843953652,   2.128468801145623,     2.126651345431473, 2.127560073288548,  0.4876545264986762
0.08532580799999323,-8.639120634922199,-8.732625765993461,-9.051349491638462,-3.333669581689141,           6,-3.131733056185524,0.002557444121982964,   335.96054855907,      0.4394448845842233,   2.128840579382203,      2.12702333816989, 2.127931958776046,  0.4877397657563567
0.08426427199998443,-8.640259547073141,-8.733904489594913,  -9.0522258463565,  -3.3351295648633,           6,-3.131528878252536,0.002557951044885119, 335.9659228182796,      0.4394519142510345,   2.129210195842742,     2.127393165166957, 2.128301680504849,  0.4878245090624844
0.08468619499998908,-8.641398541107341,-8.735190533869309,-9.053101850617097, -3.33658810873781,           6,-3.131332644580679,0.002558456371633249, 335.9712436350745,      0.4394588740138172,   2.129577664814895,     2.127760840822567, 2.128669252818731,  0.4879087597047719
0.08583820600000536,-8.642537613121647,-8.736483859248976,-9.053977516317349, -3.33804519654877,           6,-3.131144410346794,0.002558960109191499, 335.9765114817199,      0.4394657644903063,   2.129943000627838,     2.128126379574183,  2.12903469010101,  0.4879925209799963
0.0875956330000065,-8.643676759431198,-8.737784425148661,-9.054852856304301,-3.339500812307473,           6,-3.130964196388635,0.002559462264450055, 335.9817268301991,      0.4394725862978677,   2.130306217651123,     2.128489795894058, 2.129398006772591,  0.4880757961935486
0.08769453400000771,-8.644815976560967, -8.73909219036733,-9.055727883361344,-3.340954940785198,           6,-3.130792028955583,0.002559962844226014, 335.9868901521472,      0.4394793400534122,   2.130667330293806,     2.128851104286186, 2.129759217289997,  0.4881585886589852
