    "Time(sec)"   ,    "rms[A_P]"    ,    "rms[A_U]"    ,    "rms[A_V]"    ,"rms[ProgressVariable]","rms[EnthalpyTot]","rms[MixtureFraction]"
0.1299342320000001,-2.161535784975976,-1.697665491104213,-2.332865700136915,    -0.7027664611147391,-7.240786403992018,    0.9114405355039435
0.1295499919999994,-5.299239447945285,-4.954475207204608,-4.587736159870913,     -3.919348846675463,-10.40387445232224,    -2.687861250214231
0.1262695970000003,-5.528373949709787,-5.148968119388604,-5.033167213168555,     -3.842502814679948,-10.44026914045263,    -2.991962323168791
 0.130787187000001,-5.700772958753421,-5.316108587162129,-5.284246263458532,     -4.028239233552845,-10.60351654921082,    -3.301492293528708
0.1288891670000005,-5.883777269383526,-5.459621336980332,-5.466253165552542,     -4.190269472864427,-10.77980078894457,    -3.408730755777333
0.1285511159999988,-6.059915750093502,-5.606020349875434,-5.664235147865561,     -4.378025858202423,-10.97019096578934,    -3.557853041522539
0.1303833690000005,-6.185234552487564,-5.748532129463666,-5.792004539186521,     -4.590659428353888,-11.17360169954851,    -3.697267363378858
0.1279042279999985,-6.285778887723898,-5.864702623704366,-5.882079745996425,     -4.777842594573575,-11.33420625538923,    -3.842332509505298
0.1296030440000013,-6.387521673956197,-5.954582112476277,-5.967647455461219,     -4.897326466503347,-11.43621712813527,    -3.976004874273054
0.1302076089999993,-6.480894758432328,-6.025259873274452,-6.045478450792407,     -4.984259471553053,-11.52050471417759,    -4.091963412053157
0.1300826089999987,-6.560808516533176, -6.08368670152145,-6.105801438168948,     -5.069272321586867,-11.60623765619535,    -4.192850635280473
0.1285547030000025,-6.633182662831358,-6.135675054818518,-6.146992779631672,     -5.155768387642629,-11.69258172488275,    -4.284005162134278
0.1298352620000003,-6.697054307003082,-6.183977484736569,-6.181999754927122,     -5.241857483008117,-11.77819666818088,    -4.370819971346266
0.1289347250000006,-6.746055139000223,-6.227766878576747,-6.224446752908906,     -5.329029450553271,-11.86502657689666,    -4.453922723771334
0.1289309279999991,-6.780026881486672,-6.263677325884684,-6.280903326340614,     -5.418393256139628,-11.95322088697922,    -4.531012576980599
0.1284243509999996,-6.806629840603611,-6.289804106025678,-6.349388471270039,     -5.506403031045072,-12.03859377181128,    -4.601828791266378
0.1299367169999996,-6.834482795103439,-6.308579107547181,-6.417925507463146,     -5.585944691552702,-12.11505583280509,    -4.667172307066557
0.1282775180000009,-6.868274247291314,-6.324732637991951,-6.469083154828469,     -5.650717022522694,-12.17803882174235,     -4.72640046533891
0.1274621670000009,-6.907995291781096,-6.341846923127022,-6.495777462591812,     -5.698808993779955,-12.22646998248436,    -4.778929276968673
0.1302285590000025,  -6.9502956044177,-6.361260066484047,-6.508160199036947,     -5.733348715505264,-12.26322953630147,    -4.826032993803232
0.1281886169999993,-6.990714694042093,-6.382809696443483,-6.519842715863502,     -5.760256881228802,-12.29345658269158,    -4.869484546224526
0.1287753780000003,-7.025800850085687,-6.405825026144196,-6.537953500511918,     -5.784865870997863,-12.32150780880198,    -4.909553507010095
0.1279463400000012,-7.054118096851951,-6.429666855558986,-6.564195196920118,      -5.80989610887883, -12.3491500580777,    -4.945011250931334
0.1296723059999998,  -7.0761330795086,-6.453836266491113,-6.597819243483485,     -5.835491725312922,-12.37583375825795,    -4.974573420983062
0.1296378900000015,-7.093713743043926,-6.477918987290209,-6.636654864675981,     -5.860407292469806,-12.40011485503946,    -4.998155220370778
0.1289033750000002,-7.109480454218748,-6.501547203684892,-6.676766378074135,     -5.883343190688061,-12.42109210176964,    -5.017140621162813
0.1299069089999989,-7.125940492552058,-6.524384527298524,-6.712550656819736,     -5.903763874072721,-12.43904638908443,    -5.033804161252757
0.1291312630000014,-7.144681809384799, -6.54608522444761,-6.738870676928383,     -5.921949000832739,-12.45510387969892,    -5.050394145602954
0.1301743449999968,-7.165979239868679, -6.56625144183577,  -6.7544164447786,     -5.938537605394701,-12.47045142619474,    -5.068372683215446
0.1276529239999995,-7.188892144434881,-6.584470956019518,-6.762660565652082,     -5.954061331757851,-12.48576393889709,    -5.088103488130284
0.1303213479999989,-7.211757409345023,-6.600468484212681,-6.769168246930919,     -5.968771016575971,-12.50110775331303,    -5.109001688747909
0.1307912139999985,-7.232922213601889,-6.614289452152008,-6.778475730550056,     -5.982740515938013, -12.5162001319194,     -5.12997416904595
0.1301274039999996,-7.251446682594088,-6.626378563741456,-6.792851927651264,      -5.99605496793595, -12.5307583218294,    -5.149925884616359
0.1287480549999991,-7.267428888886993,-6.637485202735983, -6.81245089758227,     -6.008904860444279,-12.54471121039924,    -5.168135819224284
 0.129620046000003,-7.281791876495993,-6.648455740493056,-6.835873091935257,     -6.021538806294712,-12.55819712669981,    -5.184391625659317
0.1279668889999996,-7.295728951928378,-6.660034185910527,-6.860808907407964,     -6.034154706601782,-12.57143036124459,    -5.198896093354466
 0.128657840999999,-7.310162106370445,-6.672752500074456,-6.884823916110062,     -6.046837982996501,-12.58457651273119,    -5.212058267430375
0.1286098579999972,-7.325436537726802,-6.686915831567307,-6.906240824188599,     -6.059593385258909,-12.59771928140605,    -5.224297225348514
0.1292535900000011,-7.341284339696515,-6.702640837332795, -6.92474221278029,     -6.072436508673147,-12.61090855455749,    -5.235929271120702
0.1287697970000004,-7.357001431497546,-6.719899965490337,-6.941280553032472,     -6.085472816015696,-12.62422642064554,    -5.247141754830386
 0.128334026000001,-7.371759213829425,-6.738543103212582,-6.957351393462614,     -6.098909608969773,-12.63781288701022,    -5.258021154636203
0.1287794650000009,-7.384944990176709,-6.758290533188025,-6.974124062703855,     -6.112995248258694,-12.65183295166867,    -5.268598823795771
0.1293618480000021,-7.396398476804496,-6.778706344517246,-6.991864013954448,     -6.127920666898686,-12.66640510741145,    -5.278886787032427
0.1292694899999987, -7.40644576653989,-6.799166639396764,-7.009786829860429,     -6.143727349686849, -12.6815253245891,    -5.288887344496619
0.1285448540000012,-7.415738671666119, -6.81883570714974,-7.026330252463507,     -6.160249147985541,-12.69701139751451,    -5.298572928238678
0.1275971760000019,-7.425006971099026,-6.836662041111214,-7.039781901562709,     -6.177093111442286,-12.71247630006269,    -5.307846367230287
 0.130738903000001, -7.43484597030923,-6.851409227692114,-7.049055318594537,     -6.193651792122128,-12.72732962082848,    -5.316502496572379
0.1293763560000016,-7.445604911540589,-6.861743172619039,-7.054211027234833,     -6.209138763466063,-12.74080660603438,    -5.324215404465614
0.1293157489999999,-7.457377147495167,-6.866396863094276,-7.056396818509352,     -6.222645383802644,-12.75202982973637,    -5.330570187272542
0.1295127090000001,-7.470057338487329,-6.864410764477032,  -7.0573010427304,     -6.233223015112009,-12.76011055002204,    -5.335145208596979
0.1258926500000008, -7.48342113447873,-6.855395609688125, -7.05852745093615,     -6.239994546144274,-12.76428805032911,    -5.337633011364472
0.1292224699999984, -7.49718552634711, -6.83971464904084,-7.061209023261878,      -6.24228869098779,-12.76408502974751,    -5.337970037237429
0.1284310839999989,-7.511018464583116,-6.818490945325401,-7.065912981559392,     -6.239773058632986,-12.75943621803086,    -5.336435944981923
0.1290033770000001,-7.524486340334127,-6.793429729257733,-7.072738614881147,     -6.232548418575771,-12.75074433805475,    -5.333691190799772
 0.129210717000003,-7.536958281314639,-6.766542221636841,-7.081497901684251,     -6.221170310565332,-12.73884197853986,    -5.330745810480219
0.1283528929999989,-7.547523050951289,-6.739886464945289,-7.091903435874347,     -6.206588441784569,-12.72487674835044,    -5.328879605437767
0.1276437150000014,-7.555006388155228,-6.715397610334782,-7.103716089086697,     -6.190025723560179,-12.71016389824163,    -5.329548371348103
0.1279617789999996,-7.558175448254024,-6.694819643706621,-7.116824111900709,     -6.172837461864538,-12.69605091570677,    -5.334307409919139
0.1282489319999982,-7.556137641158676,-6.679715501245146,-7.131246677455564,     -6.156388399413838,-12.68381987197461,    -5.344769329669375
0.1305862080000004,-7.548781774478751, -6.67152719952353,-7.147078493947965,     -6.141968262020615,-12.67463201083395,    -5.362597265420931
0.1303688699999981,-7.536998133921283,-6.671668016881377,-7.164408451452189,     -6.130748179698912,-12.66950537410355,    -5.389518909171364
0.1268757650000012,-7.522520334630443,-6.681643552213468,-7.183247107278551,     -6.123768684637557, -12.6693107630021,    -5.427318968063351
0.1287760290000008,-7.507495432966103,-6.703214428613348,-7.203487365081202,     -6.121945380396005,-12.67476984189845,    -5.477685461356179
0.1294942230000018,-7.494036966818508, -6.73863338030142,-7.224907426171956,     -6.126077236750983,-12.68643694212239,    -5.541518026489632
0.1290226439999955,-7.483936653289716,-6.791019196681145,-7.247210601543023,     -6.136840356239984,-12.70463902003172,    -5.616513586109802
0.1288987349999999,-7.478553435693841,-6.864963556921097,-7.270085026771001,     -6.154742374218601,-12.72933270113026,    -5.690499256965311
0.1282532209999943,-7.478811146379055,-6.967353953545731,-7.293259439616921,     -6.179993737678402,-12.75981355967321,    -5.733021375108282
 0.127364036000003,-7.485229467634803,-7.106576151115057,-7.316532049652374,     -6.212215821387586,-12.79420218478362,    -5.714878409091241
0.1287904859999998,-7.497937998639213,-7.270420438889122,-7.339760092050715,     -6.249859955983112,-12.82873260660259,    -5.651187955025017
0.1276451370000018,-7.516647659907298,-7.317289137349396,-7.362814839248294,     -6.289246255330259,-12.85731953443998,    -5.577255003178209
0.1288269369999995, -7.54057299389548,-7.175353301947679,-7.385522852321657,     -6.323590420885381,-12.87270668518003,    -5.511953032176039
0.1282557349999962,-7.568324673883407,-7.025265304634494,-7.407621682148174,     -6.343714139628713, -12.8701301931672,      -5.4604376487781
0.1272526209999967,-7.597839942025437,-6.913145550062517, -7.42875433823181,     -6.342646872938577, -12.8508370522556,    -5.422747983842001
0.1288959090000006,-7.626489102555048,-6.832879196654471,-7.448513104358832,     -6.321282324124561,-12.82110304325069,    -5.397513775782309
0.1310408650000028, -7.65152277074889,-6.776632079091367, -7.46652333878023,     -6.287606628632686, -12.7880764758959,    -5.383091853320273
0.1285070299999944, -7.67086199393157,-6.739059626055571,-7.482538238393751,     -6.250652204403762,-12.75701791272147,    -5.377844922398666
0.1277842259999957,-7.683859251719078,-6.716620503238978,-7.496506386615106,     -6.216667176659164, -12.7309490206449,    -5.380172228600792
0.1283226639999953,-7.691469382720528,-6.706867099231329,-7.508583734400431,     -6.188930433661089,-12.71130367126704,    -5.388488219857053
0.1284698380000009,-7.695679355464037,-6.708002384937419,-7.519087385727587,     -6.168803723832283,-12.69859136083139,    -5.401217115359116
0.1276230750000025,-7.698644926200188,-6.718610662938622,-7.528414235483203,     -6.156628203330824,-12.69282691335496,    -5.416829717033403
0.1299885849999995,-7.702055672601305,-6.737485301982784,-7.536957452570338,     -6.152244786118009,-12.69376456172538,    -5.433926454073284
0.1294191080000004,-7.706890128311238,   -6.763509676541,-7.545045787055786,     -6.155253235201039, -12.7010124506202,    -5.451347648362575
0.1288166260000025,-7.713446183555624,-6.795568719243859,-7.552914542028823,     -6.165128232695929, -12.7140817036133,    -5.468271280088408
0.1303391020000007,-7.721492082692718,-6.832482020969714,-7.560703601602943,     -6.181263348152266,  -12.732401774951,    -5.484254889019105
0.1308785609999958,-7.730446871074822,-6.872959875650106,-7.568471758820996,     -6.202980169009328,-12.75532026182507,    -5.499200701320627
0.1278440619999941,-7.739555004350694,-6.915592822252273,-7.576216773251995,     -6.229522235125656,-12.78209873882814,    -5.513259509169471
0.1308443759999989, -7.74804289270042,-6.958891080689628,-7.583894125479943,     -6.260045606593573,-12.81191351047804,    -5.526713497364397
0.1294238360000008,-7.755247619542602,-7.001386552037171,-7.591431680772525,     -6.293615160419687,-12.84386899200908,    -5.539876535722503
0.1276705169999985,-7.760706234381306,-7.041789640967336, -7.59874076419591,     -6.329214925205859,-12.87702948270449,    -5.553030307321905
 0.128944673999996,-7.764197588570161,-7.079158531138497,-7.605725727882216,     -6.365779333394364,-12.91047045351546,    -5.566393604077366
0.1283355690000008,-7.765738403017031, -7.11301161799219,-7.612293935556496,     -6.402247864707663,-12.94334254522785,    -5.580111139715344
0.1309301500000046,  -7.7655453854787,-7.143324758389547,-7.618366741895518,     -6.437637128475785,-12.97493258285673,    -5.594247836049203
0.1312830809999994,-7.763979863661524,-7.170407763187415,-7.623890364764739,     -6.471114160634716,-13.00470141690816,    -5.608780067044218
 0.128072551999999, -7.76148948026224, -7.19471201857237,-7.628844401393354,     -6.502048594493425, -13.0322834441569,    -5.623582192244135
0.1293835590000043,-7.758556185940181,-7.216641718886783,-7.633245671018657,     -6.530025747529022,-13.05744700710355,    -5.638412367402898
0.1293981270000018,-7.755654689418656,-7.236421429586795,-7.637146093088519,     -6.554817914321833,-13.08003140896126,    -5.652905387702392
0.1312772799999991,-7.753222256861629,-7.254040103169396,-7.640624939178712,     -6.576329062072817,-13.09988595384971,    -5.666582144151803
       0.126950549,-7.751639070893602,-7.269269177524283,-7.643777297816116,     -6.594537802971722, -13.1168349578753,    -5.678884560148076
0.1270496599999973,-7.751217546256084,-7.281742154173978,-7.646701376688533,     -6.609460138385461,-13.13068200912418,    -5.689240134301827
0.1277447490000014,-7.752198610057861,-7.291075813912716,  -7.6494871483231,     -6.621140821029853,-13.14125170193274,     -5.69715033265932
0.1281544100000005,-7.754752860396562,-7.297003106107129,-7.652208033827241,     -6.629668057854879,-13.14845254769715,    -5.702284098379907
0.1292523050000014,-7.758984681598442,-7.299479483382735,-7.654916228327836,     -6.635197099651776,-13.15233578495214,    -5.704548576740198
0.1285498920000023, -7.76493775226708,-7.298729093747399,-7.657641291592402,     -6.637966850569176,-13.15312593611124,    -5.704112172385268
0.1307465370000003,-7.772600829252378,-7.295219203738269,-7.660390996818024,     -6.638299176595233, -13.1512109112057,    -5.701371990542066
0.1291340779999999,-7.781913130785092,-7.289579774472592,-7.663153218886951,     -6.636579486749302,-13.14709640681145,    -5.696879392900616
0.1298633639999949,-7.792769011200677,-7.282502481840457,-7.665897801471076,     -6.633224819308012, -13.1413419676023,    -5.691250497526007
0.1303239120000015,-7.805021894801659,-7.274651453573782, -7.66857775190578,     -6.628648988136585,-13.13449861430416,    -5.685087025807788
0.1294025149999953,-7.818487620841063,-7.266603230524779,-7.671129636392357,     -6.623233138842959,-13.12706186551646,    -5.678921711391617
0.1294209109999969,-7.832947466809851,-7.258817979765916,-7.673473551123989,     -6.617306346789174,-13.11944503665064,    -5.673190350096964
 0.131043327999997,-7.848151187379325,-7.251634927146754,-7.675513417585045,     -6.611137041693637,-13.11197078398485,    -5.668225039742907
 0.129682135000003,-7.863820458665099,-7.245282672614453,-7.677138517360356,     -6.604933475519235,-13.10487564423689,    -5.664260858355139
0.1293421689999974,-7.879653169815485,-7.239896624696196,-7.678227105391227,     -6.598850400657652,-13.09832204040628,    -5.661449189220901
0.1297689009999985,-7.895329062770382,-7.235538486217171, -7.67865261853885,     -6.592999154559304,-13.09241339387084,    -5.659873010256109
0.1276333140000006,-7.910517267796252,-7.232215060627958,-7.678292468430875,     -6.587458906050133,-13.08720947403216,    -5.659561472443458
 0.128464606999998,-7.924886264662014,-7.229895191521497,-7.677038759313556,     -6.582287493345781,-13.08274035705042,    -5.660502546095358
0.1294907349999974,-7.938116629572723,-7.228524477014147,-7.674809646166732,     -6.577530878675911, -13.0790182181704,    -5.662653403209237
 0.130557140999997,-7.949916511472758,-7.228037745194688,-7.671559624568655,     -6.573230694294216, -13.0760466912417,    -5.665948674273917
0.1286467489999978,-7.960039069598692,-7.228369353322677,-7.667286988593199,     -6.569429680658365,-13.07382781297917,    -5.670306920842194
0.1295663609999949,-7.968300189585372,-7.229461337114722,-7.662037085000122,     -6.566175036234077, -13.0723667065675,    -5.675635710911676
0.1283485540000058,-7.974593943984429, -7.23126938842516, -7.65590075545174,     -6.563519860326433,-13.07167424078731,     -5.68183565459768
0.1308929180000007, -7.97890288562076,-7.233766629870652, -7.64900827874501,     -6.561522969242734, -13.0717679363289,    -5.688803686079526
0.1273261019999978,-7.981300702562944,-7.236945202210125,-7.641519920184176,     -6.560247426944112,-13.07267141913748,    -5.696435799927789
0.1310341609999952, -7.98194607678762,-7.240815771385629,-7.633614649578747,     -6.559758143187755,-13.07441272500775,    -5.704629371873873
0.1289788790000017,-7.981068401755743,-7.245405170773943,-7.625478624055005,     -6.560118881724634,-13.07702176604145,    -5.713285136343761
0.1279573089999957,-7.978947689439716,-7.250752484313273,-7.617294729184584,     -6.561388966603328,-13.08052724170317,    -5.722308847647101
0.1305922889999991,-7.975891940378595,   -7.256903922214,-7.609233989435882,     -6.563619922173054, -13.0849532597937,     -5.73161263378129
0.1296075200000004,-7.972215242115956,-7.263906826279866,-7.601449168247073,      -6.56685221434071,-13.09031589137518,    -5.741116045624976
0.1281008450000058,-7.968219079115083,-7.271803072012757,-7.594070489672643,     -6.571112207335124,-13.09661985368721,    -5.750746813637988
0.1281768419999949,-7.964178210608559,-7.280622024450478,-7.587203171844347,     -6.576409412811686,-13.10385548884951,      -5.7604413322424
0.1266615899999977,-7.960331412320242,-7.290373082406918,-7.580926359724377,     -6.582734087701334,-13.11199618836068,    -5.770144896896391
0.1302108240000024,-7.956876628625576,-7.301037743908672,-7.575293041681893,     -6.590055245377713,-13.12099641593905,    -5.779811712168601
0.1303033109999987,-7.953969696604065,-7.312561082636556,-7.570330592782402,     -6.598319175420734,-13.13079049480155,     -5.78940467354563
0.1283753540000063, -7.95172571875664,-7.324842588061922,-7.566041674496067,     -6.607448607970466,-13.14129233868045,    -5.798894904457873
0.1287046699999976, -7.95022225312031, -7.33772655298629,-7.562405313942634,     -6.617342719998653,-13.15239632529736,    -5.808261014882344
0.1299639369999994,-7.949503661546091,-7.350992661746544,-7.559378076550667,     -6.627878231299905,-13.16397950084119,    -5.817488050680858
0.1290699340000003,-7.949586131098643,-7.364348204711196,-7.556895331724474,     -6.638911865034261,-13.17590525592093,    -5.826566121291608
0.1296151350000017,-7.950463023852119,-7.377424414092326,-7.554872688069166,     -6.650284427182797,-13.18802850984178,    -5.835488742863597
0.1286915439999987,-7.952110301988867,-7.389780590215747,-7.553207744675675,     -6.661826661556058,-13.20020227066798,    -5.844250991016411
0.1274166560000012,-7.954491823442182, -7.40092044271493,-7.551782360171239,      -6.67336684079604,-13.21228521224334,    -5.852847625232985
0.1297500849999977,-7.957564316645363,-7.410324480307941,-7.550465672732976,     -6.684739769010769,-13.22414966840064,      -5.8612713945441
 0.127687489000003,-7.961281842872509,-7.417499289948488,-7.549118096778781,     -6.695796526625081,-13.23568923928924,     -5.86951176391643
0.1278004759999973,-7.965599549956115,-7.422038816972457,-7.547596456798183,       -6.7064139737002,-13.24682511663387,    -5.877554284144805
0.1301063610000028,-7.970476534630429,-7.423685827758759,-7.545760284446667,     -6.716502836615545, -13.2575103077045,    -5.885380774964791
0.1305054919999975,-7.975877662181949,-7.422377317986677,-7.543479099090678,     -6.726013243936083,-13.26773119664123,    -5.892970398569205
0.1286450249999973,-7.981774249640204,-7.418259656577104,-7.540640238125619,     -6.734936880192268,-13.27750627163946,    -5.900301576614215
0.1294674199999974,  -7.9881435944728,-7.411668382482103,-7.537156553036584,     -6.743305448732499,-13.28688228083876,    -5.907354570545531
0.1294802050000001,-7.994967415209208,-7.403079482415014,-7.532973111433221,     -6.751185740284653,-13.29592844273755,    -5.914114424555177
0.1304644719999999,-8.002229351958018,-7.393047199292453,-7.528072019488783,     -6.758672127594282, -13.3047295487367,     -5.92057388102166
0.1308785900000018,-8.009911743611102,-7.382144312407968,-7.522474645749748,      -6.76587761470736,-13.31337882305399,    -5.926735853298144
0.1276475909999988,-8.017991949088552, -7.37091573323486,-7.516240872830756,     -6.772924609688758,-13.32197127364294,    -5.932615076925891
0.1310338000000044,-8.026438513498816, -7.35984929300052, -7.50946545211171,      -6.77993640188509,-13.33059804251538,    -5.938238671081137
0.1290313579999989,-8.035207501132025,-7.349362208889733, -7.50227197232279,      -6.78703000490263,-13.33934201285854,    -5.943645491025412
0.1283955829999996,-8.044239334509264,-7.339799106314581,-7.494805265247655,     -6.794310678950866,-13.34827471075504,     -5.94888432627607
0.1269596250000049,-8.053456494571479,-7.331437130509666,-7.487223194742045,     -6.801868149253121,-13.35745437609225,     -5.95401114456567
0.1286395939999991,-8.062762451890531,-7.324494527376978,-7.479688708498849,      -6.80977434030883,-13.36692499332743,    -5.959085689959099
0.1277410920000008,-8.072042198873222,-7.319140241579719,-7.472362826475611,     -6.818082334504644,-13.37671602942881,    -5.964167783803882
0.1296380180000014,-8.081164716509937, -7.31550310475197,-7.465398972800973,     -6.826826237704967,-13.38684264115521,    -5.969313662785768
0.1275285010000005,-8.089987606171025,-7.313679919111403,-7.458938799239824,     -6.836021663780463,-13.39730615034778,    -5.974572632586121
0.1290745720000004,-8.098363919292538,-7.313742193946766,-7.453109444100797,     -6.845666594648245,-13.40809462299053,    -5.979984229956527
 0.130305896000003,-8.106150915754208,-7.315741537539916,-7.448022038812284,     -6.855742440683466,-13.41918344693623,    -5.985576008524387
0.1298434240000006,-8.113220102283963,-7.319713814280344,-7.443771211236797,     -6.866215190778703,-13.43053585150672,    -5.991361987659443
0.1270130369999976,-8.119467519663978,-7.325682204336634, -7.44043532409528,     -6.877036586603375,-13.44210334609481,    -5.997341758294174
 0.129206577000005,-8.124822977881793,-7.333659284854901,-7.438077209796392,     -6.888145314872475,-13.45382611545081,    -6.003500208914365
0.1280582020000054,-8.129256901623588, -7.34364820950409,-7.436745202680972,     -6.899468237941488,-13.46563342582143,    -6.009807827771074
0.1295396280000034,-8.132783715558709,-7.355643006839536, -7.43647431409019,     -6.910921716005826,-13.47744414370526,    -6.016221541022018
0.1297901719999999,-8.135461241953717,-7.369627952522507,-7.437287437242406,     -6.922413090591941, -13.4891674846893,    -6.022686054624052
0.1295464919999887,-8.137386268990532,-7.385575894405668,-7.439196504205739,     -6.933842412422107,-13.50070413873499,    -6.029135679001694
0.1284985019999993,-8.138687083672144,-7.403445324638948,-7.442203545126052,     -6.945104483065496,-13.51194790252988,    -6.035496613584492
0.1279307260000024,-8.139514176929046,-7.423175898807973, -7.44630162028067,     -6.956091278509195,-13.52278796135523,    -6.041689661429934
0.1287660670000008,-8.140030436634305,-7.444682008204904,-7.451475610893612,     -6.966694769201884,-13.53311187942921,    -6.047633316583088
0.1269811559999994,-8.140401972999237,-7.467843938627353,-7.457702864087779,     -6.976810125192858,-13.54280933195273,    -6.053247133461938
0.1299901769999963,-8.140790373387889, -7.49249614845175,-7.464953695415811,     -6.986339206663719,-13.55177645269405,    -6.058455242182848
 0.128961493999995, -8.14134678648964,-7.518412369956793,-7.473191756371381,     -6.995194188654062,-13.55992059687442,    -6.063189827466914
0.1307248239999979, -8.14220788795626,-7.545287749829611,-7.482374279103179,     -7.003301099412669,-13.56716516495633,    -6.067394355885598
0.1284113429999962, -8.14349353468906,-7.572719358199483, -7.49245221387572,     -7.010602998625603,-13.57345404890684,    -6.071026322092353
 0.128159507999996,-8.145305781573214,-7.600188403632203,-7.503370279422352,     -7.017062513509072,-13.57875522209953,    -6.074059299325262
0.1310711610000084,-8.147728892270088,-7.627050514670422,-7.515066951226348,     -7.022663485666171,-13.58306305135931,    -6.076484129130732
0.1289674349999927,-8.150829996120287,-7.652543943682004,-7.527474420086525,     -7.027411542490972,-13.58639901428982,    -6.078309159974203
0.1302183570000039,-8.154660095788241,-7.675827572788126,-7.540518560846566,     -7.031333521298398,-13.58881071824764,    -6.079559535842419
0.1306591170000075,-8.159255194744434,-7.696057507707706,-7.554118961095648,      -7.03447579759454, -13.5903693251324,    -6.080275632519167
0.1280203390000025,-8.164637375653061,-7.712499162987184,-7.568189069644189,     -7.036901678378093,-13.59116568092908,    -6.080510811691312
0.1285581359999952, -8.17081571445844,-7.724652093471914,-7.582636533778013,     -7.038688115047506,-13.59130559075977,    -6.080328714639241
0.1285114669999956,-8.177786958153749,-7.732347705500239,-7.597363801824049,     -7.039922025105572,-13.59090471500314,    -6.079800336559391
0.1297299849999973,-8.185535927950394,-7.735781005460254,-7.612269067593107,     -7.040696526412845,-13.59008355593146,     -6.07900110072345
0.1293504040000073,-8.194035637180461,-7.735462601847895, -7.62724762764262,     -7.041107332770812,-13.58896288012793,    -6.078008120847424
0.1286566460000103,-8.203247136207557,-7.732111738222383,-7.642193700877324,     -7.041249510074087, -13.5876598322151,    -6.076897782424325
0.1296904690000105,-8.213119119995806,-7.726531538934529,-7.657002726544048,     -7.041214718202175,-13.58628485017993,    -6.075743720819859
0.1280862570000068,-8.223587359155003,-7.719503655685918,-7.671574106782892,     -7.041088988092008,-13.58493939169004,    -6.074615226742212
0.1304744800000037,-8.234574045149497,-7.711720523792486,-7.685814296870817,     -7.040951034043202,-13.58371440876487,    -6.073576065890929
0.1283023630000031,-8.245987176464398,-7.703754939045599,-7.699640078177817,      -7.04087105871478,-13.58268945810791,    -6.072683676983679
0.1282319769999987,-8.257720153796404,-7.696056849646546,-7.712981787573814,     -7.040909981245016,-13.58193231469527,    -6.071988691800292
0.1284028370000101,-8.269651795948677,-7.688965633174042,-7.725786232750028,     -7.041119011852486,-13.58149896120754,    -6.071534719456881
0.1286100049999988, -8.28164702682505,-7.682728727728843,-7.738019015911473,     -7.041539494376797,-13.58143383318307,    -6.071358334744986
0.1302768989999947,-8.293558504702832,-7.677520986581799, -7.74966601877378,     -7.042202947773569,-13.58177022555898,    -6.071489214647817
 0.127297114000001,-8.305229452646421,-7.673461944036402,-7.760733878035242,     -7.043131247945032, -13.5825307823285,    -6.071950380105221
0.1282031209999985,-8.316497881797062,-7.670629975020593,-7.771249384610803,     -7.044336904929091,-13.58372801606005,      -6.0727585019652
0.1282150650000062,-8.327202263429649,-7.669073289015487,-7.781257859444142,     -7.045823405129634,-13.58536482031725,    -6.073924243418152
0.1265008290000083,-8.337188495853971,-7.668818120585993,-7.790820666957194,     -7.047585600389668,-13.58743495621714,    -6.075452616649653
0.1290340420000007,-8.346317747734901,-7.669874600638524,-7.800012106830287,     -7.049610136849644,-13.58992350567056,    -6.077343339685959
0.1296844470000025,-8.354474488769862,-7.672240772066601,-7.808915963356109,     -7.051875927341907,-13.59280729703444,    -6.079591182788881
0.1306270239999918,-8.361573813871656,-7.675905135544113,-7.817621987549217,      -7.05435467844961,-13.59605531747648,    -6.082186300214422
0.1294276019999927,-8.367567106880827,-7.680848019406586,-7.826222547265372,      -7.05701148854165,-13.59962913402192,    -6.085114547612243
0.1285724429999959,-8.372445227248251,-7.687041981797978,-7.834809619450155,     -7.059805537747213,-13.60348335193219,    -6.088357786683343
0.1298677509999919,-8.376238733475152,-7.694451380811856,-7.843472228197911,       -7.0626908904058,-13.60756614404412,    -6.091894182553759
0.1295930410000068,-8.379015112149593, -7.70303118947087,-7.852294366964003,      -7.06561742928081,-13.61181988729835,    -6.095698502828076
0.1310285980000003,-8.380873443689083,-7.712725092549426,-7.861353388815638,     -7.068531934037757, -13.6161819434127,    -6.099742427211803
0.1279733679999993,-8.381937287043538,-7.723462877752661,-7.870718810385161,     -7.071379308267652,-13.62058561763425,    -6.103994879797769
0.1280965660000106,-8.382346728789489,-7.735157136491349,-7.880451451181171,     -7.074103946080362,-13.62496132278545,    -6.108422397105377
0.1307304030000012,-8.382250504672786,-7.747699322943113,-7.890602819568162,      -7.07665121393873,-13.62923796288997,     -6.11298954412996
0.1297450240000018,-8.381798912087731,-7.760955301407306,-7.901214656716887,     -7.078969006618933,-13.63334453339055,    -6.117659390581792
0.1308845709999957,-8.381137966213315,-7.774760656621408,-7.912318554468071,      -7.08100931957167,-13.63721191277485,    -6.122394057942262
0.1283378809999931,-8.380404986048029,-7.788916266035566,-7.923935574493037,     -7.082729766739339,-13.64077479394574,    -6.127155342444428
0.1275322380000006,-8.379725580067042,-7.803184941885791,-7.936075808126234,     -7.084094963498867,-13.64397367711692,    -6.131905416599595
0.1289263350000027,-8.379211858763565,-7.817290319214936,-7.948737830256115,     -7.085077695406234,-13.64675682246877,    -6.136607599657397
0.1281474430000031,-8.378961627721377,-7.830919509997993,-7.961908018563812,     -7.085659799012144,-13.64908204502784,    -6.141227188332106
 0.128492940000001,-8.379058299491126,-7.843731199565505, -7.97555972783787,      -7.08583269983861,-13.65091822835038,    -6.145732317533352
0.1288503279999986, -8.37957128244582,-7.855370580686677,-7.989652334322966,     -7.085597575519767, -13.6522464455723,    -6.150094825248343
0.1289740270000124,-8.380556643292019,-7.865491549441006,-8.004130196492511,     -7.084965140825754,-13.65306059942825,    -6.154291079144771
 0.129147973000002,-8.382057886135234,-7.873784831503862,-8.018921617364096,     -7.083955079543962,-13.65336753037114,    -6.158302721588811
0.1299564610000061, -8.38410673330559,  -7.8800084650857,-8.033937944923958,     -7.082595176542484,-13.65318658998804,    -6.162117288652725
0.1293251740000017,-8.386723831650979,-7.884015137832199,-8.049073000519529,      -7.08092021657959,-13.65254871544031,    -6.165728660522649
0.1305855340000051,-8.389919337789514,-7.885770325851502,-8.064203090773789,     -7.078970734565395, -13.6514950918264,     -6.16913730969753
0.1287262489999961,-8.393693360414836,-7.885356725000092,-8.079187906091112,     -7.076791696463345,-13.65007550626031,    -6.172350322816373
0.1286654620000007,-8.398036256318932,-7.882963820627394,-8.093872640425342,     -7.074431188553195,-13.64834652124799,    -6.175381187781268
0.1284015840000023,-8.402928792332265,-7.878865287949102,-8.108091642957016,     -7.071939178289506,-13.64636958955425,    -6.178249352414471
0.1281843849999973,-8.408342198815989,-7.873389632408701,-8.121673811856235,     -7.069366391464725,-13.64420921604689,    -6.180979573870545
0.1297973739999918,-8.414238153026707,-7.866890124899188, -8.13444974568146,     -7.066763338188036,-13.64193125921867,    -6.183601094680615
0.1283994799999988,-8.420568743475988,-7.859718844900268,-8.146260371542445,      -7.06417950213218,-13.63960143069085,    -6.186146682008806
0.1288856870000075,-8.427276479896582,-7.852207461680779,-8.156966411523678,     -7.061662688515285,-13.63728402279747,    -6.188651580071276
0.1286182809999872,-8.434294427304335,-7.844655272745739,-8.166457712556319,     -7.059258526762547, -13.6350408829111,    -6.191152418614667
0.1273315099999905,-8.441546554337192,-7.837323579879945,-8.174661245358104,     -7.057010100819493,-13.63293061070719,    -6.193686117608991
0.1276531299999988,-8.448948395687864, -7.83043482170207,-8.181546600120365,      -7.05495769406147,-13.63100797314761,    -6.196288827176277
0.1312314480000083, -8.45640812994402,-7.824174814438807,-8.187128089733342,     -7.053138621099086, -13.6293234933482,    -6.198994923331519
0.1284615290000062,-8.463828163613238,-7.818696716531672,-8.191463100394781,     -7.051587116118196,-13.62792317561454,    -6.201836083041762
0.1307790059999974,-8.471107288330055,-7.814125698791032,-8.194646955741215,      -7.05033426959777,-13.62684834765339,     -6.20484044357993
0.1287329920000104,-8.478143431148467,-7.810563658048854,-8.196805105957443,     -7.049407980409093,-13.62613556407287,    -6.208031852234955
0.1301535800000124,-8.484836954034408,-7.808093587774821,-8.198083795189962,     -7.048832913422011,-13.62581655754465,    -6.211429203616537
0.1277810870000025,-8.491094376335781, -7.80678341597111,-8.198640414954998,     -7.048630450435253, -13.6259182061942,    -6.215045859710676
0.1306253799999979,-8.496832306815953,-7.806689242490274,-8.198634569127643,     -7.048818616865182,-13.62646249004456,     -6.21888914909915
       0.130589852,-8.501981293899949,-7.807857977816799,-8.198220550825187,     -7.049411985195522,-13.62746643230101,    -6.222959941746694
 0.127760336999998, -8.50648925321047,-7.810329418387483,-8.197541569977389,     -7.050421542267577,-13.62894199775023,    -6.227252299602679
0.1287238849999994,-8.510324129156126,-7.814137799603794,-8.196725763768841,     -7.051854522740879, -13.6308959532882,    -6.231753209815525
0.1286669240000009,-8.513475499567841, -7.81931286457406,-8.195883809779087,      -7.05371420695749,-13.63332967750138,    -6.236442412623783
0.1283928659999987,-8.515954938757524,-7.825880463781764,-8.195107846121203,     -7.055999683373457,-13.63623892167344,    -6.241292342595779
0.1282110260000024, -8.51779509578429,-7.833862682277185,-8.194471375566392,     -7.058705583396686,-13.63961352863387,    -6.246268210420917
0.1280200080000071,-8.519047595397096,-7.843277453237739,-8.194029849204263,     -7.061821794215057,-13.64343711629257,    -6.251328260200331
0.1289368949999954,-8.519779998325481,-7.854137582155546, -8.19382168069739,     -7.065333162041065,-13.64768674417907,    -6.256424234689509
0.1262818369999934,-8.520072141532514,  -7.8664490557939,-8.193869502331015,     -7.069219199518986,-13.65233258308029,     -6.26150209214003
0.1296572640000022,-8.520012208401948,-7.880208449010691,-8.194181534259631,     -7.073453817581646,-13.65733762034882,    -6.266503004431916
0.1291804439999993,-8.519692854024624,-7.895399177704255,-8.194752990627771,     -7.078005107310323,-13.66265744161966,    -6.271364660028224
0.1303516619999954,-8.519207647381434,-7.911986261229319,-8.195567485677232,     -7.082835202738165,-13.66824013798115,    -6.276022877932511
0.1284500959999946,-8.518648007382605, -7.92990919018908,-8.196598434816728,     -7.087900255276528,-13.67402639123147,    -6.280413508066106
0.1277396169999889,-8.518100725680865,-7.949072441182186,-8.197810464059964,     -7.093150568040669, -13.6799498144998,    -6.284474565318765
0.1282994670000051,-8.517646092493125,-7.969333231107256,-8.199160854311247,     -7.098530925347327, -13.6859376004827,    -6.288148508580358
0.1279852700000106,-8.517356586478009,-7.990486329718718,-8.200601049129983,     -7.103981162214788, -13.6919115505257,    -6.291384537731403
0.1293574049999933,-8.517296055400529,-8.012246357398105,-8.202078251801503,     -7.109437011883872, -13.6977895295162,    -6.294140763347106
0.1274982620000031,-8.517519296003503,-8.034229209892786,-8.203537126435124,     -7.114831255403452, -13.7034873695513,    -6.296386085597336
0.1276914129999938,-8.518071938833005,-8.055936336814707,-8.204921602670259,      -7.12009518051188,-13.70892120540045,    -6.298101632217853
0.1294490620000062,-8.518990551817559,-8.076748535945413,-8.206176762240869,     -7.125160333875209,-13.71401017877688,    -6.299281627408635
0.1298258890000028,-8.520302887588389,-8.095939002713969,-8.207250763934637,     -7.129960514724565,-13.71867938306468,    -6.299933621646973
0.1272757429999984,-8.522028215630362,-8.112716440116305,-8.208096740556471,     -7.134433929161432, -13.7228628761053,    -6.300078056237734
 0.127519141999997,-8.524177692727765, -8.12630465621865,-8.208674584224948,     -7.138525385537744,-13.72650653076606,    -6.299747218116241
 0.129789008000003,-8.526754743609553,-8.136052431420818,-8.208952525149888,     -7.142188387408884,-13.72957048613066,    -6.298983676135897
0.1274645459999988,-8.529755431272445,-8.141549015343621,-8.208908409311904,     -7.145386971322078,-13.73203096625976,    -6.297838344874419
0.1289346209999991,-8.533168809447204,-8.142707148312418,-8.208530592046484,     -7.148097135611559,-13.73388128328106,    -6.296368332176009
 0.127502920000012,-8.536977261068776,-8.139780472894042,-8.207818388331594,     -7.150307736543486, -13.7351319216491,    -6.294634729412355
 0.128705808999996,-8.541156827753543,-8.133307865970465,-8.206782052352255,     -7.152020772109004,-13.73580969593351,    -6.292700485890665
0.1299872190000002,-8.545677547441167,-8.124007934769335,-8.205442296158063,     -7.153251026348467,-13.73595607312949,    -6.290628475666235
0.1274217739999983,-8.550503821278879, -8.11266233261318,-8.203829393995981,     -7.154025110433547,-13.73562483082872,    -6.288479826961503
0.1283674069999989,-8.555594829980441,-8.100020279597867,-8.201981947364709,     -7.154379993152937,-13.73487928201205,     -6.28631256436331
0.1285557399999959,-8.560905029063019,-8.086738759033496, -8.19994540876446,     -7.154361147095943,-13.73378930240669,    -6.284180555102118
 0.129810409000001, -8.56638474488857,-8.073356756480113,-8.197770467771443,     -7.154020468414357,-13.73242839603746,    -6.282132763037032
0.1294054269999947,-8.571980899545087,-8.060293846771405, -8.19551140398489,     -7.153414117107262,-13.73087097394212,    -6.280212762823817
0.1292452590000011,-8.577637878329361,-8.047862466737845,-8.193224494161095,     -7.152600425300118,-13.72918999219973,    -6.278458488413386
 0.128503178999992,-8.583298552857201,-8.036285707647096, -8.19096654727565,      -7.15163797474653,-13.72745500832156,    -6.276902163598168
0.1311268370000107,-8.588905456221566,-8.025715634820337, -8.18879361487366,     -7.150583928047504,-13.72573069178886,    -6.275570375863057
0.1282391689999969,-8.594402093594834,-8.016249645165551,-8.186759905534771,     -7.149492651736843,-13.72407576408122,    -6.274484261149819
0.1278070459999867,-8.599734354911627,-8.007943970957911,-8.184916912037083,     -7.148414644575866,-13.72254232477376,    -6.273659757400574
 0.128855356999992,-8.604851976038427,-8.000824290895743,-8.183312743209642,      -7.14739576268722,-13.72117550888723,    -6.273107911199953
0.1287674280000033,-8.609709983977183,-7.994893790891667,-8.181991644871106,     -7.146476707925625,-13.72001340062708,    -6.272835208818762
0.1271803690000013,-8.614270043735333,-7.990139132694342,-8.180993681767358,     -7.145692751122655,-13.71908715549351,    -6.272843923258179
0.1309563279999963,-8.618501626606555,-7.986534775039649,-8.180354556278992,     -7.145073639930499,-13.71842125653174,    -6.273132460394319
0.1265855110000018,-8.622382917858278, -7.98404603442357,-8.180105532399249,     -7.144643657259917, -13.7180338735261,    -6.273695705267438
 0.127804029999993,-8.625901398516318,-7.982631193588801,-8.180273439573554,     -7.144421792194577,-13.71793727755618,    -6.274525356941314
0.1290979850000014,-8.629054056483232,-7.982242901406026,-8.180880732336254,     -7.144421988905297,-13.71813828441924,    -6.275610257144029
0.1276497929999891, -8.63184720902086,-7.982829050798252,-8.181945583282015,      -7.14465345393523,-13.71863871329872,    -6.276936709573851
0.1306714079999978, -8.63429595166777,-7.984333278982866,-8.183481995597459,     -7.145120993503909,-13.71943583447049,    -6.278488791912732
0.1288662589999916,   -8.636423272923,-7.986695202991007, -8.18549991897468,     -7.145825371695391,-13.72052281170282,    -6.280248663002481
0.1288493460000097,-8.638258899744633,-7.989850478615637,-8.188005359420966,     -7.146763681134951,-13.72188913290518,    -6.282196867669957
0.1280556760000024,-8.639837956138956,-7.993730764282036,-8.191000479448025,     -7.147929711605514,-13.72352102022156,    -6.284312639386796
 0.128498418999996,-8.641199515964242,-7.998263654136698,-8.194483679762987,     -7.149314322263551,-13.72540183899894,     -6.28657420449695
0.1281208110000023,-8.642385137982433,-8.003372649266593,-8.198449667256167,     -7.150905809798398,-13.72751249171098,    -6.288959088617273
0.1293070580000091, -8.64343745125257,-8.008977227538473,-8.202889505355511,     -7.152690277031457,-13.72983181734994,    -6.291444421543651
0.1280073519999974,-8.644398852367711,-8.014993076018191,-8.207790655575396,     -7.154651999221517,-13.73233698675322,    -6.294007245245824
       0.130043508,-8.645310353424577,  -8.0213325464899,-8.213137012379113,     -7.156773792672692,-13.73500390981418,     -6.29662481867526
0.1288647749999967,-8.646210606301102,-8.027905387092723,-8.218908942659388,     -7.159037384565202,-13.73780764814715,    -6.299274916695007
0.1299334250000044,-8.647135111458162,-8.034619792745945,-8.225083337922488,     -7.161423785131346,-13.74072284018341,    -6.301936120228607
0.1292406000000028,-8.648115609811102,-8.041383797978698,-8.231633693503843,     -7.163913661183189,-13.74372413413135,    -6.304588091757321
0.1304090630000019,-8.649179645506397,-8.048107006433538,-8.238530226595694,     -7.166487709388605,-13.74678662882247,     -6.30721183022202
0.1285793650000073,-8.650350284012996,-8.054702618042917,-8.245740050684814,     -7.169127024777805,-13.74988631305302,    -6.309789901068446
0.1284636409999962,-8.651645965319371,-8.061089669155004, -8.25322741757385,      -7.17181346260202,-13.75300050244161,    -6.312306633829667
0.1284621590000086,-8.653080474265051,-8.067195365856543,-8.260954046402649,     -7.174529984107798,-13.75610825615087,    -6.314748283375617
0.1279975730000018,-8.654663008739844,-8.072957347584008,-8.268879547209972,      -7.17726098191212, -13.7591907707941,    -6.317103150575395
0.1281838519999923,-8.656398330831502,-8.078325704592238,-8.276961951579786,     -7.179992576361136,-13.76223173336732,    -6.319361658709529
0.1301865430000078,-8.658286987929801,-8.083264565563523,-8.285158349727624,     -7.182712875777815,-13.76521762695189,    -6.321516382974872
 0.127588946000003,-8.660325592937616,-8.087753099146854,-8.293425631809752,     -7.185412192305879,-13.76813797393009,    -6.323562035971359
 0.129891494000006,-8.662507155713309,-8.091785819583682,-8.301721319016762,     -7.188083205428721,-13.77098550813227,    -6.325495408378472
0.1296805879999994,-8.664821461436107,-8.095372151910651,-8.310004458186194,      -7.19072107256481,-13.77375627436851,    -6.327315266619384
0.1299163129999954,-8.667255488937339,-8.098535282790644,-8.318236547478483,     -7.193323476720309,-13.77644964120553,    -6.329022214726076
0.1296362620000053,-8.669793867801785,-8.101310393932598,-8.326382446524718,     -7.195890614314413,-13.77906823760614,    -6.330618526211124
0.1287147759999954,-8.672419368374957,-8.103742422230834,-8.334411218062131,     -7.198425122050436,-13.78161780773144,    -6.332107949273893
0.1294786189999968,-8.675113420961916, -8.10588352624881,-8.342296846953163,     -7.200931945835531,-13.78410699483871,    -6.333495493923873
  0.12846468299999,-8.677856658792047, -8.10779043672313,-8.350018777629804,     -7.203418156793348,-13.78654706147278,    -6.334787209517098
0.1276629179999986,-8.680629474601794,-8.109521858742015,-8.357562223348582,      -7.20589272048364, -13.7889515563909,    -6.335989957312691
0.1279023199999898,-8.683412583956233,-8.111136055528066,-8.364918207018889,     -7.208366228280343,-13.79133594284158,     -6.33711118530471
0.1283238420000004, -8.68618758205635,-8.112688707867225,-8.372083310262729,     -7.210850599384194,-13.79371719958987,    -6.338158711548392
0.1315411239999946,-8.688937479539916,-8.114231102357582,-8.379059126205464,       -7.2133587621694,-13.79611340702373,    -6.339140518323886
0.1286242409999971,-8.691647203679567, -8.11580866499588, -8.38585142905624,     -7.215904323348134, -13.7985433316758,    -6.340064566106093
0.1307280770000006,-8.694304047540088,-8.117459832915106,-8.392469091248122,     -7.218501235970464,-13.80102601929934,     -6.34093862464388
0.1276982250000032,-8.696898055525539,-8.119215235579166,-8.398922791696293,     -7.221163470243496,-13.80358040380972,    -6.341770126197878
0.1295393150000024,-8.699422327389192,-8.121097155115935,-8.405223571426596,     -7.223904696958789,-13.80622494131513,    -6.342566042469679
0.1291551550000065, -8.70187323264547,-8.123119226723885,-8.411381297868255,     -7.226737987069246,-13.80897727194231,    -6.343332784425181
0.1305730679999897, -8.70425052708184,-8.125286349592436,-8.417403101391127,     -7.229675532301766,-13.81185391378996,    -6.344076123713446
0.1288905039999975,-8.706557367009056,-8.127594785013322,-8.423291848225594,     -7.232728389045302,-13.81486998994641,     -6.34480114078638
0.1281798039999984,-8.708800222599594,-8.130032427517975,-8.429044714532218,      -7.23590624891862,-13.81803898905837,    -6.345512189648836
0.1299061729999949,-8.710988697824959,-8.132579245391765,-8.434651926937596,     -7.239217237416413,-13.82137255981141,    -6.346212884697522
0.1285646970000016,-8.713135262053562, -8.13520789434023,-8.440095732147832,     -7.242667739676876,-13.82488033598998,    -6.346906106972878
 0.128560187000005,-8.715254907907791,-8.137884512657056,-8.445349667736359,     -7.246262255799913,-13.82856979279662,    -6.347594024728965
0.1293739660000028,-8.717364752154635,-8.140569708433645,-8.450378206237566,     -7.250003284980505,-13.83244613160729,    -6.348278130804568
0.1309299860000124,-8.719483591284598,-8.143219748465494,-8.455136846132557,     -7.253891240057739,-13.83651219299269,    -6.348959289201443
0.1277750139999938,-8.721631432581624,-8.145787946549351,-8.459572726225449,     -7.257924391289983,-13.84076839672492,    -6.349637797026786
0.1288457879999925,-8.723829009683392, -8.14822623820063,-8.463625821200647,     -7.262098841390559,-13.84521270791831,    -6.350313449894157
0.1303237279999934,-8.726097304767293,-8.150486909476113,-8.467230765290912,     -7.266408532234328,-13.84984063111967,    -6.350985618464045
0.1293320659999893,-8.728457078526137,-8.152524429077268,-8.470319295698683,      -7.27084528595023,-13.85464523268618,    -6.351653324926922
0.1271917690000066,-8.730928425908399,-8.154297307431031,-8.472823267547341,     -7.275398879124593,-13.85961719242201,    -6.352315326182535
0.1287163580000055,-8.733530359172832,-8.155769894651652,-8.474678109666636,     -7.280057154745376, -13.8647448876367,    -6.352970193742906
0.1279557809999972,-8.736280423338558,-8.156914013367491,-8.475826522036156,     -7.284806171127559,-13.87001451202021,    -6.353616396004501
0.1281171940000121,-8.739194344933663,-8.157710323128569,-8.476222145369254,     -7.289630390237875,-13.87541023073787,    -6.354252373326894
0.1299982900000032,-8.742285718608608,-8.158149321782849,-8.475832890743396,     -7.294512903060827,-13.88091437397779,    -6.354876612146143
0.1274721389999911,-8.745565725844271,-8.158231917825654,-8.474643612500932,     -7.299435695358913,-13.88650767253066,    -6.355487710612115
0.1298845900000032,-8.749042885022634,-8.157969531364788,-8.472657850559878,     -7.304379946662732,-13.89216953227509,       -6.356084437196
0.1279813010000055,-8.752722837197151,-8.157383725166582,-8.469898462082721,     -7.309326362040807,-13.89787834921838,     -6.35666578056549
0.1283157060000093,-8.756608158323646, -8.15650540678822,-8.466407081357611,     -7.314255530123498,-13.90361186177384,     -6.35723098984267
0.1274520609999996,-8.760698200111332,-8.155373668256079,-8.462242485829455,     -7.319148296674319,-13.90934753254238,    -6.357779605577233
0.1301742880000063,-8.764988966541472,-8.154034360557231,-8.457478063599279,        -7.323986148466,-13.91506295647743,    -6.358311479364825
0.1284200069999883,  -8.7694730162592,-8.152538509185094,-8.452198659228793,        -7.328751592633,-13.92073628070031,    -6.358826782593093
       0.129175644,-8.774139403610331,-8.150940672472816, -8.44649711261496,     -7.333428517282512,-13.92634662519247,    -6.359326006109798
0.1299716980000056, -8.77897366162272,-8.149297339108898,-8.440470789642848,     -7.338002524075631,-13.93187449179176,    -6.359809950013687
 0.128326095999995,-8.783957829834151,-8.147665439565056,-8.434218355319045,     -7.342461214728067,  -13.937302141273,    -6.360279702778052
 0.130210849000008,-8.789070540542166, -8.14610102471325, -8.42783696705364,     -7.346794420165397, -13.9426139269143,    -6.360736615654076
0.1277928979999956,-8.794287170834867,-8.144658142255391,-8.421419990087895,     -7.350994363014575,-13.94779656624315,    -6.361182264992443
0.1266549040000058,-8.799580066892721,-8.143387924347257,-8.415055266994449,     -7.355055740853399,  -13.952839336687,    -6.361618415461765
0.1286129389999928,-8.804918857956975,-8.142337876349734,-8.408823919790844,     -7.358975727469611,-13.95773418483931,    -6.362046974039323
0.1274314510000067,-8.810270860516146,-8.141551356369588,-8.402799623745501,     -7.362753894641879,-13.96247574555296,    -6.362469942273057
0.1280653029999996, -8.81560158226902,-8.141067214364462, -8.39704827795622,     -7.366392048428405,-13.96706126093703,     -6.36288937026027
0.1281855149999984,-8.820875326148402,-8.140919566173821,-8.391627985829864,     -7.369893993581549,-13.97149040614132,    -6.363307305877083
 0.129496973000002,-8.826055890890268,-8.141137672468803, -8.38658926375853,     -7.373265234004824,-13.97576503091776,    -6.363725748961524
0.1308125390000043,-8.831107353830305, -8.14174589406676,-8.381975408952021,     -7.376512620205466,  -13.979888820956,    -6.364146608076463
 0.128550668999992,-8.835994921159513,-8.142763699292798,-8.377822962679131,     -7.379643959916612,-13.98386690124894,    -6.364571658624793
0.1270706550000114,-8.840685815990881,-8.144205702700928, -8.37416222323942,     -7.382667609001846,-13.98770539548761,    -6.365002508052891
0.1290452020000004,-8.845150166870496,-8.146081717746892,-8.371017772636414,     -7.385592054758169,-13.99141096022345,    -6.365440565664902
0.1281406980000099,-8.849361863403749,-8.148396809325606,-8.368408988994556,     -7.388425512041096,-13.99499031772803,    -6.365887018006393
0.1287120300000026,-8.853299325223636,-8.151151340192778,-8.366350530020462,     -7.391175542254032,-13.99844980086356,    -6.366342812939528
0.1281518299999931,-8.856946148850447, -8.15434100192001,-8.364852774509615,     -7.393848710575594, -14.0017949334347,    -6.366808646379802
0.1302860439999876,-8.860291588734492,-8.157956833659476,-8.363922215153829,     -7.396450294409134, -14.0050300626195,    -6.367284960098554
0.1275769910000122,-8.863330841782638,-8.161985227482916,-8.363561803581444,     -7.398984047101671,  -14.008158053092,    -6.367771944234393
 0.127133176000001,-8.866065114534408,-8.166407928943073,-8.363771244825797,     -7.401452028128279,-14.01118005810983,    -6.368269545053034
0.1319352129999913,-8.868501468912733,-8.171202040294862,-8.364547244517555,     -7.403854504410426,-14.01409537852958,    -6.368777481073181
0.1283392010000028,-8.870652450245224,-8.176340041231146,-8.365883713799708,     -7.406189923983047,-14.01690140996229,    -6.369295261741237
0.1282807489999982,-8.872535525233713,-8.181789841769618,-8.367771933979434,      -7.40845496536076,-14.01959368897745,    -6.369822213674701
 0.129929556999997,-8.874172356122235,-8.187514890588291,-8.370200688196558,     -7.410644660280757, -14.0221660303125,    -6.370357507443267
0.1279290900000092,-8.875587955628946,-8.193474356949858,-8.373156365041723,     -7.412752586256582,-14.02461076073529,    -6.370900190398707
0.1296762990000104,  -8.8768097652049,-8.199623413977772,-8.376623039951978,     -7.414771125711296,-14.02691903445779,    -6.371449218222352
0.1305727470000022,-8.877866703137929,-8.205913645633348, -8.38058254095616,     -7.416691783039144,-14.02908122937551,    -6.372003490382204
0.1295050079999953,-8.878788221261232,-8.212293601319562,-8.385014506298898,     -7.418505549699834,-14.03108740265901,    -6.372561883549262
0.1299349269999936,-8.879603405851418,-8.218709515704136, -8.38989644090454,     -7.420203305792956,-14.03292779261587,    -6.373123284700863
0.1283922020000148,-8.880340153694638,-8.225106202829732,-8.395203778574421,     -7.421776243345996, -14.0345933481716,    -6.373686622452012
0.1286961490000067,-8.881024436952865,-8.231428126331259,-8.400909959835724,     -7.423216295902403,-14.03607625704204,    -6.374250895191405
0.1303309600000091,-8.881679678064598,-8.237620624459977,-8.406986532451761,     -7.424516556279821,-14.03737045660584,     -6.37481519600738
0.1306765170000119,-8.882326234775675,-8.243631264028931,-8.413403281121033,     -7.425671669435344,-14.03847210024782,    -6.375378733352469
0.1294063080000001,-8.882980996789545, -8.24941126689837,-8.420128398816862,     -7.426678175820244,-14.03937995071747,    -6.375940846946797
0.1307846859999984,-8.883657096875684,-8.254916942060467,-8.427128701235873,      -7.42753479493095,-14.04009568875796,    -6.376501018987251
0.1296865879999984,-8.884363726019256,-8.260111044864887,-8.434369894057266,     -7.428242637863212,-14.04062411812658,    -6.377058879691468
0.1283800799999995,-8.885106049636857, -8.26496397367044,-8.441816894888722,     -7.428805332565126,-14.04097325297009,     -6.37761420790825
  0.12938972500001, -8.88588522055584,-8.269454719468035,-8.449434211177525,     -7.429229063603091,-14.04115429130057,    -6.378166926968362
0.1303172229999916,-8.886698478779754,-8.273571497274421,-8.457186372314405,     -7.429522516877019,-14.04118146411608,    -6.378717094849202
0.1283546500000057,-8.887539339051621,-8.277312003044202,-8.465038409475179,     -7.429696742481641,-14.04107178767654,     -6.37926489059378
 0.129019851999999,-8.888397857444334,-8.280683276596703,-8.472956372485564,     -7.429764932778478,-14.04084470966079,    -6.379810597341872
0.1284484809999924,-8.889260976783614, -8.28370117463508,-8.480907868961257,     -7.429742133800058,-14.04052168942062,    -6.380354582101868
0.1297497289999967,-8.890112941835955,-8.286389491990489,-8.488862607761112,     -7.429644900736704,-14.04012571440265,    -6.380897271012993
0.1284926760000076,-8.890935785675017,-8.288778792746925,-8.496792921649385,     -7.429490910025651,-14.03968078643087,    -6.381439128184458
0.1276535379999757,-8.891709872952996,-8.290905031480589,-8.504674248528421,     -7.429298547432487,-14.03921138830835,    -6.381980627923589
0.1287753609999811,-8.892414498247351,-8.292808052928532,-8.512485541632417,     -7.429086487426207,-14.03874196435645,    -6.382522232285431
 0.128522533000023,-8.893028520161305,-8.294530056039534,-8.520209587562862,     -7.428873272883293,-14.03829640956429,    -6.383064366475626
0.1287018099999955,-8.893531020961339,-8.296114099557556,-8.527833209227934,     -7.428676912722618,-14.03789760396122,    -6.383607397774035
0.1283142420000161,-8.893901969873937,-8.297602710195584, -8.53534734102103,     -7.428514507331354,-14.03756698524612,    -6.384151617666231
0.1293147510000097,-8.894122870745605,-8.299036643074402,-8.542746960960253,     -7.428401906732773,-14.03732417374716,    -6.384697225412347
0.1293833439999901,-8.894177368564751,-8.300453817816187,-8.550030884650033,     -7.428353408959434,-14.03718665055472,    -6.385244317607917
0.1288052289999939,-8.894051793368396,-8.301888446849304,-8.557201422474465,     -7.428381505011593,-14.03716949607306,    -6.385792881807698
0.1308338300000003,-8.893735618021941,-8.303370356014748,-8.564263913734701,     -7.428496671548136,-14.03728518156856,    -6.386342793170559
 0.130528991999995,-8.893221808588292,-8.304924487980212,-8.571226158773579,     -7.428707207991667,-14.03754341575589,    -6.386893819123912
 0.127983735000015,-8.892507055289187,-8.306570575139627,-8.578097772221374,     -7.429019125959923,-14.03795104638593,    -6.387445625855562
0.1303251489999866,-8.891591869938544,-8.308322968426848, -8.58488948180398,     -7.429436083024772,-14.03851200888078,    -6.387997792364232
 0.130698117999998,-8.890480553115294,-8.310190603187095,-8.591612406778049,     -7.429959368610259, -14.0392273326237,    -6.388549825487679
0.1290995559999999,-8.889181029842891, -8.31217709010212,-8.598277335939423,     -7.430587928791853,-14.04009518176263,    -6.389101184227838
0.1303482330000065,-8.887704567671687,-8.314280919357483,-8.604894038142145,     -7.431318441549417,-14.04111095496347,    -6.389651302268932
 0.130326451000002,-8.886065393977617,-8.316495767098042,-8.611470622204502,     -7.432145430111194,-14.04226741796612,     -6.39019961704779
0.1278179649999913,-8.884280233683162,-8.318810901295835,-8.618012974588552,     -7.433061423918225,-14.04355489481383,    -6.390745598785202
0.1300251099999912,-8.882367789123498,-8.321211679481733, -8.62452428349674,     -7.434057154776381, -14.0449614909757,     -6.39128878362584
0.1280525870000133, -8.88034818981269,-8.323680135262936,  -8.6310046700104,     -7.435121791739136,-14.04647336523242,    -6.391828802803633
0.1302418180000018,-8.878242431276288,-8.326195647738079,-8.637450937250767,     -7.436243210267047,-14.04807504152571,     -6.39236541573245
0.1291003569999987,-8.876071830553331,-8.328735686414335,-8.643856448019058,     -7.437408294530838,-14.04974976360342,    -6.392898539466898
0.1297944449999875,-8.873857510011879,-8.331276622240388,-8.650211136356958,     -7.438603262865579,-14.05147987844673,    -6.393428274581859
0.1286339680000026,-8.871619927666741,-8.333794586948818,-8.656501660980933,     -7.439814011644974,-14.05324725151815,    -6.393954930939683
0.1310467200000005,-8.869378465190159,-8.336266360330344,-8.662711704307242,     -7.441026474700893,-14.05503370553117,    -6.394479046107656
0.1284841490000019,-8.867151076192792,-8.338670261941513,-8.668822410523545,     -7.442226980691627,-14.05682146346426,    -6.395001402555999
0.1297059649999994,-8.864954003051405,-8.340987011503801,-8.674812964345628,     -7.443402606345407,-14.05859359669974,    -6.395523035266178
0.1295556249999947,-8.862801559550496,-8.343200529186261,-8.680661292816755,     -7.444541511678659,-14.06033445552948,    -6.396045237029712
0.1288364390000254,-8.860705978176414,-8.345298638598228,-8.686344872796242,     -7.445633242344933,-14.06203006724986,    -6.396569557485522
0.1282326150000017,-8.858677321226887,-8.347273641885179,-8.691841619570647,     -7.446668999979964, -14.0636685010233,    -6.397097793569103
0.1287165079999966,-8.856723446438814, -8.34912273668162,-8.697130818511063,     -7.447641854629183,-14.06524015738162,    -6.397631976459297
0.1258403020000003,-8.854850028199069,-8.350848254595556,-8.702194063117291,     -7.448546902136992,-14.06673799913793,    -6.398174352145264
0.1297483469999747,-8.853060624124689,-8.352457714311107,-8.707016148444499,     -7.449381360550868,-14.06815769691124,    -6.398727354793759
0.1284628790000113,-8.851356784099437, -8.35396368151436,-8.711585877309775,      -7.45014459157164,-14.06949768066751,    -6.399293578180236
0.1276321269999983,-8.849738197413554,-8.355383454776955,-8.715896726029719,     -7.450838061741945,-14.07075911281019,    -6.399875740134375
0.1278540139999791,-8.848202869534179, -8.35673858719772,-8.719947337165804,     -7.451465228926677,-14.07194575312586,    -6.400476643837491
0.1280059180000137,-8.846747327138587,-8.358054281716019,-8.723741798335597,     -7.452031368959235,-14.07306375200366,    -6.401099138264033
 0.128254486000003,  -8.8453668434469,-8.359358683693134,-8.727289696658229,     -7.452543348608397,-14.07412135943947,    -6.401746073972482
0.1296669190000159,  -8.8440556825429,-8.360682107636936,-8.730605940418162,     -7.453009351864583,-14.07512857442362,    -6.402420258983838
0.1303286849999949,-8.842807352434757,-8.362056237244595,-8.733710356692608,     -7.453438571339225,-14.07609674031233,    -6.403124414508643
0.1286265039999819,-8.841614865497487,-8.363513317387529, -8.73662709667544,     -7.453840870427954,-14.07703809947446,    -6.403861132060454
0.1296224230000007,-8.840471001674096,-8.365085371289576,-8.739383873710951,     -7.454226441730317,-14.07796534189107,    -6.404632829589674
0.1269102349999969, -8.83936856358968,-8.366803464925084,-8.742011080388334,     -7.454605459123524,-14.07889113594319,    -6.405441712474152
0.1281404560000112,-8.838300623472147,-8.368697017907868,-8.744540834853936,     -7.454987735941049,-14.07982767073941,    -6.406289735995665
0.1287547009999912,-8.837260754734549,-8.370793183363061,-8.747005985893802,     -7.455382408607846,-14.08078622759239,    -6.407178572734148
0.1295172209999862,-8.836243238766656,-8.373116290485736,-8.749439132811096,     -7.455797639971665,-14.08177677070294,    -6.408109581072804
0.1301484870000138,-8.835243250113349,-8.375687344801923,-8.751871679769096,     -7.456240356847958,-14.08280758933056,    -6.409083784231821
0.1279047220000109,-8.834257008225379,-8.378523589311859,-8.754332957639068,     -7.456716030359395,    -14.0838849826,    -6.410101845757832
0.1284522780000259,-8.833281894311158,-8.381638115709313,-8.756849430147065,     -7.457228488450548,-14.08501299373799,    -6.411164060085722
0.1285273830000051,-8.832316534778434,-8.385039514922047,-8.759443992095688,     -7.457779780599551,-14.08619320630776,    -6.412270340437907
0.1292622189999975,-8.831360843511483, -8.38873157146536,-8.762135366890417,     -7.458370087475161,-14.08742459828417,    -6.413420217074221
0.1294506320000153,-8.830416029072092,-8.392712986660506,-8.764937604480679,     -7.458997677180501,-14.08870345977707,    -6.414612839498695
0.1271115730000076,-8.829484561998131, -8.39697713848234,-8.767859681639701,      -7.45965891066759,-14.09002337166891,    -6.415846983734554
0.1283651899999825,-8.828570109339928,-8.401511875137917,-8.770905196734146,     -7.460348293757611,-14.09137525477234,    -6.417121066477852
0.1277390129999958,-8.827677438072575,-8.406299351818628,  -8.7740721647529,     -7.461058578628115,-14.09274748398985,    -6.418433162567123
0.1284986969999977,-8.826812290374969,-8.411315924553685,-8.777352909796637,      -7.46178091043363,-14.09412607361636,    -6.419781028897437
0.1297068860000081,-8.825981237509897,-8.416532115229314,-8.780734062492455,     -7.462505016890843,-14.09549492611301,    -6.421162130673437
0.1276702600000021,-8.825191516742734,-8.421912670653587, -8.78419666678505,     -7.463219439069244,-14.09683615209038,    -6.422573673628545
0.1280800389999968,-8.824450856958016,-8.427416745807271,-8.787716408672537,     -7.463911798185297, -14.0981304478199,    -6.424012636129764
 0.128310354000007,-8.823767299294275,-8.432998235172228,-8.791263974705974,     -7.464569091946057,-14.09935753454254,    -6.425475808595582
0.1299721569999974,-8.823149015745562,-8.438606288667287, -8.79480555713238,     -7.465178017437417,-14.10049664191119,    -6.426959828779017
0.1290796369999896,-8.822604132393277,-8.444186036921495,-8.798303508791642,     -7.465725305885782, -14.1015270299915,    -6.428461224223032
0.1290347799999836,-8.822140562724472, -8.44967954344474,-8.801717160075523,      -7.46619806594641,-14.10242853228837,    -6.429976450348138
0.1287796279999895,-8.821765850258902,-8.455027003728684,-8.805003790357453,     -7.466584124327522,-14.10318210375918,    -6.431501929606497
0.1300849049999897,-8.821487028591402,-8.460168171368029,-8.808119744837224,     -7.466872347609208,-14.10377035227591,    -6.433034090024443
0.1266743889999873,-8.821310498240772,-8.465043988351738,-8.811021671290939,     -7.467052941517527,-14.10417803552729,    -6.434569401307302
0.1288121210000099,-8.821241920330033,-8.469598366444092,-8.813667836735954,     -7.467117711697369,-14.10439249909744,    -6.436104407856114
 0.128611793999994,-8.821286134795063,-8.473780026176613,-8.816019473010245,     -7.467060277962603,-14.10440403758176,    -6.437635757468382
0.1292253080000023,-8.821447094170317, -8.47754430968792,-8.818042085777726,     -7.466876234422775,-14.10420616419236,    -6.439160229716379
0.1285354369999823,-8.821727823853678,-8.480854829941832,  -8.8197066553744,     -7.466563248305431, -14.1037957705248,      -6.4406747548508
 0.129205890999998, -8.82213039779481,-8.483684854079769,-8.820990657041762,     -7.466121095782912,-14.10317317697458,    -6.442176432370352
0.1282295279999914, -8.82265593918426,-8.486018292487779,-8.821878834354026,     -7.465551630440961,-14.10234206337005,    -6.443662542026177
0.1298287010000081, -8.82330463631151,-8.487850228897207,-8.822363670695319,      -7.46485869239698,-14.10130929384747,    -6.445130550255143
0.1308497190000253,-8.824075780604767,-8.489186927380523,-8.822445527435402,     -7.464047956297788,-14.10008463845924,     -6.44657811411413
 0.128653364999991,-8.824967819810905,-8.490045327248977,-8.822132442632334,      -7.46312673138933,-14.09868041132963,    -6.448003075358082
0.1272479860000146,-8.825978427464456,-8.490452064534907,-8.821439602464743,      -7.46210371902623,-14.09711104356044,    -6.449403455524181
0.1281426010000075,-8.827104586906149,-8.490442096737276,-8.820388533848618,     -7.460988738177199, -14.0953926081107,    -6.450777443765598
0.1293025870000122, -8.82834268729315,-8.490057045168012,-8.819006069099709,     -7.459792433932905,-14.09354232443765,    -6.452123382518217
 0.127721409000003,-8.829688630661348,-8.489343374325781,-8.817323164172796,     -7.458525972363447,-14.09157805551677,    -6.453439749296003
0.1292501049999828,-8.831137947898384, -8.48835052821237,-8.815373637874234,     -7.457200741360723,-14.08951782325937,    -6.454725139472394
0.1284672249999801,-8.832685917485204,-8.487129130330302,-8.813192905636235,      -7.45582806223548,-14.08737935637501,    -6.455978243882647
0.1262367060000145, -8.83432769307486,-8.485729328617472,-8.810816778419241,     -7.454418914945476,-14.08517967436213,     -6.45719782919957
0.1279982019999863,-8.836058426617315,  -8.4841993579297,-8.808280363783634,     -7.452983699677877,-14.08293473710336,    -6.458382717603627
0.1283122270000092, -8.83787339194749,-8.482584336431906,-8.805617119385571,     -7.451532021871452,-14.08065914354636,    -6.459531766047295
0.1290361730000029,-8.839768103284081,-8.480925321603811,-8.802858070237107,     -7.450072515565491,-14.07836589867538,    -6.460643853080701
0.1288805020000154,-8.841738425695215,-8.479258617011439,-8.800031207079291,     -7.448612705148728,-14.07606624063851,     -6.46171785911946
0.1272204020000061,-8.843780674653607,-8.477615312174382,-8.797161055795979,     -7.447158904895978,-14.07376953422026,    -6.462752659617401
0.1278772280000169,-8.845891703577813, -8.47602102762735,-8.794268420330118,     -7.445716156564191,-14.07148321785607,    -6.463747115363968
0.1298535879999747,-8.848068974256897,-8.474495840890397,-8.791370271432772,      -7.44428820799561,-14.06921281325335,     -6.46470006817005
0.1279939540000044,-8.850310612366265,-8.473054363080404,-8.788479780242879,     -7.442877521074323,-14.06696197515177,    -6.465610342904633
0.1284721350000098,-8.852615441310654,-8.471705942139584,-8.785606459981377,     -7.441485321198051,-14.06473259824289,    -6.466476750766602
0.1269696980000106,-8.854982999146703,-8.470454964341219,-8.782756416851923,      -7.44011166984694,-14.06252495158038,    -6.467298097992141
0.1280897989999801,-8.857413533815038,-8.469301243484384,-8.779932674914724,     -7.438755569036681,-14.06033785461576,    -6.468073199071242
0.1286590760000195,-8.859907977788872,-8.468240474438513,-8.777135569543999,     -7.437415087603076,-14.05816887775044,    -6.468800891756613
 0.128545115999998,-8.862467905877816,-8.467264740069133, -8.77436318915812,     -7.436087504650001,-14.05601456071292,    -6.469480056457366
0.1288843300000053,-8.865095469535651,-8.466363063743968,-8.771611845379015,     -7.434769473663643,-14.05387065451252,    -6.470109637582993
0.1276592380000068,-8.867793322825881,-8.465521987432767,-8.768876568837021,     -7.433457189503974,-14.05173235938489,    -6.470688664766869
0.1296328530000039,-8.870564525748303, -8.46472618319171,-8.766151601612535,     -7.432146567452046,-14.04959457685838,    -6.471216280406551
0.1283363630000167,-8.873412439227721,-8.463959065409226,-8.763430882157211,      -7.43083342310645,-14.04745215346018,    -6.471691760332319
0.1286757280000188,-8.876340613709845,-8.463203409057321,-8.760708509724809,     -7.429513641923441, -14.0453001063426,    -6.472114538682237
0.1290191890000187,-8.879352666405641,-8.462441958498729, -8.75797916855014,     -7.428183349662151,-14.04313384663801,    -6.472484229772815
0.1289891810000086,-8.882452156491228,-8.461658006045166,-8.755238505807169,     -7.426839065456848,-14.04094937157325,    -6.472800647943213
0.1288169400000072,-8.885642462462528,-8.460835929798838,-8.752483453938869,     -7.425477837345884,-14.03874343130677,    -6.473063824808126
0.1302425780000078,-8.888926658956716,-8.459961679728663, -8.74971248443409,      -7.42409736147711,-14.03651366902867,    -6.473274022166548
0.1278531009999995,-8.892307397930665,-8.459023192524963,-8.746925792243962,     -7.422696076196212,-14.03425872520979,    -6.473431741890388
0.1288312969999765,-8.895786799785066, -8.45801072138604,-8.744125404796055,     -7.421273231543577,-14.03197830667192,    -6.473537729911494
 0.131378538000007,-8.899366353080211,-8.456917077389297,-8.741315218158444,     -7.419828931990428,-14.02967321982517,     -6.47359297911517
0.1302604729999928,-8.903046826127257,-8.455737771608138,-8.738500957619406,     -7.418364153032336,-14.02734536851516,    -6.473598721483557
0.1289441950000025,-8.906828191229479,-8.454471054597644,-8.735690075910096,     -7.416880733614791,-14.02499772180501,    -6.473556422893635
0.1286929099999838, -8.91070956614355,-8.453117856551172,-8.732891587739244,     -7.415381339354813,-14.02263424370268,    -6.473467766072634
0.1311179960000004,-8.914689171955274,-8.451681635100524, -8.73011585856762,     -7.413869405942505,-14.02025980160428,    -6.473334634674862
0.1276550589999772,-8.918764306772688, -8.45016814135956,-8.727374352362373,     -7.412349063713712,-14.01788005211489,    -6.473159091280065
0.1286522820000187,-8.922931341211974,-8.448585113944235,-8.724679350515151,     -7.410825041483235,-14.01550130413836,    -6.472943350887599
0.1290223459999993,-8.927185731000652, -8.44694192190555,-8.722043656800668,     -7.409302560779083,-14.01313037555649,    -6.472689756674614
0.1270711249999863,-8.931522050547802,-8.445249170338501,-8.719480292237044,     -7.407787218711364,-14.01077443661075,    -6.472400744401352
 0.128106981000002,-8.935934045234731,-8.443518287409699,-8.717002199073271,     -7.406284867829724,-14.00844085838475,    -6.472078818134077
0.1305935449999822,-8.940414704062706,-8.441761108444656, -8.71462195094883,     -7.404801491003239,-14.00613705453746,    -6.471726511044225
0.1305238900000063,-8.944956349663597,-8.439989474095547,-8.712351485978788,      -7.40334308045671,-14.00387033725763,    -6.471346360778666
0.1276105639999798,-8.949550745682284,-8.438214853832186,-8.710201864352982,     -7.401915522934124,-14.00164778054797,    -6.470940871899096
 0.127632124999991,-8.954189219478017,-8.436448006479473,-8.708183051603342,     -7.400524489475212,-13.99947609503858,    -6.470512492046678
0.1282563290000098,-8.958862796394419,-8.434698686271034,-8.706303736979391,     -7.399175340455849,-13.99736152285594,    -6.470063578963487
0.1302045239999927,-8.963562345975877,-8.432975398773952,-8.704571181222482,     -7.397873036339734,-13.99530974212632,    -6.469596378473643
0.1271824180000181,-8.968278730806395,-8.431285213971117,-8.702991101110484,     -7.396622069836282,-13.99332579971805,    -6.469113002350477
0.1296297659999937,-8.973002961440185,-8.429633632376705,-8.701567586184055,     -7.395426405344169,-13.99141405145117,    -6.468615407016078
0.1298263749999933,-8.977726344918826,-8.428024510927312, -8.70030304813938,     -7.394289439146974,-13.98957813101792,    -6.468105380669641
0.1297975599999859,-8.982440629116052,-8.426460040578025,-8.699198204372614,     -7.393213970843053,-13.98782092883922,     -6.46758452950372
0.1271260999999981,-8.987138133745459,-8.424940778465343,-8.698252090397784,     -7.392202191716555, -13.9861445929796,     -6.46705426977331
0.1287110449999886,-8.991811864301441,-8.423465728308118,-8.697462105193088,     -7.391255687547025,-13.98455054579921,    -6.466515825975422
0.1279161129999977,-8.996455606050676, -8.42203246452859, -8.69682408364857,     -7.390375453604891,-13.98303951246327,    -6.465970225767897
0.1287897069999815,-9.001063992255645, -8.42063729718717,-8.696332395616206,      -7.38956192116108,-13.98161156411683,    -6.465418307521679
0.1285397540000019,-9.005632542487739,-8.419275471386499,-8.695980073502071,     -7.388815000295473, -13.9802661768641,    -6.464860722839685
0.1303297759999964,-9.010157673805109,-8.417941391887902,-8.695758962648105,     -7.388134124243013,-13.97900229057273,    -6.464297946619058
0.1290356709999969,-9.014636676324585,-8.416628872903514,-8.695659892526745,     -7.387518307511732,  -13.977818384225,    -6.463730289389863
0.1306980859999953, -9.01906765919364,-8.415331398993356,-8.695672871749887,     -7.386966207983496,-13.97671255251349,    -6.463157910832511
0.1271492140000134,-9.023449464163729,-8.414042394002667,-8.695787295348042,     -7.386476195056633,-13.97568258766215,    -6.462580832949043
0.1301634449999938,-9.027781551590705,-8.412755487381999,-8.695992169250028,     -7.386046416496434,-13.97472605999077,    -6.461998961724926
0.1282588239999995,-9.032063860239079,-8.411464772470968,-8.696276341514912,     -7.385674871690297,  -13.973840402523,    -6.461412099561944
0.1283910079999941,-9.036296646503775,-8.410165046318429,-8.696628742035715,     -7.385359478843542,-13.97302298835712,    -6.460819968212695
0.1285458959999914,-9.040480307925504,-8.408852025494209,-8.697038617520398,      -7.38509814108529,-13.97227120554193,    -6.460222223669317
0.1291884449999827,-9.044615196229381,-8.407522530897408,  -8.6974957649047,     -7.384888811084385,-13.97158252932977,     -6.45961847813654
0.1279641149999975,-9.048701427070185,-8.406174634143111,-8.697990749520839,     -7.384729543482314,-13.97095457851921,    -6.459008312550544
0.1279817389999778,-9.052738691789909,-8.404807764482259,-8.698515108597372,     -7.384618545715615,-13.97038517180428,    -6.458391299372583
0.1270791590000044,-9.056726079140699,-8.403422770160354,-8.699061526882518,     -7.384554219974732,-13.96987237051186,    -6.457767011396959
0.1296255579999865,-9.060661911323672,-8.402021934217935,-8.699623990648691,     -7.384535191027254,-13.96941450685875,    -6.457135040537973
0.1289048689999959,-9.064543602830506,-8.400608946559602,-8.700197899307039,     -7.384560330252693,-13.96901020777027,    -6.456495007937196
0.1292926069999965,-9.068367545814613,-8.399188832061611,-8.700780146142565,     -7.384628767033531,-13.96865840288299,    -6.455846573528198
 0.130966313000016,-9.072129027885747,-8.397767839831301,-8.701369158954199,      -7.38473988941888, -13.9683583225148,     -6.45518944768911
0.1285084449999943,-9.075822186894241, -8.39635329893933,-8.701964896600318,     -7.384893335754405,  -13.968109484044,    -6.454523395156509
0.1283791349999888,-9.079440006250312,-8.394953444980061,-8.702568808182304,     -7.385088977785221,-13.96791166983117,    -6.453848240685962
0.1294671120000146,-9.082974352634418,-8.393577225615084,-8.703183754096859,     -7.385326893621865,-13.96776489438132,    -6.453163873709102
0.1306883570000252, -9.08641605872632,-8.392234091166111,-8.703813889033585,     -7.385607334551158,-13.96766936458486,     -6.45247024863129
 0.130682835999977, -9.08975505026447,-8.390933777246051,-8.704464517813442,     -7.385930684638431,-13.96762543320752,    -6.451767386602977
0.1304968169999938,-9.092980516546794,-8.389686086045506,-8.705141920316521,     -7.386297417060453,-13.96763354834066,    -6.451055373434067
0.1306085629999814,-9.096081121616646,-8.388500672513413,-8.705853160324816,     -7.386708045428697,-13.96769419892776,    -6.450334358465445
0.1282840819999933,-9.099045250278879,-8.387386840357816,-8.706605877691999,     -7.387163073915007,-13.96780785892052,    -6.449604552505281
0.1276397089999932,-9.101861284587118,-8.386353352777883,-8.707408073920233,     -7.387662947403348,-13.96797493235786,     -6.44886622398819
0.1283668410000018,-9.104517900039522,-8.385408261461263,-8.708267895648932,     -7.388208002266985,-13.96819569915873,    -6.448119696234623
0.1275623399999972,-9.107004374946104,-8.384558756400079,-8.709193420074493,     -7.388798421283427,-13.96847026707151,    -6.447365344622415
0.1279976890000114,-9.109310899153735,-8.383811039387023,-8.710192449738807,     -7.389434192147203,-13.96879852623719,    -6.446603591471184
0.1276874919999784,-9.111428871631542, -8.38317022166679, -8.71127232306822,      -7.39011507033019,-13.96918011060284,    -6.445834905006365
0.1286461999999915,-9.113351175374572,-8.382640247041158,-8.712439735742691,     -7.390840550734037,-13.96961436806376,    -6.445059795613268
0.1298386590000007,-9.115072418018334,-8.382223840524517,-8.713700586228828,     -7.391609845908499,-13.97010033851081,    -6.444278815308982
0.1287240499999882,-9.116589124093945,-8.381922482629031,-8.715059842483059,      -7.39242187173237,-13.97063673953547,    -6.443492553374483
0.1282845319999808, -9.11789988018003,-8.381736407659599,-8.716521426477355,     -7.393275244774204,-13.97122196596829,    -6.442701639060979
0.1269543779999935,-9.119005410586416,-8.381664627852171,-8.718088133690568,     -7.394168284709377,-13.97185409319977,    -6.441906739713461
0.1283796259999974,-9.119908595323844,-8.381704978433625, -8.71976156799677,     -7.395099029964304,-13.97253089617127,    -6.441108559204109
0.1302095140000006,-9.120614423180376,-8.381854186018138,-8.721542101460683,     -7.396065260166046,-13.97324987540745,    -6.440307843420802
0.1288199139999904,-9.121129878657877, -8.38210795721851,-8.723428867818987,     -7.397064528459874,-13.97400829250393,    -6.439505378076722
0.1275463290000118,-9.121463775472929,-8.382461084949291,-8.725419771804484,     -7.398094200901136,-13.97480321402304,    -6.438701991018324
0.1296042760000091,-9.121626540402836,-8.382907572507039,-8.727511522221713,     -7.399151504335535,-13.97563156391601,    -6.437898555235385
0.1285222399999952,-9.121629956202844,-8.383440771695621,-8.729699692122246,     -7.400233579399702,-13.97649018100892,    -6.437095989340426
0.1304953240000088,-9.121486877059622,-8.384053532574343, -8.73197879704113,     -7.401337538958604,-13.97737588249862,    -6.436295261116114
0.1277350729999966,-9.121210926098341,-8.384738362505026,-8.734342392223001,     -7.402460529196558,-13.97828552920631,     -6.43549738671287
0.1270367969999882, -9.12081619073356,-8.385487590622398,-8.736783184778652,      -7.40359979538544,-13.97921609645038,    -6.434703433042682
0.1290905669999916,-9.120316915947198,-8.386293536064922,-8.739293167445577,     -7.404752743362129,-13.98016473910025,    -6.433914518659095
0.1289873869999951,-9.119727218972095,-8.387148672433007,-8.741863760044222,     -7.405917003136803,-13.98112885944609,    -6.433131812535603
0.1305557210000075,-9.119060825096547,-8.388045788778646,-8.744485956238684,     -7.407090489545066,-13.98210617091207,    -6.432356532113524
0.1310569569999984,-9.118330828368434,-8.388978141596235,-8.747150486081059,      -7.40827145423138,-13.98309475273614,    -6.431589944240735
 0.133753535000011,-9.117549493598505,-8.389939591972006,  -8.7498479689036,     -7.409458536126784,-13.98409310270174,    -6.430833358316448
0.1286787329999868,-9.116728087037094,-8.390924728277186,-8.752569074455035,     -7.410650799552313,-13.98510017613057,    -6.430088125524618
 0.130895766000009,-9.115876755264699,-8.391928966293865,-8.755304668009659,     -7.411847767675069,-13.98611542065835,    -6.429355631497315
0.1326767099999984,-9.115004435082279,-8.392948629809439,-8.758045952494436,     -7.413049442500722,-13.98713879560701,    -6.428637292363586
0.1294888939999908,-9.114118804590451,-8.393981003576855, -8.76078459065373,     -7.414256315748001,-13.98817078204307,     -6.42793454516249
0.1321189439999841,-9.113226271899002,-8.395024361047536,-8.763512810304988,     -7.415469369218145,-13.98921238205141,    -6.427248842236188
0.1299614350000127,-9.112331996537666,-8.396077965634158,-8.766223486193651,     -7.416690062882358,-13.99026510474631,    -6.426581641989436
0.1305124480000188,  -9.1114399395441, -8.39714204587856,-8.768910198797181,     -7.417920313257221,-13.99133094172336,    -6.425934399457592
0.1292368579999845,-9.110552943574268,-8.398217744144869, -8.77156726466519,     -7.419162461118446,-13.99241233253966,    -6.425308556397165
0.1302755899999966,-9.109672834386076,-8.399307043410627,-8.774189739051263,     -7.420419230507735,-13.99351211992788,     -6.42470553203621
0.1283835830000157,-9.108800540321941,-8.400412673071932,-8.776773392042063,     -7.421693677502867,  -13.994633495311,    -6.424126711681429
0.1276921810000147,-9.107936227599739,-8.401537997538373,-8.779314654695915,     -7.422989135560877,-13.99577994167535,    -6.423573439185829
0.1278603250000003,-9.107079446752156,-8.402686891488235,-8.781810542092071,     -7.424309153330764,-13.99695516638059,    -6.423047002456265
0.1291126980000001,-9.106229280302783,-8.403863606778502,-8.784258559545489,     -7.425657427770346,-13.99816303296238,    -6.422548628799548
0.1305222059999949,-9.105384498192205,-8.405072632175409,-8.786656581819674,     -7.427037737905255,-13.99940749088368,    -6.422079472339637
0.1295461640000042,-9.104543701460738,-8.406318554282688,-8.789002729433072,     -7.428453873817249,-14.00069250237526,    -6.421640607101356
0.1273574850000045, -9.10370547137058,-8.407605919069532,-8.791295227692224,      -7.42990957166582,-14.00202197601874,    -6.421233019187749
0.1275035459999856,-9.102868493048586,-8.408939103723053,-8.793532275521784,     -7.431408446791972,-14.00339969712392,    -6.420857599719666
0.1283281560000091,-9.102031674923744,-8.410322193767872,-8.795711907495539,     -7.432953931796962,-14.00482926586715,    -6.420515139707874
0.1283142889999738,-9.101194250217016,-8.411758876358775,-8.797831872272811,     -7.434549221440272,-14.00631404155917,    -6.420206325451177
0.1277375880000022,-9.100355854996836,-8.413252348419791, -8.79988952141402,      -7.43619722093247,  -14.007857090263,     -6.41993173411596
0.1268670689999851,-9.099516588859213,-8.414805242074634,-8.801881724134443,     -7.437900503238096,-14.00946114376849,    -6.419691833448387
0.1288709330000017,-9.098677052320706,-8.416419568471474,-8.803804800597231,      -7.43966127290879,-14.01112856394285,    -6.419486979831104
 0.126960548999989,-9.097838360147561, -8.41809668210754,-8.805654488654936,      -7.44148133706688,-14.01286131519203,    -6.419317417755106
0.1295942369999921,-9.097002135359498,-8.419837264517771,-8.807425938909946,     -7.443362086840383,-14.01466094861438,    -6.419183283268031
0.1288462750000008,-9.096170480708215,-8.421641329010804,-8.809113741465323,     -7.445304485057402,-14.01652859147852,    -6.419084605262491
0.1275005709999846, -9.09534593278833,-8.423508246095254,-8.810711990089265,     -7.447309065742082,-14.01846495017081,    -6.419021308998373
0.1269816399999968,-9.094531394881754,-8.425436787253496, -8.81221437672559,     -7.449375936420519,-14.02047031493588,    -6.418993222042869
0.1275890210000057,-9.093730062403617,-8.427425186947795,-8.813614314160244,     -7.451504794960375,-14.02254458148904,    -6.419000079833299
0.1268035059999875,-9.092945327258214, -8.42947122192176,-8.814905094132476,     -7.453694947336432,-14.02468726979468,    -6.419041529991993
0.1282987900000023,-9.092180682228923,-8.431572302558891,-8.816080063162183,     -7.455945336101405,-14.02689755885513,    -6.419117141814309
0.1286742540000034,-9.091439618351954,-8.433725579055992,-8.817132816143049,     -7.458254574219704,-14.02917432273333,    -6.419226412798833
0.1267956720000143,-9.090725513111925,-8.435928055280568,-8.818057405485416,     -7.460620980191496,-14.03151616954746,    -6.419368776617818
0.1285822149999944,-9.090041536893018,-8.438176708443324,-8.818848548552017,     -7.463042624163483, -14.0339214919162,    -6.419543611422229
0.1263982950000013,-9.089390539843109,-8.440468615893868,-8.819501837992567,     -7.465517369711739,-14.03638851083898,    -6.419750247936589
0.1285759940000162,-9.088774968672995,-8.442801074339755,-8.820013931885468,     -7.468042921272596,-14.03891532773244,    -6.419987978169389
0.1255907390000175,-9.088196777313835,-8.445171722414262,-8.820382730535339,     -7.470616871066786,-14.04149997352137,    -6.420256063026798
0.1281057669999939,-9.087657357354832,-8.447578652702115,-8.820607522602504,     -7.473236746200635,-14.04414045875205,     -6.42055374072465
0.1257124330000181,-9.087157470592828,-8.450020513154758,-8.820689097524422,     -7.475900050201996,-14.04683481637922,    -6.420880233138632
0.1276510609999946,-9.086697214117939,-8.452496593729341,-8.820629820344417,     -7.478604306774902,-14.04958114968201,    -6.421234754750212
 0.127821057999995,-9.086275981630699, -8.45500690162469,-8.820433660131295,     -7.481347098356015,-14.05237766995288,    -6.421616517143003
0.1279556380000031,-9.085892451095082,-8.457552211887689,-8.820106183400908,     -7.484126093133057,-14.05522272469765,    -6.422024735517827
0.1279896430000065,-9.085544585493368,-8.460134101334594,-8.819654494133657,     -7.486939075980667,-14.05811483101057,    -6.422458634815085
0.1280531349999876,-9.085229649993785,-8.462754959236552,-8.819087143073126,     -7.489783964727668,-14.06105268875755,     -6.42291745275462
0.1290436150000005,-9.084944245154567,-8.465417976848258,-8.818413988264323,     -7.492658823069234,-14.06403519586996,    -6.423400445177358
0.1293513579999797,-9.084684353599064,-8.468127116221359,-8.817646035292398,     -7.495561867580544, -14.0670614514892,    -6.423906887034745
0.1274876749999976,-9.084445400592172,-8.470887056819599,-8.816795244629155,     -7.498491460681035,-14.07013074953609,      -6.4244360782004
0.1284518540000192,-9.084222328357454,-8.473703122669999,-8.815874324115674,     -7.501446103501103,-14.07324256784594,    -6.424987342064592
 0.127366201000001,-9.084009679971027,-8.476581194303382,-8.814896507887934,     -7.504424417965892,-14.07639654825739,    -6.425560029105942
0.1277166869999746,-9.083801692363014,-8.479527603680843,-8.813875333838594,     -7.507425122237001,-14.07959246875755,     -6.42615351683091
0.1277100949999976,-9.083592396209081,-8.482549019389726,-8.812824420999098,     -7.510447003157442,-14.08283021243312,    -6.426767211127912
 0.127240908999994,-9.083375719021433,-8.485652321089125,-8.811757261199027,     -7.513488880324219,-14.08610972616931,    -6.427400544669712
0.1264422200000013,-9.083145592749981,-8.488844468024563,-8.810687016296765,     -7.516549568556155,-14.08943098042675,    -6.428052979540647
0.1297157099999993,-9.082896055477908,-8.492132367702759,-8.809626343004899,     -7.519627839485861, -14.0927939231849,    -6.428724004375058
0.1262434870000106,-9.082621354995565,-8.495522739808353,-8.808587232404616,     -7.522722378010494,-14.09619843283576,     -6.42941313644334
0.1283417619999909,-9.082316044284509,-8.499021987237731,-8.807580877180358,     -7.525831744730329, -14.0996442723885,    -6.430119918719224
0.1280411019999974,-9.081975065950253,-8.502636072643503,-8.806617562836076,     -7.528954334816705,-14.10313104296857,    -6.430843922895261
0.1282984479999811,-9.081593829445705,-8.506370400199012,-8.805706584097821,     -7.532088344467259,-14.10665814135582,    -6.431584745570454
0.1278167099999905,-9.081168272788807,-8.510229709753956,-8.804856187929202,     -7.535231737987228,-14.11022472081905,    -6.432342012744892
0.1283970579999902,-9.080694909905427, -8.51421798316964,-8.804073544814546,     -7.538382222963612,-14.11382965550495,    -6.433115376043776
0.1263564139999858,-9.080170866948173,-8.518338360648919,-8.803364732661173,      -7.54153723419561,-14.11747151827871,    -6.433904516293912
0.1271448339999779,-9.079593895279961,-8.522593079404219,-8.802734759737916,     -7.544693921880724,-14.12114855623929,    -6.434709142535062
0.1273091509999915,-9.078962371267032,-8.526983419771996,-8.802187593725602,     -7.547849147470775,  -14.124858679179,    -6.435528994964158
0.1263278389999982,-9.078275288519775,-8.531509670689907,-8.801726214113618,      -7.55099949523717,-14.12859946105172,    -6.436363844697631
0.1268275220000135,-9.077532217558987,-8.536171121219322,  -8.8013526850894,     -7.554141287327682, -14.1323681431017,    -6.437213496082036
0.1262269639999829,-9.076733273063414,-8.540966053239417,-8.801068234649193,     -7.557270607579233,-14.13616165083808,    -6.438077789234247
0.1268076350000058,-9.075879051523241,-8.545891770463813,-8.800873353328225,     -7.560383339417224,-14.13997661932964,    -6.438956600146295
 0.127560614999993,-9.074970575433108,-8.550944631724043,-8.800767893135097,     -7.563475210040127,-14.14380943185686,    -6.439849844194546
 0.128626631000003,-9.074009216087566,-8.556120112296103,-8.800751182983877,      -7.56654183914763, -14.1476562575784,    -6.440757477361658
0.1293660369999827,-9.072996626148051,-8.561412874702881,-8.800822142575946,     -7.569578795425508,-14.15151310399739,    -6.441679498326061
0.1273211639999943,-9.071934660900812,-8.566816864405052, -8.80097939693735,     -7.572581663889013,-14.15537587847857,      -6.4426159496612
0.1277462930000013,-9.070825305269752,-8.572325414993196,-8.801221395095157,     -7.575546108570554,-14.15924044614016,    -6.443566919137506
0.1256310360000157,-9.069670599315454,-8.577931369890811, -8.80154652366903,      -7.57846793735666,-14.16310269457244,    -6.444532540968048
0.1275201679999896,-9.068472579679986,-8.583627213064958,-8.801953211198656,     -7.581343173947754,-14.16695860733497,    -6.445512995736255
0.1276540560000115,-9.067233212663744,-8.589405215482483,-8.802440033373614,     -7.584168116386599,-14.17080432246044,    -6.446508511365407
0.1282064300000059,-9.065954353011554,-8.595257574376127,-8.803005799369322,      -7.58693939690952,-14.17463620076014,    -6.447519360819633
0.1271024629999999,-9.064637699080366, -8.60117657020567,-8.803649632745664,      -7.58965403504956,-14.17845088439098,     -6.44854586319536
0.1301414810000097, -9.06328476787656,-8.607154707948554,-8.804371036604282,     -7.592309480209726,-14.18224534853488,     -6.44958837870068
0.1272263210000233,-9.061896874658974,-8.613184860540336,-8.805169947061575,     -7.594903641366183,-14.18601694243711,    -6.450647309488075
0.1270024599999999,-9.060475129581619,-8.619260393090412,-8.806046768018811,     -7.597434909218671,-14.18976342366393,    -6.451723093620504
0.1286638420000088,-9.059020444053948,-8.625375277817835,-8.807002392613651,     -7.599902163713981,-14.19348297814159,    -6.452816202637209
0.1276051909999865, -9.05753353707037,-8.631524188440393,-8.808038211355596,     -7.602304764923461, -14.1971742225876,    -6.453927137476766
 0.126765622999983,-9.056014970899968,-8.637702553184683,-8.809156098903628,     -7.604642534542526, -14.2008361995909,    -6.455056420091006
0.1292145140000116, -9.05446517393843,-8.643906605265132,-8.810358392453145,     -7.606915721929115,-14.20446835332074,    -6.456204592143778
0.1277267859999824,-9.052884485947928,-8.650133375694711,-8.811647851509894,     -7.609124955498909, -14.2080704913653,    -6.457372205756723
0.1281371770000135,-9.051273197772327,-8.656380671316525,-8.813027609914222,     -7.611271187774486,-14.21164273299891,    -6.458559817383482
0.1269295790000058,-9.049631599055161,-8.662647005304979,-8.814501114511724,       -7.6133556223854,-14.21518544205057,    -6.459767981925483
0.1260567459999891,-9.047960026695884, -8.66893148961138,-8.816072055532516,     -7.615379638588932,-14.21869914866454,    -6.460997244036085
 0.128474907999987,-9.046258917960746,-8.675233704210367,-8.817744290350024,     -7.617344710659928,-14.22218446557005,    -6.462248131830348
0.1283620510000105,-9.044528844635826,-8.681553531446832,-8.819521764539655,     -7.619252317732029,-14.22564198527257,    -6.463521149257518
0.1257256569999754,-9.042770572496137,-8.687890937579031,-8.821408425901325,     -7.621103855072115,-14.22907218319094,    -6.464816768864773
 0.128919604999993,-9.040985084005055,-8.694245770343946, -8.82340814296365,     -7.622900548280188,-14.23247530808906,    -6.466135425817745
0.1266707599999961,-9.039173622073589,-8.700617492184382,-8.825524620809833,     -7.624643367423202,-14.23585127772935,    -6.467477508327156
0.1283106809999879,-9.037337708369023,-8.707004931301713,-8.827761321993846,     -7.626332950278475,-14.23919957433601,    -6.468843354379491
0.1262854960000084,-9.035479163415205,-8.713406006415287,-8.830121392632952,     -7.627969528748396, -14.2425191438039,    -6.470233244696886
 0.127828701999988,-9.033600118433203, -8.71981745417726,-8.832607593645234,     -7.629552871538269,-14.24580830541195,    -6.471647397106024
 0.124581782000007,-9.031703007484456,-8.726234568993956,-8.835222240981302,     -7.631082231183532,-14.24906466541077,    -6.473085962642134
0.1261112610000055,-9.029790571124867,-8.732650933509863,-8.837967153133393,     -7.632556308217299,-14.25228505057988,    -6.474549020605131
 0.127113181999988, -9.02786583422464,-8.739058203829675,-8.840843609600233,     -7.633973231371926,-14.25546545303603,     -6.47603657649093
0.1278689300000053,-9.025932087123586,-8.745445903373577,-8.843852319597291,     -7.635330545516862,-14.25860098983087,    -6.477548559139596
 0.128082151000001, -9.02399285605375,-8.751801266232915,-8.846993401108794,     -7.636625224665207,-14.26168588684471,    -6.479084818248226
0.1301633730000162,-9.022051864219074,-8.758109126211343,-8.850266372435089,     -7.637853689678336, -14.2647134752706,    -6.480645124961066
0.1283727810000244,-9.020113002871772,-8.764351851854945,-8.853670153039094,     -7.639011847922813,-14.26767621592213,    -6.482229170508625
0.1281018589999974,-9.018180284465284,-8.770509393360802,-8.857203078003268,     -7.640095149931629,-14.27056574696147,    -6.483836567108277
0.1284363829999791, -9.01625779537688,-8.776559368698155,  -8.8608629223462,     -7.641098650998558,-14.27337294555725,    -6.485466850019431
0.1269823400000121,-9.014349661151899,-8.782477233849161,-8.864646936059236,     -7.642017089021399,-14.27608801809582,    -6.487119478646218
0.1267381300000068,-9.012459994397993,-8.788236584886256,  -8.8685518886872,     -7.642844977749202,-14.27870061367963,    -6.488793839548546
0.1282913340000107,-9.010592857098986, -8.79380950547168,-8.872574123301872,      -7.64357669986785,-14.28119995170412,     -6.49048924975343
0.1271832980000056,-9.008752220659298,-8.799167035305596,-8.876709617731281,     -7.644206610693473,-14.28357496970199,    -6.492204959820271
0.1270029799999861,-9.006941926249668,-8.804279726927666,-8.880954052240423,     -7.644729144618547,-14.28581448706725,    -6.493940159251442
0.1293352160000154, -9.00516565913923,-8.809118245195588,-8.885302880998617,     -7.645138922559407,-14.28790737741696,    -6.495693978335232
0.1282735289999835,-9.003426913658549,-8.813654073765642,-8.889751407620814,     -7.645430857855025,-14.28984275196821,    -6.497465495446143
0.1293043670000031,-9.001728978560429,-8.817860189326385,-8.894294858740468,     -7.645600253017308,-14.29161013989669,    -6.499253740794057
0.1286609459999966,-9.000074914360422,-8.821711805471038,-8.898928458669563,     -7.645642898000692,-14.29319967242815,    -6.501057700011112
0.1277387079999812,-8.998467545951597, -8.82518702725895,-8.903647497031692,     -7.645555148422982, -14.2946022528517,    -6.502876320469627
0.1268871869999941,-8.996909454493764,-8.828267480848591,-8.908447391056995,     -7.645333999111222,-14.29580971936608,    -6.504708516261529
0.1282802430000061,-8.995402977389954,-8.830938816499479,-8.913323738443513,     -7.644977140210801,-14.29681498566836,    -6.506553172386204
0.1267998080000154,-8.993950212996779,-8.833191093882956,-8.918272358024291,     -7.644483000050158,-14.29761216141397,    -6.508409147630619
0.1276584340000113, -8.99255302974694,-8.835019013620666,-8.923289315135532,     -7.643850770488642,-14.29819664758192,    -6.510275281967793
0.1269425430000126, -8.99121308116707,-8.836421979131845,-8.928370931848592,      -7.64308041804848,-14.29856520284033,    -6.512150398520003
0.1282380609999905,-8.989931819471893,-8.837403999858681,-8.933513779070042,     -7.642172679729144,-14.29871598017285,    -6.514033307546986
0.1249775160000013,-8.988710520845078,-8.837973409760846,-8.938714646241595,     -7.641129039608765,-14.29864853169188,    -6.515922811712683
0.1287650360000043,-8.987550301840164,-8.838142465048094,-8.943970494318854,     -7.639951700395654, -14.2983637880484,    -6.517817706104003
0.1279968759999974,-8.986452150089567,-8.837926794937834,-8.949278381805113,     -7.638643532343927, -14.2978640042153,    -6.519716784529723
0.1280131869999934,-8.985416946282255,-8.837344798619819,-8.954635374132295,     -7.637208022859952,-14.29715268811579,    -6.521618840062068
0.1273157330000174,-8.984445488315794,-8.836416971648463,-8.960038429787387,     -7.635649211570777, -14.2962345026993,      -6.5235226696835
0.1249787370000206, -8.98353852415781,-8.835165195474447,-8.965484264427559,      -7.63397162170255,-14.29511515080291,    -6.525427072832759
0.1272568090000163,-8.982696771535762,-8.833612107084177,-8.970969199676952,     -7.632180191183187,-14.29380125689442,    -6.527330859179462
0.1271912429999986,-8.981920940315943,-8.831780455301908,-8.976488995026855,     -7.630280202495451,-14.29230023199704,    -6.529232845524786
 0.128036982999987,-8.981211760004795,-8.829692525359002,-8.982038665278473,     -7.628277206540814,-14.29062013819166,    -6.531131860830437
 0.126536399999992,-8.980569992395957,-8.827369702115107,-8.987612291565259,     -7.626176963261742,-14.28876956248438,    -6.533026747671076
0.1277530760000047,-8.979996454231866,-8.824832059019515,-8.993202821726424,     -7.623985373022762,-14.28675748357666,    -6.534916362571456
0.1287939629999926,-8.979492025555603, -8.82209810718061, -8.99880187839646,     -7.621708424902624,-14.28459316128927,    -6.536799581032469
0.1275170510000123,-8.979057664770805,-8.819184592546659,-9.004399564756934,     -7.619352141656953,-14.28228602390235,    -6.538675297312864
0.1269159719999777,-8.978694411321838,-8.816106427795377,-9.009984288860716,     -7.616922542789475,-14.27984557927016,    -6.540542426551317
0.1289678880000054,-8.978403391806905,-8.812876677558211,-9.015542597820101,     -7.614425603525244,  -14.277281330684,     -6.54239990915272
0.1271720160000029, -8.97818581938968,-8.809506626955098,-9.021059055615558,      -7.61186723170623,-14.27460271405471,    -6.544246709792844
0.1278848800000105,-8.978042990278517,-8.806005928004099, -9.02651613618831,     -7.609253240822844,-14.27181904161686,    -6.546081824043533
0.1278388519999965,-8.977976276920169,-8.802382771686707,-9.031894179308916,     -7.606589341033519,-14.26893946512467,    -6.547904275927533
0.1278494519999924,-8.977987120309827,-8.798644105463143,-9.037171388921196,     -7.603881122715317,-14.26597294329835,    -6.549713125445319
0.1277712510000129,-8.978077017721528,-8.794795885679674,-9.042323902209672,     -7.601134058045281,-14.26292822716345,    -6.551507466574749
0.1284929919999911,-8.978247507914743,-8.790843323365085, -9.04732592912428,     -7.598353495392942,-14.25981384659108,    -6.553286432956677
0.1286575589999757,-8.978500156635148,-8.786791138703913,-9.052149968631506,     -7.595544661974942, -14.2566381063382,    -6.555049197704403
0.1272168430000136, -8.97883654177167,-8.782643802665984,-9.056767115265997,     -7.592712666211312,-14.25340908700005,    -6.556794978405737
 0.125934970000003,-8.979258232958076,-8.778405773261678,-9.061147448046677,     -7.589862505715442, -14.2501346498347,    -6.558523034769882
0.1277254430000028,-8.979766774542094,-8.774081680978165,-9.065260509236786,     -7.586999067392813,-14.24682244062885,    -6.560232674582577
0.1266036199999974,-8.980363670486417,-8.769676494046786,-9.069075859944048,     -7.584127132887571,-14.24347989379205,    -6.561923250897244
0.1276707970000075,-8.981050362011972,-8.765195662130262, -9.07256370129555,     -7.581251382232539,-14.24011424020156,    -6.563594166036989
0.1280503289999899,-8.981828218140397,-8.760645188439499,-9.075695540887754,     -7.578376392341488,-14.23673250446914,    -6.565244868835148
0.1283062919999907,-8.982698515025641,-8.756031698287625,-9.078444897219672,     -7.575506639500329,-14.23334151170016,    -6.566874855746692
0.1286030939999989,-8.983662424934767,-8.751362446216374,-9.080787980487099,     -7.572646493344705,-14.22994787890572,    -6.568483670045419
0.1260504629999843,-8.984721006484465,-8.746645288704199, -9.08270435401568,     -7.569800211876106,-14.22655801114924,    -6.570070898288475
0.1272684310000045,-8.985875192757922,-8.741888643892858,-9.084177518419521,     -7.566971934857521,-14.22317809485294,    -6.571636169848358
0.1291462419999903,-8.987125785266844,-8.737101398806749,-9.085195398827221,     -7.564165673664476,-14.21981408320735,    -6.573179152817481
0.1287699060000023,-8.988473451430762,-8.732292807836533,-9.085750703491223,     -7.561385297372139,-14.21647168215582,     -6.57469954980136
0.1287063030000013,-8.989918720363208,-8.727472383248582, -9.08584112823913,     -7.558634524323808,-14.21315633821027,    -6.576197094980131
0.1279219809999859,-8.991461986840667,-8.722649749476192,-9.085469416019645,     -7.555916901481148,-14.20987321445948,    -6.577671547260995
0.1275412370000026,-8.993103509078878,-8.717834525354002,-9.084643231847515,     -7.553235795656925,-14.20662718056536,    -6.579122687215474
0.1274962409999887,-8.994843421119954,-8.713036167870216,-9.083374898663447,     -7.550594373304781, -14.2034227858925,    -6.580550307929911
0.1254063819999942,  -8.9966817353908,-8.708263855195641, -9.08168099471702,     -7.547995586983984, -14.2002642481462,    -6.581954211945829
0.1274803400000053,-8.998618355985675,-8.703526357858285,-9.079581829903351,     -7.545442161480432,-14.19715543239368,    -6.583334201095693
0.1271983659999876,-9.000653089429727,-8.698831928162338,-9.077100848296128,     -7.542936577974102,-14.19409983846988,     -6.58469007364863
0.1259269349999954,-9.002785657779842,-8.694188203996669,-9.074263975101752,     -7.540481063528355,-14.19110058636891,    -6.586021614517092
0.1270346899999879,-9.005015714163301,-8.689602125493353,-9.071098951017712,     -7.538077580178193,-14.18816040681006,    -6.587328588969181
0.1299880949999874,-9.007342857452638,-8.685079873417518,-9.067634671563059,     -7.535727815810181,-14.18528163428232,    -6.588610737564407
0.1275104380000016,-9.009766647998388,-8.680626819159375,-9.063900573412115,     -7.533433179573906,-14.18246620304108,    -6.589867768252796
0.1290419900000188,-9.012286625834637,-8.676247496741222,-9.059926070192278,     -7.531194796531332,-14.17971564584139,    -6.591099350817785
0.1271499629999937,-9.014902323227597,-8.671945594966592,-9.055740064097989,     -7.529013508983512,-14.17703110029523,    -6.592305113051573
0.1273785129999965,-9.017613283866776, -8.66772395701018,-9.051370534202821,     -7.526889876179061,-14.17441331288707,    -6.593484633639252
 0.130485071999999,-9.020419073361927,-8.663584607181203,-9.046844207880071,     -7.524824182684346, -14.1718626537528,    -6.594637440857396
0.1296667040000159,-9.023319294926287,-8.659528779382198,-9.042186316508486,     -7.522816442188695,-14.16937912886953,    -6.595763008318699
0.1267805399999986,-9.026313600265238,-8.655556967721243,-9.037420430599335,     -7.520866411407322,-14.16696239951239,    -6.596860751695739
0.1273241289999874, -9.02940169438569,-8.651668988038992,-9.032568347904631,     -7.518973602632212,-14.16461180731694,      -6.5979300309175
 0.127822019000007,-9.032583349229148,-8.647864034570263,-9.027650065699859,     -7.517137297521181,-14.16232639333002,    -6.598970146493757
0.1274490890000095,-9.035858403027447, -8.64414076589096,-9.022683790297979,     -7.515356566769695,-14.16010493040461,    -6.599980342814228
0.1269262710000021, -9.03922676296645,-8.640497382207135,-9.017685985614547,     -7.513630290526827,-14.15794595212756,     -6.60095980814426
0.1275526580000133,-9.042688403774727,-8.636931705427068,-9.012671467910826,     -7.511957177991547,-14.15584778393077,    -6.601907680381741
0.1260820929999795,-9.046243365450815,-8.633441268118412, -9.00765351092808,     -7.510335791548057,-14.15380857588672,    -6.602823046445565
0.1266428150000252,-9.049891742564508,-8.630023401875031,-9.002643973267503,      -7.50876457052477,-14.15182633886663,    -6.603704952701145
0.1284757390000095,-9.053633676471108, -8.62667531641787,-8.997653433326002,     -7.507241854831038,-14.14989897664444,    -6.604552404698351
0.1295774019999953,-9.057469345314313,-8.623394181711381,-8.992691331429791,     -7.505765909470957, -14.1480243199806,    -6.605364378536131
 0.126944807000001,-9.061398941124635,-8.620177210536591,-8.987766099800654,     -7.504334951181313,-14.14620016337212,    -6.606139825308806
0.1269438250000121,-9.065422662540721,-8.617021714572811,-8.982885303473724,     -7.502947167675137,-14.14442429125754,    -6.606877677936083
0.1276034670000001,-9.069540686884052,-8.613925181091131,-8.978055756015015,     -7.501600745235476,-14.14269451429918,    -6.607576863290809
0.1269155509999962,-9.073753153122134,-8.610885314890835,-8.973283637408288,     -7.500293887927769,-14.14100869399338,    -6.608236304377799
0.1268368080000073,-9.078060138412988,-8.607900088405348,-8.968574588457159,      -7.49902483709248,-14.13936476877226,    -6.608854935253027
0.1305426020000198,-9.082461634815264,-8.604967771886198,-8.963933806202107,     -7.497791891108307,-14.13776077712432,    -6.609431704982893
0.1355901739999865,-9.086957521805742,-8.602086959223167,-8.959366110517932,     -7.496593420938944,-14.13619487846012,    -6.609965590019471
0.1318656329999897,-9.091547548260857,-8.599256577941858,-8.954876004646977,     -7.495427882513916,-14.13466536401292,    -6.610455598460898
0.1375577769999836,-9.096231301966441,-8.596475895485868,-8.950467729183016,     -7.494293830225016,-14.13317067500667,    -6.610900782584709
0.1319271110000102,-9.101008189942853,-8.593744510724079,-8.946145288273646,     -7.493189924295191,-14.13170940749344,    -6.611300243602273
0.1306262440000125,-9.105877412827907,-8.591062338287927, -8.94191247992741,     -7.492114937953417,-14.13028031910519,    -6.611653141538725
0.1284960769999941,-9.110837946700951,-8.588429583933317,-8.937772905191148,     -7.491067760858255,-14.12888232967136,     -6.61195869973219
0.1302612009999962,-9.115888519781068,-8.585846715440761, -8.93372997813044,     -7.490047401062699,-14.12751452028914,    -6.612216212908007
0.1290735299999994,-9.121027597219799,-8.583314423784492,-8.929786918687402,     -7.489052984313974,-14.12617612817915,    -6.612425052608796
       0.127785437,-9.126253364962176,-8.580833582750719,-8.925946751607135,     -7.488083750040801,-14.12486653796923,    -6.612584671345958
 0.129830730000009,-9.131563716230707,-8.578405205568199,-8.922212286363768,     -7.487139048755364,-14.12358527396505,    -6.612694607927889
0.1272103090000201,-9.136956242279087,-8.576030396890136,-8.918586109457481,     -7.486218333981734,-14.12233198572103,    -6.612754490156687
0.1266899949999925,-9.142428221993175,-8.573710308442731,-8.915070561067745,     -7.485321156462188,-14.12110643708907,    -6.612764038886536
0.1267510130000176,-9.147976620007723,-8.571446089613431,  -8.9116677268653,     -7.484447153126632, -14.1199084881427,    -6.612723068698808
0.1263195520000124, -9.15359808226123,-8.569238847807821,-8.908379409873152,     -7.483596040424867,-14.11873808295464,    -6.612631490593037
0.1262304600000164,-9.159288936728911,-8.567089604880499,-8.905207124804619,     -7.482767603650663,-14.11759523327182,    -6.612489312731271
0.1281463830000007,-9.165045195964707,-8.564999260460656,-8.902152083594206,     -7.481961686037335,  -14.116480002072,     -6.61229664075106
0.1270057039999983,-9.170862561259474,-8.562968561921991,-8.899215180468513,     -7.481178181166274,-14.11539248957181,    -6.612053676001001
 0.126636531999992,-9.176736430107262,-8.560998074391945,-8.896396994605283,     -7.480417021280842,-14.11433281901927,    -6.611760717246892
0.1284473730000002,-9.182661903775113,-8.559088163726928,-8.893697778861327,     -7.479678171801194,-14.11330112555371,    -6.611418157393882
0.1296404329999916,-9.188633795158452,-8.557238978777447,-8.891117469301882,     -7.478961620678604,-14.11229754286013,    -6.611026483863256
0.1288284980000185,-9.194646640210431,-8.555450444047365,-8.888655689763791,     -7.478267373422957,-14.11132219583239,    -6.610586272466552
0.1273790839999833,-9.200694704225041, -8.55372225854067,-8.886311759607354,     -7.477595446883305,-14.11037519230189,    -6.610098191082789
0.1254051790000119,-9.206771991567448,-8.552053897468619,-8.884084714318265,     -7.476945865777179,-14.10945661789308,    -6.609562990619227
0.1269140469999854, -9.21287225685483,-8.550444622668369,-8.881973320012742,     -7.476318656908691,-14.10856653002796,    -6.608981506874093
0.1282913629999882,-9.218989003587087,-8.548893499349459,-8.879976100523011,     -7.475713850993807,-14.10770496139534,    -6.608354654420952
0.1268854129999966,-9.225115494330023,-8.547399412824459,-8.878091362547547,     -7.475131478499694,-14.10687191365228,    -6.607683424292529
 0.126317647999997,-9.231244747609013,-8.545961095379841,-8.876317224023831,     -7.474571571572224,-14.10606736428153,    -6.606968880104017
       0.126243144,-9.237369536207082,-8.544577151326111,-8.874651648653458,     -7.474034166353147,-14.10529126800482,    -6.606212154652354
 0.128154268000003,-9.243482383887432,-8.543246087912104,-8.873092478973831,     -7.473519302066784,-14.10454356027757,    -6.605414444207298
0.1278736579999986,-9.249575554388098,-8.541966347639598, -8.87163747146603,     -7.473027026786628,-14.10382416431779,    -6.604577006901696
0.1280812370000035,-9.255641039455828,-8.540736340894865,-8.870284331410502,      -7.47255740011264,-14.10313299803724,    -6.603701155877773
 0.126269423999986,-9.261670548833871,-8.539554477642566,-8.869030752915455,      -7.47211049439265,-14.10246997761976,    -6.602788256396984
0.1279094559999976,-9.267655486634101, -8.53841920313034,-8.867874447878128,     -7.471686402120636,-14.10183502887333,    -6.601839719802182
0.1282636999999909,-9.273586938865343, -8.53732902528643,-8.866813185806436,     -7.471285236911429,-14.10122809054331,    -6.600857000369106
0.1268840889999865,-9.279455650594944,-8.536282545759493, -8.86584482008899,     -7.470907138251509,-14.10064912371034,    -6.599841588453108
0.1277239990000112,-9.285252011909828,-8.535278484453869,-8.864967322961352,     -7.470552273183023, -14.1000981146742,    -6.598795006413944
0.1259588259999873, -9.29096604023797,-8.534315703152018,-8.864178805045357,     -7.470220840078412, -14.0995750837494,    -6.597718803081738
 0.126765048999971,-9.296587368930775,-8.533393223083964,-8.863477543222976,     -7.469913069031429,-14.09908008597434,    -6.596614549256714
0.1264999789999592,-9.302105242388357,-8.532510239400137, -8.86286199435604,      -7.46962922387721,-14.09861321751934,    -6.595483829982037
0.1278686780000271,-9.307508521138386,-8.531666129913111,-8.862330811865663,     -7.469369600301455,-14.09817461385088,    -6.594328241243509
0.1278568550000045,-9.312785689930841,-8.530860461799397,-8.861882853757324,     -7.469134526597735,-14.09776445348784,    -6.593149384772846
0.1274170369999865,-9.317924884948182,-8.530092989480993,-8.861517187029817,     -7.468924360765112,-14.09738295477915,    -6.591948860013309
0.1273381439999639, -9.32291393038239, -8.52936365180579,-8.861233085489843,     -7.468739487105175,-14.09703037547331,    -6.590728261122728
0.1282011689999649,-9.327740397130116,-8.528672561142104,-8.861030030178913,      -7.46858031256672,-14.09670700640151,    -6.589489170776435
0.1266488559999743,-9.332391665591365,-8.528019994169917,-8.860907692496305,     -7.468447262326171,-14.09641316999477,     -6.58823315461696
0.1274904080000283,-9.336855019254207,-8.527406371863616,-8.860865926308501,     -7.468340773342451,-14.09614921148003,    -6.586961756922659
0.1262347370000043,-9.341117745708321,-8.526832242441133,-8.860904748557811,      -7.46826128910823,-14.09591549469492,    -6.585676495739546
0.1258410780000077,-9.345167261035606, -8.52629825893638,-8.861024316814532,     -7.468209252488077,-14.09571239253313,    -6.584378857728974
0.1277675119999913,-9.348991246251209, -8.52580515571224,-8.861224908917922,     -7.468185098150627,-14.09554027937912,    -6.583070294815509
0.1286284020000039,-9.352577796671397,-8.525353724403663,-8.861506895306636,     -7.468189246645518,-14.09539952443092,    -6.581752219764105
0.1289496710000435,-9.355915584771173,-8.524944788801864,-8.861870711468871,     -7.468222095525657,-14.09529048023832,    -6.580426002826675
0.1303600399999709,-9.358994024791579,-8.524579180214179,-8.862316831987632,     -7.468284013527772,-14.09521347759187,    -6.579092969158696
0.1282895879999728,-9.361803440441349,-8.524257714325723, -8.86284573824852,     -7.468375334650361,-14.09516881649881,    -6.577754396009747
0.1268651820000173,-9.364335232469919,-8.523981167754197, -8.86345789235286,     -7.468496349469181,-14.09515675811377,    -6.576411509656803
0.1244388759999993,-9.366582031699421,-8.523750259169271,-8.864153709505567,     -7.468647302362959,-14.09517752003555,    -6.575065485675125
0.1289915020000194,-9.368537842665225,-8.523565631136675, -8.86493353173327,      -7.46882838456823,-14.09523126931406,    -6.573717445933096
0.1271463550000362, -9.37019816157216,-8.523427835562121,-8.865797603068193,     -7.469039732375298,-14.09531812002932,    -6.572368458807988
 0.132311613000013,-9.371560075601474,-8.523337322082003,-8.866746047419996,     -7.469281423442198,  -14.095438128549,    -6.571019539611828
0.1287404280000146,-9.372622329891724, -8.52329442966878,-8.867778852592444,      -7.46955347458642,-14.09559129276613,    -6.569671648864627
0.1259301300000288,-9.373385362389458,-8.523299382924078,-8.868895850360813,     -7.469855842584574,-14.09577755223107,    -6.568325695000728
0.1273077259999695,-9.373851307018938, -8.52335229050964,-8.870096705295042,     -7.470188424246022,-14.09599678905282,    -6.566982534668381
0.1286699719999547,-9.374023961288602,-8.523453147636971, -8.87138090737732,     -7.470551058315304,-14.09624883100452,    -6.565642974864739
 0.127851574000033,-9.373908722577454, -8.52360184255862,-8.872747764554202,     -7.470943528324741,-14.09653345507185,    -6.564307773083462
0.1265310790000171, -9.37351249286611,-8.523798165164605,-8.874196403182349,     -7.471365566881476, -14.0968503931569,    -6.562977642359979
0.1289914320000207,-9.372843554902074,-8.524041819705712, -8.87572576757837,     -7.471816860933989,-14.09719933933064,    -6.561653251129364
0.1284380139999826,-9.371911429160814,-8.524332438706647, -8.87733462559302,     -7.472297057335903,-14.09757995649686,    -6.560335227368693
0.1283399749999603,-9.370726709056628,-8.524669599956191,-8.879021579982789,     -7.472805770261656,-14.09799188669804,    -6.559024161323445
0.1284138479999797,-9.369300887382737,-8.525052844637907,-8.880785077578341,      -7.47334258778085,-14.09843475815142,    -6.557720608283354
0.1279673680000428,-9.367646174650041,-8.525481696910585,-8.882623425304249,     -7.473907080188912,-14.09890819667239,    -6.556425092302481
0.1261599830000364,-9.365775315962084,-8.525955684211228,-8.884534803568034,     -7.474498809028394,-14.09941183695694,    -6.555138108556794
0.1287603770000487,-9.363701413372006,-8.526474356830782,-8.886517288650847,     -7.475117333952294,-14.09994532986036,    -6.553860127107209
 0.126775930000008,-9.361437755963944,-8.527037308043214,-8.888568872628699,       -7.4757622220404,-14.10050835425859,    -6.552591596522845
0.1289111070000217,-9.358997661426095,-8.527644193124306,-8.890687478731857,     -7.476433056225599,-14.10110062787172,    -6.551332945143018
0.1286721160000184,-9.356394334009023,-8.528294746409754,-8.892870989016394,     -7.477129443216996,-14.10172191497397,    -6.550084587604002
0.1279105079999567,-9.353640739217019,-8.528988796854437, -8.89511726343067,     -7.477851019635041,-14.10237203457769,    -6.548846922950392
0.1264145640000152,-9.350749496340486,-8.529726281941173, -8.89742415746078,     -7.478597460576904,-14.10305086976727,    -6.547620341600013
0.1284669110000323,-9.347732790678926,-8.530507257857872,-8.899789544040352,     -7.479368484306533,-14.10375837202725,    -6.546405225215477
0.1275989469999672,-9.344602304439592,-8.531331907817922,-8.902211332133319,     -7.480163857937752, -14.1044945680319,    -6.545201949828684
0.1299048820000053,-9.341369165639501,-8.532200547229925,-8.904687479332834,     -7.480983401538521,-14.10525956309463,    -6.544010888199582
0.1278784860000428, -9.33804391395708,-8.533113625595986, -8.90721600782924,     -7.481826991397857,-14.10605354343528,    -6.542832410942836
0.1289662929999622,-9.334636482423534,-8.534071725760928,-8.909795009944487,     -7.482694563172478,-14.10687677913333,    -6.541666888606016
0.1297935570000277,-9.331156191497119,-8.535075559593118,-8.912422663524124,     -7.483586110818382,-14.10772962085765,    -6.540514692867788
 0.136910859000011,-9.327611755885373,-8.536125961005734,-8.915097228509087,     -7.484501688221388,-14.10861250054278,    -6.539376197387974
0.1326168600000415,-9.324011301988728,-8.537223876698423,-8.917817052408818,     -7.485441408766033,-14.10952592906664,    -6.538251779469396
0.1259599670000284,-9.320362391611555,-8.538370354595672,-8.920580566685897,     -7.486405443204945,-14.11047049183577,    -6.537141819803609
0.1276882189999924,-9.316672050898308,-8.539566529362656,-8.923386284949972,     -7.487394015022781,-14.11144684132259,    -6.536046703579141
0.1276493540000274,-9.312946806723376,-8.540813607380807,-8.926232789357865,     -7.488407400813026,-14.11245569539181,     -6.53496682062686
 0.127017364999972,-9.309192721380342,-8.542112849928062,-8.929118726654181,     -7.489445922675539,-14.11349782747317,    -6.533902565725041
0.1255311399999641,-9.305415431477424,-8.543465555686506,-8.932042795336599,     -7.490509945474637, -14.1145740601912,    -6.532854338479697
0.1259976900000197,-9.301620185847675, -8.54487304308641,-8.935003726837834,     -7.491599871441434, -14.1156852583774,    -6.531822543009085
 0.128114590999985,-9.297811880225259, -8.54633663296544, -8.93800027733538,     -7.492716135751055,-14.11683232055285,    -6.530807588587944
0.1280356990000087, -9.29399509278532,-8.547857631171661,-8.941031209750584,     -7.493859199306683,-14.11801617094752,    -6.529809888397878
0.1285166160000131,-9.290174115280305,-8.549437312889316,-8.944095276880017,     -7.495029546030266,-14.11923775292938,    -6.528829859063966
0.1278550409999752,-9.286352978474655,-8.551076908024527,-8.947191214101625,     -7.496227674201318,-14.12049801877906,     -6.52786792211065
0.1290500050000105,-9.282535481137847,-8.552777588042371, -8.95031771822743,     -7.497454095214724,-14.12179792675493,    -6.526924500902887
0.1283851019999815,-9.278725206560141,-8.554540456105613, -8.95347344073045,     -7.498709327426934,-14.12313843193754,    -6.526000022460219
0.1280965259999789, -9.27492554026003,-8.556366537826662,-8.956656983547335,     -7.499993889800727,-14.12452048037328,    -6.525094915126548
0.1298954339999909,-9.271139685926123, -8.55825677531946,-8.959866883189038,     -7.501308303111295,-14.12594500742654,    -6.524209609559486
0.1285935750000249,-9.267370671996348,-8.560212024992817,-8.963101621028892,     -7.502653082447994,-14.12741293021023,    -6.523344538177931
0.1283410270000331,-9.263621359033069,-8.562233055468619,-8.966359616152173,     -7.504028736294721,-14.12892514608005,    -6.522500132640538
0.1269520099999681, -9.25989444594401,-8.564320549874573,-8.969639237216228,     -7.505435764701819,-14.13048253037486,    -6.521676826708291
0.1277535950000015,-9.256192470933728,-8.566475111512233,-8.972938807230147,      -7.50687465894408,-14.13208593714212,     -6.52087505276281
0.1282260849999943,-9.252517810011755,-8.568697270080182,-8.976256623859726,     -7.508345898553628,-14.13373619486543,    -6.520095243352473
0.1291284860000133,-9.248872680032573,-8.570987491338126,-8.979590973717698,     -7.509849952986989,-14.13543411137463,    -6.519337829298123
0.1311295429999859,-9.245259133869256,-8.573346189281374,-8.982940152469247,      -7.51138728161251,-14.13718047250675,     -6.51860324080249
0.1284968779999645,-9.241679058804781,-8.575773739392115,-8.986302496424759,     -7.512958334014305,-14.13897604504456,    -6.517891905302182
0.1281689049999954,-9.238134172934307,-8.578270492503806,-8.989676408037708,     -7.514563549181593,-14.14082157712377,    -6.517204248452713
0.1279410360000384,-9.234626029065073,-8.580836791478246,-8.993060384410146,     -7.516203361459808,-14.14271780620572,    -6.516540691866705
0.1268298540000501,-9.231156006545115,-8.583472988918329,-8.996453054773545,     -7.517878196919479,-14.14466545649011,    -6.515901655248549
0.1263441880000187,-9.227725318033979,-8.586179462849893,-8.999853209871336,     -7.519588477459086,-14.14666524627797,      -6.5152875529582
0.1287007500000072,-9.224335005918531,-8.588956635056229, -9.00325983750958,     -7.521334621228144,-14.14871788934764,    -6.514698795500325
0.1266611080000075,-9.220985949816285,-8.591804986982522,-9.006672154762331,     -7.523117044104327,-14.15082409965539,    -6.514135787574077
0.1275193230000014,-9.217678864620881,-8.594725075983687,-9.010089639303988,     -7.524936159032661,-14.15298459167012,    -6.513598928204108
0.1289135709999982,-9.214414314579328, -8.59771754840745,-9.013512055001723,     -7.526792379142623,-14.15520008660088,     -6.51308861014407
0.1282071989999736,-9.211192714873967,-8.600783155260839,-9.016939481822304,      -7.52868611522227,-14.15747131168066,    -6.512605218077464
0.1291973179999673,-9.208014342167928,-8.603922761617318, -9.02037233330709,     -7.530617776145352,-14.15979900219949,    -6.512149129402858
0.1277097500000082,-9.204879347764205,-8.607137355032956,-9.023811370613808,     -7.532587767782278,-14.16218390308867,    -6.511720712180594
0.1281007840000257,-9.201787763909703,-8.610428054260291,-9.027257716798525,     -7.534596489982794,-14.16462676679803,    -6.511320324637788
0.1283506959999841,-9.198739523318089, -8.61379611080689,-9.030712856539955,     -7.536644336972515,-14.16712835513764,    -6.510948314754865
0.1292197210000268,-9.195734465589002,-8.617242913282631,-9.034178638760711,     -7.538731690372398,-14.16968943511743,    -6.510605018626866
0.1265126119999991,-9.192772359196276,-8.620769983288726,-9.037657260604314,     -7.540858919895363,-14.17231077877148,    -6.510290760661421
0.1279164389999892,-9.189852908715817,-8.624378975203546,-9.041151261395175,     -7.543026375224443,-14.17499315719803,    -6.510005851849589
0.1280365399999823,-9.186975774226758,-8.628071666561686, -9.04466349726094,     -7.545234382351516,-14.17773733702697,    -6.509750589527118
0.1270979210000291,-9.184140584587031,-8.631849952103204, -9.04819711160083,     -7.547483239935969,-14.18054407778243,     -6.50952525604326
0.1261431000000357,-9.181346949758517,-8.635715831364015,-9.051755509913882,     -7.549773210228176,-14.18341412198907,    -6.509330118260246
0.1278473660000259, -9.17859447908628,-8.639671397088055,-9.055342312538706,     -7.552104516949535,-14.18634819441022,    -6.509165427097134
0.1280137259999492,-9.175882788406865,-8.643718822814629,-9.058961327332137,     -7.554477335112047,-14.18934699026312,    -6.509031416962356
0.1277732330000276,-9.173211513498394,-8.647860343887229,-9.062616495282516,     -7.556891785870297, -14.1924111695974,    -6.508928304665313
0.1278256130000273,-9.170580322506346,-8.652098243009887,-9.066311848047082,     -7.559347929784573,-14.19554135164672,    -6.508856288941566
0.1269697729999848,-9.167988922888544,-8.656434834601006,-9.070051461053319,      -7.56184576135383, -14.1987381061258,    -6.508815551044994
0.1274957969999946,-9.165437067133437,-8.660872447002125,-9.073839403510052,     -7.564385200173404,-14.20200194466213,    -6.508806253512692
0.1284896330000151,-9.162924564356016,-8.665413404188781,-9.077679691605303,     -7.566966086959588,-14.20533331575616,    -6.508828539998188
0.1281912279999915,-9.160451277625965,-8.670060013621027,-9.081576245264323,     -7.569588175506868,-14.20873259442272,    -6.508882535956591
0.1254005979999988,-9.158017130299918,-8.674814546228081,  -9.0855328373953,     -7.572251128102436,-14.21220007695766,    -6.508968347721542
0.1271545100000253, -9.15562210941798,-8.679679224669739,-9.089553056530466,     -7.574954511600408,-14.21573597506399,    -6.509086063462832
0.1275655419999566,-9.153266260096229,-8.684656212758229, -9.09364026772003,     -7.577697791072457,-14.21934040714264,    -6.509235753064727
0.1263013849999766,-9.150949688285611,-8.689747601194831,-9.097797574467466,     -7.580480326414807,-14.22301339504843,    -6.509417468464718
0.1264190019999774,-9.148672555337278,-8.694955400821216,-9.102027792342369,     -7.583301370458042,-14.22675485743768,    -6.509631244012218
0.1278391590000183,-9.146435075684376,-8.700281533714872, -9.10633342192498,      -7.58616006398484,-14.23056460468691,    -6.509877097721571
 0.129116941999996, -9.14423751139673, -8.70572783026976,-9.110716622090273,     -7.589055435369676,  -14.234442336698,    -6.510155030374142
0.1284057910000342,-9.142080165506961,-8.711296025483815,-9.115179201269076,     -7.591986399522001, -14.2383876369747,      -6.5104650285513
0.1284147989999838, -9.13996337902673,-8.716987757292884,-9.119722595964262,     -7.594951756627852,-14.24239997192978,    -6.510807063071135
0.1276109789999964,-9.137887519552825, -8.72280456905621,-9.124347873306061,     -7.597950190926309,-14.24647868513161,    -6.511181091091878
0.1279479589999823,-9.135852978123106,-8.728747908146168,-9.129055721256938,     -7.600980273178956,-14.25062299620901,    -6.511587056810183
0.1283853420000014,-9.133860163275299,-8.734819130807072,-9.133846447439019,     -7.604040460701491,-14.25483199992625,     -6.51202489266472
0.1287438839999595,-9.131909492358805,-8.741019510415967,-9.138719989487937,     -7.607129098914744,-14.25910466230972,    -6.512494519022744
 0.128790744000014,-9.130001385884686,-8.747350237409659,-9.143675918388601,     -7.610244421891506,-14.26343981784603,    -6.512995847535824
0.1300630970000043,-9.128136261369452,-8.753812423030237,-9.148713452109074,     -7.613384554981266,-14.26783616640865,     -6.51352877919102
0.1344144350000533,-9.126314532693225, -8.76040710291103,-9.153831462592791,     -7.616547516358479,-14.27229227233826,    -6.514093207290536
0.1324889439999879,-9.124536599272501,-8.767135243637195, -9.15902849292528,     -7.619731220200833, -14.2768065582088,     -6.51468901777674
0.1306002620000299,-9.122802847484223,-8.773997735404894,-9.164302768303811,     -7.622933476034854,-14.28137730112869,    -6.515316089825427
0.1322773649999931,-9.121113646311558, -8.78099538946031,-9.169652212232668,     -7.626151992605955,-14.28600262623223,     -6.51597429754292
0.1284165929999972,-9.119469343861654,-8.788128930950643, -9.17507445845537,     -7.629384376871219,-14.29068049956165,    -6.516663509076418
0.1300830249999763,-9.117870270899042,-8.795398980942242, -9.18056685667106,     -7.632628138416217,-14.29540872127613,    -6.517383589369611
0.1306526129999952,-9.116316736742199,-8.802806041349562,-9.186126485850648,     -7.635880688127651,-14.30018491460964,    -6.518134399499892
0.1305626289999964,-9.114809030871763,-8.810350461675807, -9.19175015826697,     -7.639139337916572,-14.30500651293189,    -6.518915798189495
0.1282178289999933, -9.11334742666585,-8.818032403199723,-9.197434412153974,     -7.642401302273036,-14.30987074949603,    -6.519727640763309
0.1294717669999841,-9.111932178910049,-8.825851792148207,-9.203175520551046,     -7.645663697348897,-14.31477463907865,    -6.520569782165484
0.1280828789999759,-9.110563531954927,-8.833808253799472,-9.208969466418571,     -7.648923540535239,-14.31971496376434,    -6.521442074633717
0.1292931830000157,-9.109241718900195,-8.841901050674235,-9.214811939508017,     -7.652177748988351,-14.32468825355557,    -6.522344370189301
0.1285426350000307,-9.107966966427357,-8.850128985321803,-9.220698307397404,     -7.655423139972823,-14.32969076573204,    -6.523276519752763
0.1273526310000079,-9.106739497833294,-8.858490298366256, -9.22662359357923,     -7.658656427462094,-14.33471846280325,    -6.524238373897114
0.1270264320000365,-9.105559537277518,-8.866982547218308,-9.232582443279082,     -7.661874224127447,-14.33976698972306,    -6.525229782858839
0.1263373639999941, -9.10442731430404,-8.875602462022325,-9.238569081271786,     -7.665073038191811,-14.34483165167876,    -6.526250596292757
0.1306769189999955,-9.103343065845042, -8.88434578685241, -9.24457727556562,     -7.668249275832269,-14.34990738836919,    -6.527300664434301
0.1289578559999995,-9.102307041449576,-8.893207095026259,-9.250600283443866,     -7.671399240079973,-14.35498875001547,    -6.528379836525242
0.1298252070000103,-9.101319505443719,-8.902179577161444,-9.256630808873853,     -7.674519132573693,-14.36006987350572,    -6.529487962736121
0.1301524579999978,-9.100380739551236,-8.911254815269523,-9.262660948590838,       -7.6776050573433,-14.36514445893902,    -6.530624892663604
0.1289260340000169,-9.099491045114739,-8.920422520190716,-9.268682140076235,     -7.680653022242641,-14.37020574985925,    -6.531790475989191
0.1280542339999897,-9.098650746572975,-8.929670255764131,-9.274685115396275,     -7.683658948737429,-14.37524651508268,    -6.532984562385603
 0.128359310999997,-9.097860188845811,-8.938983140836459,-9.280659860132742,     -7.686618674942725,-14.38025903313527,    -6.534207001004731
0.1296306620000109,-9.097119743753602,-8.948343520480794,-9.286595569160349,      -7.68952796699384,-14.38523508317258,    -6.535457641236738
0.1325213250000274,-9.096429803168069,-8.957730655974078,-9.292480629623103,      -7.69238253084314,-14.39016594038686,    -6.536736332350298
0.1290698720000023,-9.095790784246011,-8.967120361498495,-9.298302596981923,     -7.695178023170531,-14.39504237640202,    -6.538042922296724
0.1286411749999843,-9.095203125335248, -8.97648469607422,-9.304048201458382,     -7.697910070550021,-14.39985467131348,    -6.539377259907559
 0.126850773000001,-9.094667284390855,-8.985791652010526,-9.309703363710526,     -7.700574283777203,-14.40459262924064,     -6.54073919289635
0.1271338489999607,-9.094183737503506,-8.995004879935259,-9.315253234714987,      -7.70316628118397,-14.40924560633666,    -6.542128568260303
0.1301586810000117,-9.093752976859504,-9.004083494952917,-9.320682255093736,     -7.705681707462976,-14.41380254907635,    -6.543545232942855
0.1287440030000084,-9.093375507905499,-9.012981976360122, -9.32597424015788,      -7.70811626038418,-14.41825204266544,    -6.544989032512338
  0.12851463100003,-9.093051844675815,-9.021650188763571,-9.331112495662838,     -7.710465715174923,-14.42258237091336,     -6.54645981289699
 0.127542797999979,-9.092782506460519,-9.030033560998245,-9.336079951489296,     -7.712725950511066,-14.42678158605865,    -6.547957417709217
0.1260685249999938,-9.092568017331823,-9.038073472919553,-9.340859321635611,     -7.714892979760027,-14.43083759444495,    -6.549481690574909
 0.129582288999984,-9.092408899731085, -9.04570789792897,-9.345433297552868,     -7.716962975754881,-14.43473825042729,    -6.551032473243388
0.1273864860000344, -9.09230567114388,-9.052872286653363,-9.349784750962453,     -7.718932302235462,-14.43847145979873,     -6.55260960686782
0.1281778420000137,-9.092258842862154,-9.059500736064841,-9.353896957155607,     -7.720797541733546,-14.44202529503404,    -6.554212930224891
0.1272112280000215,-9.092268915779972,-9.065527448288362,-9.357753832381359,     -7.722555522998547,-14.44538811649326,    -6.555842280870186
0.1289411040000346,-9.092336377889934,-9.070888433068086,-9.361340173147697,     -7.724203350053058,-14.44854870058176,    -6.557497494026551
0.1263607980000074,-9.092461701439266,-9.075523394966066, -9.36464189445196,     -7.725738421942233,-14.45149636805306,    -6.559178401922739
  0.12731482800001,-9.092645341859445,-9.079377716023879,-9.367646257691396,     -7.727158460899783,-14.45422111652048,    -6.560884835222097
0.1277703459999771,-9.092887736212294,-9.082404440546751,-9.370342082901542,     -7.728461528971357,-14.45671374846476,    -6.562616619751485
0.1289471939999771,-9.093189300274714,-9.084566112286881,-9.372719926724171,     -7.729646045631982,-14.45896599307586,    -6.564373579055376
 0.126863678999996,-9.093550431522363, -9.08583628809318,-9.374772237728196,     -7.730710803246982,-14.46097061991869,    -6.566155530765217
0.1287094669999647,-9.093971504959473,-9.086200700572288,-9.376493464788371,     -7.731654972545276,-14.46272154164399,    -6.567962289409444
0.1287966649999817,-9.094452876901938,-9.085657834145787,-9.377880128347989,     -7.732478115482502,-14.46421389929097,    -6.569793662059361
0.1278100130000439, -9.09499488409298,-9.084219006589151,-9.378930837266561,     -7.733180180596269,-14.46544413327284,    -6.571649450857851
0.1270605280000154,-9.095597845685678,-9.081907822180986,-9.379646270773488,     -7.733761507033249,-14.46641003245976,    -6.573529450500873
 0.128518358000008,-9.096262063777846,-9.078759141109556,-9.380029101968836,     -7.734222816119755,-14.46711076410561,    -6.575433448130814
 0.128158835000022,-9.096987825990414,-9.074817583659112,-9.380083891387091,     -7.734565202779985,-14.46754688115937,    -6.577361221891326
0.1283787890000099,-9.097775408877551,-9.070135755160683,-9.379816943601943,     -7.734790124764293,-14.46772030847397,    -6.579312540996114
0.1285872610000069, -9.09862507844359,-9.064772322622456,-9.379236124972785,     -7.734899386060993,-14.46763431050566,    -6.581287164392463
0.1282049040000288,-9.099537093482652,-9.058790007992759,-9.378350678884953,     -7.734895120016771,-14.46729343508974,    -6.583284839640401
0.1276349549999622,-9.100511709447975,-9.052253721466299,-9.377170993029244,     -7.734779765778256,-14.46670344129759,      -6.5853053032341
0.1274958270000184,-9.101549178400809,-9.045228835056713,-9.375708411784842,     -7.734556050441716,-14.46587121362396,    -6.587348277667814
0.1293687780000141,-9.102649753635697, -9.03777971596525,-9.373975001051866,     -7.734226962039294,-14.46480466173389,    -6.589413473589455
0.1320166419999964,-9.103813693186936,-9.029968525083056,-9.371983358397173,     -7.733795728005351,-14.46351260992412,     -6.59150058567064
0.1267958470000394,-9.105041257670278,-9.021854322172357, -9.36974640823507,     -7.733265785684131,-14.46200468276267,    -6.593609294923145
 0.130986025000027,-9.106332717624639,-9.013492368553306,-9.367277240977211,     -7.732640761258931,-14.46029118214167,    -6.595739266159385
0.1272318079999764,-9.107688350899137,-9.004933751056715,-9.364588961856557,     -7.731924441932333,-14.45838297031736,    -6.597890147754058
0.1312845009999819,-9.109108446087872,-8.996225147641383,-9.361694560777233,     -7.731120753083927,-14.45629134658063,    -6.600061571485365
 0.128075583999987,-9.110593304442602, -8.98740878684395,-9.358606817476138,     -7.730233732024928,-14.45402793358745,    -6.602253151761038
0.1277736019999907,-9.112143236435069,-8.978522547005429,-9.355338218274388,     -7.729267509089073, -14.4516045709921,    -6.604464485257079
0.1284389549999787,-9.113758564767371,-8.969600106506793,-9.351900904250297,      -7.72822628338913,-14.44903320844474,    -6.606695150590265
0.1278858080000305,-9.115439624857315,-8.960671204110763, -9.34830663383257,     -7.727114301995496,-14.44632581320471,    -6.608944707771414
0.1285882729999912,-9.117186760611894, -8.95176193019444,-9.344566780140299,     -7.725935847260006,-14.44349429107706,    -6.611212699327304
0.1286632069999882, -9.11900032749624,-8.942895025186337,-9.340692306736885,     -7.724695211449125,-14.44055040214885,    -6.613498648069251
0.1280635510000252,-9.120880685148986,-8.934090203573563,-9.336693796237082,     -7.723396688159275,-14.43750570663613,    -6.615802059422237
0.1288562790000469,-9.122828198445443,-8.925364440381214,-9.332581467732902,     -7.722044556726424,-14.43437150058007,    -6.618122419371766
0.1276230610000084,-9.124843237302908,-8.916732283586557,-9.328365197764473,     -7.720643066369933,-14.43115877225587,    -6.620459196728859
0.1273896620000414,-9.126926169530398,-8.908206138290803,-9.324054548263014,     -7.719196431544523,-14.42787816767223,    -6.622811841693975
0.1288991929999952,-9.129077359112506, -8.89979650930699,-9.319658806161895,     -7.717708815688269,-14.42453995591864,    -6.625179787568893
0.1293435780000323,-9.131297165860733,-8.891512236945758,-9.315187008038492,     -7.716184326912868,-14.42115400813689,    -6.627562449507716
 0.127010069999983,-9.133585936984456,-8.883360719586967,-9.310647957444125,     -7.714627010348817,  -14.417729784676,    -6.629959227027661
0.1258569270000294,-9.135944007763738, -8.87534808270366,-9.306050266209304,     -7.713040837798223,-14.41427631685445,     -6.63236950271583
0.1267603489999942,-9.138371695093069,-8.867479359697644,-9.301402353453234,     -7.711429706527741,-14.41080220972496,    -6.634792644056715
0.1265283320000208,-9.140869297314987,-8.859758627811649,-9.296712468851842,     -7.709797431034111,-14.40731563268288,    -6.637228002905425
0.1289156240000011,-9.143437086520851,-8.852189145170476,-9.291988693998613,     -7.708147740383319, -14.4038243280731,    -6.639674917322015
 0.125604740999961,-9.146075310069868, -8.84477345039749,-9.287238945511977,     -7.706484273251987, -14.4003356104649,    -6.642132711311449
0.1267027970000072,-9.148784182282121,-8.837513466831473,-9.282470976331483,     -7.704810576097449,-14.39685637884931,    -6.644600696044771
0.1268655520000266,-9.151563886735529,-8.830410576249941,-9.277692354980838,     -7.703130096901347,-14.39339311922233,    -6.647078169463693
0.1271671929999911,-9.154414570332701,-8.823465697271853,-9.272910462000583,     -7.701446185855307,-14.38995192199575,    -6.649564419360678
0.1281848540000396,-9.157336341662075,-8.816679339367754,-9.268132472526119,     -7.699762091792221, -14.3865384882738,    -6.652058720587674
0.1281002119999926,-9.160329269679648, -8.81005165490761,-9.263365339415406,      -7.69808095883119, -14.3831581448681,    -6.654560339213361
0.1296914690000222, -9.16339338013095,-8.803582483873006,-9.258615773629934,     -7.696405827895171,-14.37981585751469,    -6.657068530454259
0.1290745599999923,-9.166528657754405,-8.797271388489515,-9.253890224880738,     -7.694739631817548, -14.3765162428013,    -6.659582540865799
0.1279622060000065,-9.169735040371593,-8.791117691395078,-9.249194861398438,     -7.693085196725838,-14.37326358352306,    -6.662101608430198
0.1282095120000122,-9.173012421406098,-8.785120494640024,-9.244535553563464,     -7.691445239600879,-14.37006184115305,    -6.664624963621607
0.1283301249999909,-9.176360647781763, -8.77927871051009,-9.239917851474383,     -7.689822369993906,-14.36691467211299,    -6.667151828430725
0.1264810909999596,-9.179779519943018, -8.77359107720034,-9.235346986380804,     -7.688219086603494,-14.36382543944317,    -6.669681419337994
 0.127871650999964,-9.183268790292049,-8.768056182658956,-9.230827841011644,     -7.686637782339372,-14.36079722932749,    -6.672212946394389
0.1289415539999936, -9.18682816410708,-8.762672476652323, -9.22636495242976,      -7.68508073975927,-14.35783286303058,    -6.674745613524733
0.1285351500000047,-9.190457298119801,-8.757438288825369,-9.221962507420622,     -7.683550137209834,-14.35493491221754,    -6.677278619710946
0.1272958210000183,-9.194155799863822,-8.752351842694093,-9.217624326974823,     -7.682048046181365,-14.35210571353112,    -6.679811159763741
0.1275581670000179, -9.19792322852912,-8.747411266340903,-9.213353886819442,     -7.680576435757834,-14.34934738033741,    -6.682342423940185
0.1251244250000241,-9.201759092505856,-8.742614610165813, -9.20915430651428,     -7.679137174297217,-14.34666181835239,    -6.684871599743124
0.1261085219999813,-9.205662847586678,-8.737959855897206,-9.205028363006445,      -7.67773203124726,-14.34405073897048,    -6.687397870414101
0.1297808209999971, -9.20963389692522, -8.73344492677335,-9.200978500773635,     -7.676362682615891,-14.34151567247944,    -6.689920418743833
0.1273953219999839,-9.213671589341333,-8.729067703621572,-9.197006842391257,      -7.67503071074908,-14.33905797930555,    -6.692438422590479
0.1266957029999958,-9.217775214859602,-8.724826034768112,-9.193115208159099,     -7.673737609270399,-14.33667886547859,     -6.69495106186975
0.1264124069999752,-9.221944000540724,-8.720717745484993,-9.189305129710515,     -7.672484790765337,-14.33437939754088,    -6.697457513553188
0.1276873049999949,-9.226177110857543,-8.716740649037726,-9.185577868109558,     -7.671273584495421,-14.33216050695783,    -6.699956954721378
0.1286356630000114,-9.230473639441509,-8.712892559510617,-9.181934435298029,     -7.670105244083636,   -14.33002301008,    -6.702448563950599
0.1275982530000306,-9.234832601900433,-8.709171300388336,-9.178375612548502,     -7.668980954081847,-14.32796761874186,    -6.704931519336578
0.1285354799999823, -9.23925293678678,-8.705574711293169,-9.174901974637514,     -7.667901828164651,-14.32599494391967,    -6.707405001077108
0.1270314099999723,-9.243733488991726,-8.702100663343408,-9.171513905869148,     -7.666868920380762,-14.32410551844892,    -6.709868192418645
0.1272463739999807,-9.248273010976867,-8.698747060235389,-9.168211630679441,     -7.665883223834964,-14.32229979474047,    -6.712320277207424
0.1283312470000055, -9.25287014734297,-8.695511852361895,-9.164995223445445,     -7.664945679657149,-14.32057816570468,    -6.714760444794327
0.1278120759999979,-9.257523429609781,-8.692393039899693,-9.161864633958453,     -7.664057175726679,-14.31894096377818,    -6.717187887975325
0.1277187949999643,-9.262231262257046,-8.689388680316632,-9.158819701324544,     -7.663218555358947,-14.31738847589883,    -6.719601802453735
0.1239266849999581,-9.266991916587038,-8.686496891714604,-9.155860182082202,     -7.662430618777242,-14.31592094879601,    -6.722001391107441
0.1265392110000221,-9.271803512438213,-8.683715860711619,-9.152985749970144,     -7.661694126141886,-14.31453859615237,    -6.724385860376651
0.1253843650000022,-9.276664014811612,-8.681043841063826,-9.150196022432961,      -7.66100980010516,-14.31324160183498,    -6.726754424080244
0.1268810599999597,-9.281571212688227,-8.678479161580199,-9.147490564249612,     -7.660378329345793,-14.31203013108381,    -6.729106300831736
0.1291119709999862,-9.286522711852482,-8.676020222185022,-9.144868908435837,     -7.659800370055849,-14.31090432960655,    -6.731440717559673
