ITER,  avg_p_inlet_scaled,  avg_temp_outlet_scaled
1,  1.0,  1.0
2,  0.9999998335966918,  1.000000008565342
3,  0.9999994238036288,  1.000000038357618
4,  0.9999991669506555,  1.000000066609515
5,  0.9999994018272405,  1.00000005292336
6,  0.9999998197149685,  1.00000001532536
